"metric","target","month_d","mean","var","midas","size","split","conf25","conf10","mcs"
"CRPS","GDPC1","5/3","BLR","hom","blu","s","full",0,0,0
"CRPS","GDPC1","5/3","BLR","hom","blu","b","full",0,0,0
"CRPS","GDPC1","5/3","BLR","hom","blu","f","full",0,1,1
"CRPS","GDPC1","5/3","BLR","hom","svd","s","full",0,1,1
"CRPS","GDPC1","5/3","BLR","hom","svd","b","full",0,0,0
"CRPS","GDPC1","5/3","BLR","hom","svd","f","full",0,1,1
"CRPS","GDPC1","5/3","BLR","hom","br","s","full",1,1,2
"CRPS","GDPC1","5/3","BLR","hom","br","b","full",0,0,0
"CRPS","GDPC1","5/3","BLR","hom","br","f","full",0,0,0
"CRPS","GDPC1","5/3","BLR","hom","eq","s","full",0,0,0
"CRPS","GDPC1","5/3","BLR","hom","eq","b","full",0,0,0
"CRPS","GDPC1","5/3","BLR","hom","eq","f","full",0,1,1
"CRPS","GDPC1","5/3","BLR","hom","xalm","s","full",1,1,2
"CRPS","GDPC1","5/3","BLR","hom","xalm","b","full",0,0,0
"CRPS","GDPC1","5/3","BLR","hom","xalm","f","full",1,1,2
"CRPS","GDPC1","5/3","BLR","hom","alm3","s","full",0,0,0
"CRPS","GDPC1","5/3","BLR","hom","alm3","b","full",0,0,0
"CRPS","GDPC1","5/3","BLR","hom","alm3","f","full",0,0,0
"CRPS","GDPC1","5/3","BLR","hom","leg3","s","full",1,1,2
"CRPS","GDPC1","5/3","BLR","hom","leg3","b","full",0,0,0
"CRPS","GDPC1","5/3","BLR","hom","leg3","f","full",0,0,0
"CRPS","GDPC1","5/3","BLR","hom","leg5","s","full",1,1,2
"CRPS","GDPC1","5/3","BLR","hom","leg5","b","full",0,0,0
"CRPS","GDPC1","5/3","BLR","hom","leg5","f","full",0,0,0
"CRPS","GDPC1","5/3","BLR","hom","ber3","s","full",1,1,2
"CRPS","GDPC1","5/3","BLR","hom","ber3","b","full",0,0,0
"CRPS","GDPC1","5/3","BLR","hom","ber3","f","full",0,1,1
"CRPS","GDPC1","5/3","BLR","hom","ber5","s","full",1,1,2
"CRPS","GDPC1","5/3","BLR","hom","ber5","b","full",0,0,0
"CRPS","GDPC1","5/3","BLR","hom","ber5","f","full",0,0,0
"CRPS","GDPC1","5/3","BLR","hom","fou3","s","full",0,1,1
"CRPS","GDPC1","5/3","BLR","hom","fou3","b","full",0,0,0
"CRPS","GDPC1","5/3","BLR","hom","fou3","f","full",0,0,0
"CRPS","GDPC1","5/3","BART","hom","blu","s","full",0,1,1
"CRPS","GDPC1","5/3","BART","hom","blu","b","full",0,0,0
"CRPS","GDPC1","5/3","BART","hom","blu","f","full",1,1,2
"CRPS","GDPC1","5/3","BART","hom","svd","s","full",0,0,0
"CRPS","GDPC1","5/3","BART","hom","svd","b","full",0,0,0
"CRPS","GDPC1","5/3","BART","hom","svd","f","full",1,1,2
"CRPS","GDPC1","5/3","BART","hom","br","s","full",0,0,0
"CRPS","GDPC1","5/3","BART","hom","br","b","full",0,0,0
"CRPS","GDPC1","5/3","BART","hom","br","f","full",0,0,0
"CRPS","GDPC1","5/3","BART","hom","eq","s","full",0,1,1
"CRPS","GDPC1","5/3","BART","hom","eq","b","full",1,1,2
"CRPS","GDPC1","5/3","BART","hom","eq","f","full",0,0,0
"CRPS","GDPC1","5/3","BART","hom","xalm","s","full",1,1,2
"CRPS","GDPC1","5/3","BART","hom","xalm","b","full",0,0,0
"CRPS","GDPC1","5/3","BART","hom","xalm","f","full",1,1,2
"CRPS","GDPC1","5/3","BART","hom","alm3","s","full",0,1,1
"CRPS","GDPC1","5/3","BART","hom","alm3","b","full",0,1,1
"CRPS","GDPC1","5/3","BART","hom","alm3","f","full",0,0,0
"CRPS","GDPC1","5/3","BART","hom","leg3","s","full",1,1,2
"CRPS","GDPC1","5/3","BART","hom","leg3","b","full",1,1,2
"CRPS","GDPC1","5/3","BART","hom","leg3","f","full",0,0,0
"CRPS","GDPC1","5/3","BART","hom","leg5","s","full",1,1,2
"CRPS","GDPC1","5/3","BART","hom","leg5","b","full",0,1,1
"CRPS","GDPC1","5/3","BART","hom","leg5","f","full",0,0,0
"CRPS","GDPC1","5/3","BART","hom","ber3","s","full",0,0,0
"CRPS","GDPC1","5/3","BART","hom","ber3","b","full",0,0,0
"CRPS","GDPC1","5/3","BART","hom","ber3","f","full",0,0,0
"CRPS","GDPC1","5/3","BART","hom","ber5","s","full",0,0,0
"CRPS","GDPC1","5/3","BART","hom","ber5","b","full",0,0,0
"CRPS","GDPC1","5/3","BART","hom","ber5","f","full",0,0,0
"CRPS","GDPC1","5/3","BART","hom","fou3","s","full",0,0,0
"CRPS","GDPC1","5/3","BART","hom","fou3","b","full",1,1,2
"CRPS","GDPC1","5/3","BART","hom","fou3","f","full",0,1,1
"CRPS","GDPC1","5/3","GP","hom","blu","s","full",1,1,2
"CRPS","GDPC1","5/3","GP","hom","blu","b","full",1,1,2
"CRPS","GDPC1","5/3","GP","hom","blu","f","full",1,1,2
"CRPS","GDPC1","5/3","GP","hom","svd","s","full",0,0,0
"CRPS","GDPC1","5/3","GP","hom","svd","b","full",0,0,0
"CRPS","GDPC1","5/3","GP","hom","svd","f","full",0,0,0
"CRPS","GDPC1","5/3","GP","hom","br","s","full",1,1,2
"CRPS","GDPC1","5/3","GP","hom","br","b","full",1,1,2
"CRPS","GDPC1","5/3","GP","hom","br","f","full",1,1,2
"CRPS","GDPC1","5/3","GP","hom","eq","s","full",1,1,2
"CRPS","GDPC1","5/3","GP","hom","eq","b","full",1,1,2
"CRPS","GDPC1","5/3","GP","hom","eq","f","full",0,0,0
"CRPS","GDPC1","5/3","GP","hom","xalm","s","full",0,1,1
"CRPS","GDPC1","5/3","GP","hom","xalm","b","full",1,1,2
"CRPS","GDPC1","5/3","GP","hom","xalm","f","full",0,0,0
"CRPS","GDPC1","5/3","GP","hom","alm3","s","full",1,1,2
"CRPS","GDPC1","5/3","GP","hom","alm3","b","full",1,1,2
"CRPS","GDPC1","5/3","GP","hom","alm3","f","full",0,1,1
"CRPS","GDPC1","5/3","GP","hom","leg3","s","full",1,1,2
"CRPS","GDPC1","5/3","GP","hom","leg3","b","full",0,1,1
"CRPS","GDPC1","5/3","GP","hom","leg3","f","full",1,1,2
"CRPS","GDPC1","5/3","GP","hom","leg5","s","full",0,0,0
"CRPS","GDPC1","5/3","GP","hom","leg5","b","full",0,0,0
"CRPS","GDPC1","5/3","GP","hom","leg5","f","full",1,1,2
"CRPS","GDPC1","5/3","GP","hom","ber3","s","full",1,1,2
"CRPS","GDPC1","5/3","GP","hom","ber3","b","full",1,1,2
"CRPS","GDPC1","5/3","GP","hom","ber3","f","full",1,1,2
"CRPS","GDPC1","5/3","GP","hom","ber5","s","full",1,1,2
"CRPS","GDPC1","5/3","GP","hom","ber5","b","full",1,1,2
"CRPS","GDPC1","5/3","GP","hom","ber5","f","full",1,1,2
"CRPS","GDPC1","5/3","GP","hom","fou3","s","full",1,1,2
"CRPS","GDPC1","5/3","GP","hom","fou3","b","full",1,1,2
"CRPS","GDPC1","5/3","GP","hom","fou3","f","full",1,1,2
"CRPS","GDPC1","5/3","BLR","sv","blu","s","full",0,0,0
"CRPS","GDPC1","5/3","BLR","sv","blu","b","full",0,0,0
"CRPS","GDPC1","5/3","BLR","sv","blu","f","full",0,1,1
"CRPS","GDPC1","5/3","BLR","sv","svd","s","full",0,0,0
"CRPS","GDPC1","5/3","BLR","sv","svd","b","full",0,0,0
"CRPS","GDPC1","5/3","BLR","sv","svd","f","full",0,0,0
"CRPS","GDPC1","5/3","BLR","sv","br","s","full",1,1,2
"CRPS","GDPC1","5/3","BLR","sv","br","b","full",0,0,0
"CRPS","GDPC1","5/3","BLR","sv","br","f","full",1,1,2
"CRPS","GDPC1","5/3","BLR","sv","eq","s","full",1,1,2
"CRPS","GDPC1","5/3","BLR","sv","eq","b","full",1,1,2
"CRPS","GDPC1","5/3","BLR","sv","eq","f","full",0,1,1
"CRPS","GDPC1","5/3","BLR","sv","xalm","s","full",1,1,2
"CRPS","GDPC1","5/3","BLR","sv","xalm","b","full",1,1,2
"CRPS","GDPC1","5/3","BLR","sv","xalm","f","full",1,1,2
"CRPS","GDPC1","5/3","BLR","sv","alm3","s","full",1,1,2
"CRPS","GDPC1","5/3","BLR","sv","alm3","b","full",0,0,0
"CRPS","GDPC1","5/3","BLR","sv","alm3","f","full",0,1,1
"CRPS","GDPC1","5/3","BLR","sv","leg3","s","full",0,1,1
"CRPS","GDPC1","5/3","BLR","sv","leg3","b","full",0,0,0
"CRPS","GDPC1","5/3","BLR","sv","leg3","f","full",0,0,0
"CRPS","GDPC1","5/3","BLR","sv","leg5","s","full",0,1,1
"CRPS","GDPC1","5/3","BLR","sv","leg5","b","full",0,0,0
"CRPS","GDPC1","5/3","BLR","sv","leg5","f","full",0,0,0
"CRPS","GDPC1","5/3","BLR","sv","ber3","s","full",0,1,1
"CRPS","GDPC1","5/3","BLR","sv","ber3","b","full",0,0,0
"CRPS","GDPC1","5/3","BLR","sv","ber3","f","full",1,1,2
"CRPS","GDPC1","5/3","BLR","sv","ber5","s","full",0,0,0
"CRPS","GDPC1","5/3","BLR","sv","ber5","b","full",0,0,0
"CRPS","GDPC1","5/3","BLR","sv","ber5","f","full",0,1,1
"CRPS","GDPC1","5/3","BLR","sv","fou3","s","full",1,1,2
"CRPS","GDPC1","5/3","BLR","sv","fou3","b","full",0,0,0
"CRPS","GDPC1","5/3","BLR","sv","fou3","f","full",1,1,2
"CRPS","GDPC1","5/3","BART","sv","blu","s","full",0,1,1
"CRPS","GDPC1","5/3","BART","sv","blu","b","full",1,1,2
"CRPS","GDPC1","5/3","BART","sv","blu","f","full",1,1,2
"CRPS","GDPC1","5/3","BART","sv","svd","s","full",0,0,0
"CRPS","GDPC1","5/3","BART","sv","svd","b","full",0,0,0
"CRPS","GDPC1","5/3","BART","sv","svd","f","full",1,1,2
"CRPS","GDPC1","5/3","BART","sv","br","s","full",0,0,0
"CRPS","GDPC1","5/3","BART","sv","br","b","full",0,1,1
"CRPS","GDPC1","5/3","BART","sv","br","f","full",1,1,2
"CRPS","GDPC1","5/3","BART","sv","eq","s","full",1,1,2
"CRPS","GDPC1","5/3","BART","sv","eq","b","full",1,1,2
"CRPS","GDPC1","5/3","BART","sv","eq","f","full",0,0,0
"CRPS","GDPC1","5/3","BART","sv","xalm","s","full",0,1,1
"CRPS","GDPC1","5/3","BART","sv","xalm","b","full",1,1,2
"CRPS","GDPC1","5/3","BART","sv","xalm","f","full",1,1,2
"CRPS","GDPC1","5/3","BART","sv","alm3","s","full",1,1,2
"CRPS","GDPC1","5/3","BART","sv","alm3","b","full",1,1,2
"CRPS","GDPC1","5/3","BART","sv","alm3","f","full",0,0,0
"CRPS","GDPC1","5/3","BART","sv","leg3","s","full",1,1,2
"CRPS","GDPC1","5/3","BART","sv","leg3","b","full",1,1,2
"CRPS","GDPC1","5/3","BART","sv","leg3","f","full",0,0,0
"CRPS","GDPC1","5/3","BART","sv","leg5","s","full",1,1,2
"CRPS","GDPC1","5/3","BART","sv","leg5","b","full",1,1,2
"CRPS","GDPC1","5/3","BART","sv","leg5","f","full",0,1,1
"CRPS","GDPC1","5/3","BART","sv","ber3","s","full",1,1,2
"CRPS","GDPC1","5/3","BART","sv","ber3","b","full",1,1,2
"CRPS","GDPC1","5/3","BART","sv","ber3","f","full",1,1,2
"CRPS","GDPC1","5/3","BART","sv","ber5","s","full",1,1,2
"CRPS","GDPC1","5/3","BART","sv","ber5","b","full",1,1,2
"CRPS","GDPC1","5/3","BART","sv","ber5","f","full",1,1,2
"CRPS","GDPC1","5/3","BART","sv","fou3","s","full",1,1,2
"CRPS","GDPC1","5/3","BART","sv","fou3","b","full",1,1,2
"CRPS","GDPC1","5/3","BART","sv","fou3","f","full",0,1,1
"CRPS","GDPC1","5/3","GP","sv","blu","s","full",1,1,2
"CRPS","GDPC1","5/3","GP","sv","blu","b","full",1,1,2
"CRPS","GDPC1","5/3","GP","sv","blu","f","full",1,1,2
"CRPS","GDPC1","5/3","GP","sv","svd","s","full",1,1,2
"CRPS","GDPC1","5/3","GP","sv","svd","b","full",0,1,1
"CRPS","GDPC1","5/3","GP","sv","svd","f","full",1,1,2
"CRPS","GDPC1","5/3","GP","sv","br","s","full",1,1,2
"CRPS","GDPC1","5/3","GP","sv","br","b","full",1,1,2
"CRPS","GDPC1","5/3","GP","sv","br","f","full",1,1,2
"CRPS","GDPC1","5/3","GP","sv","eq","s","full",1,1,2
"CRPS","GDPC1","5/3","GP","sv","eq","b","full",1,1,2
"CRPS","GDPC1","5/3","GP","sv","eq","f","full",1,1,2
"CRPS","GDPC1","5/3","GP","sv","xalm","s","full",1,1,2
"CRPS","GDPC1","5/3","GP","sv","xalm","b","full",1,1,2
"CRPS","GDPC1","5/3","GP","sv","xalm","f","full",1,1,2
"CRPS","GDPC1","5/3","GP","sv","alm3","s","full",1,1,2
"CRPS","GDPC1","5/3","GP","sv","alm3","b","full",1,1,2
"CRPS","GDPC1","5/3","GP","sv","alm3","f","full",1,1,2
"CRPS","GDPC1","5/3","GP","sv","leg3","s","full",1,1,2
"CRPS","GDPC1","5/3","GP","sv","leg3","b","full",1,1,2
"CRPS","GDPC1","5/3","GP","sv","leg3","f","full",1,1,2
"CRPS","GDPC1","5/3","GP","sv","leg5","s","full",1,1,2
"CRPS","GDPC1","5/3","GP","sv","leg5","b","full",1,1,2
"CRPS","GDPC1","5/3","GP","sv","leg5","f","full",0,0,0
"CRPS","GDPC1","5/3","GP","sv","ber3","s","full",1,1,2
"CRPS","GDPC1","5/3","GP","sv","ber3","b","full",1,1,2
"CRPS","GDPC1","5/3","GP","sv","ber3","f","full",1,1,2
"CRPS","GDPC1","5/3","GP","sv","ber5","s","full",1,1,2
"CRPS","GDPC1","5/3","GP","sv","ber5","b","full",1,1,2
"CRPS","GDPC1","5/3","GP","sv","ber5","f","full",1,1,2
"CRPS","GDPC1","5/3","GP","sv","fou3","s","full",1,1,2
"CRPS","GDPC1","5/3","GP","sv","fou3","b","full",1,1,2
"CRPS","GDPC1","5/3","GP","sv","fou3","f","full",1,1,2
"CRPS","GDPC1","5/3","MFVAR","hom","blu","s","full",1,1,2
"CRPS","GDPC1","5/3","MFVAR","hom","blu","f","full",1,1,2
"CRPS","GDPC1","5/3","MFVAR","sv","blu","s","full",0,1,1
"CRPS","GDPC1","5/3","MFVAR","sv","blu","f","full",1,1,2
"CRPS","GDPCTPI","5/3","BLR","hom","blu","s","full",0,0,0
"CRPS","GDPCTPI","5/3","BLR","hom","blu","b","full",0,0,0
"CRPS","GDPCTPI","5/3","BLR","hom","blu","f","full",0,0,0
"CRPS","GDPCTPI","5/3","BLR","hom","svd","s","full",0,0,0
"CRPS","GDPCTPI","5/3","BLR","hom","svd","b","full",0,0,0
"CRPS","GDPCTPI","5/3","BLR","hom","svd","f","full",0,1,1
"CRPS","GDPCTPI","5/3","BLR","hom","br","s","full",0,0,0
"CRPS","GDPCTPI","5/3","BLR","hom","br","b","full",0,0,0
"CRPS","GDPCTPI","5/3","BLR","hom","br","f","full",0,0,0
"CRPS","GDPCTPI","5/3","BLR","hom","eq","s","full",1,1,2
"CRPS","GDPCTPI","5/3","BLR","hom","eq","b","full",0,0,0
"CRPS","GDPCTPI","5/3","BLR","hom","eq","f","full",0,0,0
"CRPS","GDPCTPI","5/3","BLR","hom","xalm","s","full",0,1,1
"CRPS","GDPCTPI","5/3","BLR","hom","xalm","b","full",0,0,0
"CRPS","GDPCTPI","5/3","BLR","hom","xalm","f","full",0,0,0
"CRPS","GDPCTPI","5/3","BLR","hom","alm3","s","full",0,0,0
"CRPS","GDPCTPI","5/3","BLR","hom","alm3","b","full",0,0,0
"CRPS","GDPCTPI","5/3","BLR","hom","alm3","f","full",0,0,0
"CRPS","GDPCTPI","5/3","BLR","hom","leg3","s","full",0,0,0
"CRPS","GDPCTPI","5/3","BLR","hom","leg3","b","full",0,0,0
"CRPS","GDPCTPI","5/3","BLR","hom","leg3","f","full",0,0,0
"CRPS","GDPCTPI","5/3","BLR","hom","leg5","s","full",0,0,0
"CRPS","GDPCTPI","5/3","BLR","hom","leg5","b","full",0,0,0
"CRPS","GDPCTPI","5/3","BLR","hom","leg5","f","full",0,0,0
"CRPS","GDPCTPI","5/3","BLR","hom","ber3","s","full",0,1,1
"CRPS","GDPCTPI","5/3","BLR","hom","ber3","b","full",0,0,0
"CRPS","GDPCTPI","5/3","BLR","hom","ber3","f","full",0,0,0
"CRPS","GDPCTPI","5/3","BLR","hom","ber5","s","full",0,0,0
"CRPS","GDPCTPI","5/3","BLR","hom","ber5","b","full",0,0,0
"CRPS","GDPCTPI","5/3","BLR","hom","ber5","f","full",0,0,0
"CRPS","GDPCTPI","5/3","BLR","hom","fou3","s","full",0,0,0
"CRPS","GDPCTPI","5/3","BLR","hom","fou3","b","full",0,0,0
"CRPS","GDPCTPI","5/3","BLR","hom","fou3","f","full",0,0,0
"CRPS","GDPCTPI","5/3","BART","hom","blu","s","full",0,1,1
"CRPS","GDPCTPI","5/3","BART","hom","blu","b","full",0,1,1
"CRPS","GDPCTPI","5/3","BART","hom","blu","f","full",0,0,0
"CRPS","GDPCTPI","5/3","BART","hom","svd","s","full",0,1,1
"CRPS","GDPCTPI","5/3","BART","hom","svd","b","full",1,1,2
"CRPS","GDPCTPI","5/3","BART","hom","svd","f","full",0,1,1
"CRPS","GDPCTPI","5/3","BART","hom","br","s","full",0,1,1
"CRPS","GDPCTPI","5/3","BART","hom","br","b","full",0,0,0
"CRPS","GDPCTPI","5/3","BART","hom","br","f","full",0,0,0
"CRPS","GDPCTPI","5/3","BART","hom","eq","s","full",1,1,2
"CRPS","GDPCTPI","5/3","BART","hom","eq","b","full",0,0,0
"CRPS","GDPCTPI","5/3","BART","hom","eq","f","full",1,1,2
"CRPS","GDPCTPI","5/3","BART","hom","xalm","s","full",0,1,1
"CRPS","GDPCTPI","5/3","BART","hom","xalm","b","full",0,0,0
"CRPS","GDPCTPI","5/3","BART","hom","xalm","f","full",0,1,1
"CRPS","GDPCTPI","5/3","BART","hom","alm3","s","full",0,1,1
"CRPS","GDPCTPI","5/3","BART","hom","alm3","b","full",0,0,0
"CRPS","GDPCTPI","5/3","BART","hom","alm3","f","full",0,0,0
"CRPS","GDPCTPI","5/3","BART","hom","leg3","s","full",0,1,1
"CRPS","GDPCTPI","5/3","BART","hom","leg3","b","full",0,1,1
"CRPS","GDPCTPI","5/3","BART","hom","leg3","f","full",0,0,0
"CRPS","GDPCTPI","5/3","BART","hom","leg5","s","full",0,1,1
"CRPS","GDPCTPI","5/3","BART","hom","leg5","b","full",0,1,1
"CRPS","GDPCTPI","5/3","BART","hom","leg5","f","full",0,0,0
"CRPS","GDPCTPI","5/3","BART","hom","ber3","s","full",0,0,0
"CRPS","GDPCTPI","5/3","BART","hom","ber3","b","full",0,0,0
"CRPS","GDPCTPI","5/3","BART","hom","ber3","f","full",0,0,0
"CRPS","GDPCTPI","5/3","BART","hom","ber5","s","full",0,0,0
"CRPS","GDPCTPI","5/3","BART","hom","ber5","b","full",0,0,0
"CRPS","GDPCTPI","5/3","BART","hom","ber5","f","full",0,0,0
"CRPS","GDPCTPI","5/3","BART","hom","fou3","s","full",0,0,0
"CRPS","GDPCTPI","5/3","BART","hom","fou3","b","full",0,0,0
"CRPS","GDPCTPI","5/3","BART","hom","fou3","f","full",0,0,0
"CRPS","GDPCTPI","5/3","GP","hom","blu","s","full",0,0,0
"CRPS","GDPCTPI","5/3","GP","hom","blu","b","full",0,0,0
"CRPS","GDPCTPI","5/3","GP","hom","blu","f","full",0,0,0
"CRPS","GDPCTPI","5/3","GP","hom","svd","s","full",0,1,1
"CRPS","GDPCTPI","5/3","GP","hom","svd","b","full",1,1,2
"CRPS","GDPCTPI","5/3","GP","hom","svd","f","full",0,1,1
"CRPS","GDPCTPI","5/3","GP","hom","br","s","full",0,1,1
"CRPS","GDPCTPI","5/3","GP","hom","br","b","full",1,1,2
"CRPS","GDPCTPI","5/3","GP","hom","br","f","full",0,0,0
"CRPS","GDPCTPI","5/3","GP","hom","eq","s","full",0,1,1
"CRPS","GDPCTPI","5/3","GP","hom","eq","b","full",0,1,1
"CRPS","GDPCTPI","5/3","GP","hom","eq","f","full",0,1,1
"CRPS","GDPCTPI","5/3","GP","hom","xalm","s","full",1,1,2
"CRPS","GDPCTPI","5/3","GP","hom","xalm","b","full",1,1,2
"CRPS","GDPCTPI","5/3","GP","hom","xalm","f","full",0,1,1
"CRPS","GDPCTPI","5/3","GP","hom","alm3","s","full",0,0,0
"CRPS","GDPCTPI","5/3","GP","hom","alm3","b","full",0,0,0
"CRPS","GDPCTPI","5/3","GP","hom","alm3","f","full",0,0,0
"CRPS","GDPCTPI","5/3","GP","hom","leg3","s","full",0,0,0
"CRPS","GDPCTPI","5/3","GP","hom","leg3","b","full",0,1,1
"CRPS","GDPCTPI","5/3","GP","hom","leg3","f","full",0,0,0
"CRPS","GDPCTPI","5/3","GP","hom","leg5","s","full",0,0,0
"CRPS","GDPCTPI","5/3","GP","hom","leg5","b","full",0,0,0
"CRPS","GDPCTPI","5/3","GP","hom","leg5","f","full",0,0,0
"CRPS","GDPCTPI","5/3","GP","hom","ber3","s","full",0,0,0
"CRPS","GDPCTPI","5/3","GP","hom","ber3","b","full",1,1,2
"CRPS","GDPCTPI","5/3","GP","hom","ber3","f","full",0,0,0
"CRPS","GDPCTPI","5/3","GP","hom","ber5","s","full",0,0,0
"CRPS","GDPCTPI","5/3","GP","hom","ber5","b","full",1,1,2
"CRPS","GDPCTPI","5/3","GP","hom","ber5","f","full",0,0,0
"CRPS","GDPCTPI","5/3","GP","hom","fou3","s","full",0,0,0
"CRPS","GDPCTPI","5/3","GP","hom","fou3","b","full",0,0,0
"CRPS","GDPCTPI","5/3","GP","hom","fou3","f","full",0,0,0
"CRPS","GDPCTPI","5/3","BLR","sv","blu","s","full",1,1,2
"CRPS","GDPCTPI","5/3","BLR","sv","blu","b","full",0,0,0
"CRPS","GDPCTPI","5/3","BLR","sv","blu","f","full",1,1,2
"CRPS","GDPCTPI","5/3","BLR","sv","svd","s","full",1,1,2
"CRPS","GDPCTPI","5/3","BLR","sv","svd","b","full",1,1,2
"CRPS","GDPCTPI","5/3","BLR","sv","svd","f","full",1,1,2
"CRPS","GDPCTPI","5/3","BLR","sv","br","s","full",1,1,2
"CRPS","GDPCTPI","5/3","BLR","sv","br","b","full",1,1,2
"CRPS","GDPCTPI","5/3","BLR","sv","br","f","full",1,1,2
"CRPS","GDPCTPI","5/3","BLR","sv","eq","s","full",1,1,2
"CRPS","GDPCTPI","5/3","BLR","sv","eq","b","full",0,1,1
"CRPS","GDPCTPI","5/3","BLR","sv","eq","f","full",1,1,2
"CRPS","GDPCTPI","5/3","BLR","sv","xalm","s","full",1,1,2
"CRPS","GDPCTPI","5/3","BLR","sv","xalm","b","full",1,1,2
"CRPS","GDPCTPI","5/3","BLR","sv","xalm","f","full",1,1,2
"CRPS","GDPCTPI","5/3","BLR","sv","alm3","s","full",1,1,2
"CRPS","GDPCTPI","5/3","BLR","sv","alm3","b","full",0,0,0
"CRPS","GDPCTPI","5/3","BLR","sv","alm3","f","full",0,0,0
"CRPS","GDPCTPI","5/3","BLR","sv","leg3","s","full",1,1,2
"CRPS","GDPCTPI","5/3","BLR","sv","leg3","b","full",0,0,0
"CRPS","GDPCTPI","5/3","BLR","sv","leg3","f","full",0,1,1
"CRPS","GDPCTPI","5/3","BLR","sv","leg5","s","full",1,1,2
"CRPS","GDPCTPI","5/3","BLR","sv","leg5","b","full",0,0,0
"CRPS","GDPCTPI","5/3","BLR","sv","leg5","f","full",0,0,0
"CRPS","GDPCTPI","5/3","BLR","sv","ber3","s","full",1,1,2
"CRPS","GDPCTPI","5/3","BLR","sv","ber3","b","full",0,0,0
"CRPS","GDPCTPI","5/3","BLR","sv","ber3","f","full",1,1,2
"CRPS","GDPCTPI","5/3","BLR","sv","ber5","s","full",1,1,2
"CRPS","GDPCTPI","5/3","BLR","sv","ber5","b","full",0,0,0
"CRPS","GDPCTPI","5/3","BLR","sv","ber5","f","full",1,1,2
"CRPS","GDPCTPI","5/3","BLR","sv","fou3","s","full",1,1,2
"CRPS","GDPCTPI","5/3","BLR","sv","fou3","b","full",0,0,0
"CRPS","GDPCTPI","5/3","BLR","sv","fou3","f","full",0,1,1
"CRPS","GDPCTPI","5/3","BART","sv","blu","s","full",0,1,1
"CRPS","GDPCTPI","5/3","BART","sv","blu","b","full",0,0,0
"CRPS","GDPCTPI","5/3","BART","sv","blu","f","full",1,1,2
"CRPS","GDPCTPI","5/3","BART","sv","svd","s","full",1,1,2
"CRPS","GDPCTPI","5/3","BART","sv","svd","b","full",1,1,2
"CRPS","GDPCTPI","5/3","BART","sv","svd","f","full",0,1,1
"CRPS","GDPCTPI","5/3","BART","sv","br","s","full",1,1,2
"CRPS","GDPCTPI","5/3","BART","sv","br","b","full",0,0,0
"CRPS","GDPCTPI","5/3","BART","sv","br","f","full",0,1,1
"CRPS","GDPCTPI","5/3","BART","sv","eq","s","full",1,1,2
"CRPS","GDPCTPI","5/3","BART","sv","eq","b","full",0,0,0
"CRPS","GDPCTPI","5/3","BART","sv","eq","f","full",1,1,2
"CRPS","GDPCTPI","5/3","BART","sv","xalm","s","full",1,1,2
"CRPS","GDPCTPI","5/3","BART","sv","xalm","b","full",0,0,0
"CRPS","GDPCTPI","5/3","BART","sv","xalm","f","full",0,0,0
"CRPS","GDPCTPI","5/3","BART","sv","alm3","s","full",1,1,2
"CRPS","GDPCTPI","5/3","BART","sv","alm3","b","full",0,0,0
"CRPS","GDPCTPI","5/3","BART","sv","alm3","f","full",0,0,0
"CRPS","GDPCTPI","5/3","BART","sv","leg3","s","full",1,1,2
"CRPS","GDPCTPI","5/3","BART","sv","leg3","b","full",0,1,1
"CRPS","GDPCTPI","5/3","BART","sv","leg3","f","full",0,0,0
"CRPS","GDPCTPI","5/3","BART","sv","leg5","s","full",0,0,0
"CRPS","GDPCTPI","5/3","BART","sv","leg5","b","full",0,0,0
"CRPS","GDPCTPI","5/3","BART","sv","leg5","f","full",0,1,1
"CRPS","GDPCTPI","5/3","BART","sv","ber3","s","full",0,0,0
"CRPS","GDPCTPI","5/3","BART","sv","ber3","b","full",0,0,0
"CRPS","GDPCTPI","5/3","BART","sv","ber3","f","full",0,1,1
"CRPS","GDPCTPI","5/3","BART","sv","ber5","s","full",0,0,0
"CRPS","GDPCTPI","5/3","BART","sv","ber5","b","full",0,0,0
"CRPS","GDPCTPI","5/3","BART","sv","ber5","f","full",0,1,1
"CRPS","GDPCTPI","5/3","BART","sv","fou3","s","full",0,0,0
"CRPS","GDPCTPI","5/3","BART","sv","fou3","b","full",0,0,0
"CRPS","GDPCTPI","5/3","BART","sv","fou3","f","full",0,0,0
"CRPS","GDPCTPI","5/3","GP","sv","blu","s","full",1,1,2
"CRPS","GDPCTPI","5/3","GP","sv","blu","b","full",1,1,2
"CRPS","GDPCTPI","5/3","GP","sv","blu","f","full",1,1,2
"CRPS","GDPCTPI","5/3","GP","sv","svd","s","full",1,1,2
"CRPS","GDPCTPI","5/3","GP","sv","svd","b","full",1,1,2
"CRPS","GDPCTPI","5/3","GP","sv","svd","f","full",1,1,2
"CRPS","GDPCTPI","5/3","GP","sv","br","s","full",1,1,2
"CRPS","GDPCTPI","5/3","GP","sv","br","b","full",1,1,2
"CRPS","GDPCTPI","5/3","GP","sv","br","f","full",0,1,1
"CRPS","GDPCTPI","5/3","GP","sv","eq","s","full",1,1,2
"CRPS","GDPCTPI","5/3","GP","sv","eq","b","full",1,1,2
"CRPS","GDPCTPI","5/3","GP","sv","eq","f","full",1,1,2
"CRPS","GDPCTPI","5/3","GP","sv","xalm","s","full",1,1,2
"CRPS","GDPCTPI","5/3","GP","sv","xalm","b","full",1,1,2
"CRPS","GDPCTPI","5/3","GP","sv","xalm","f","full",1,1,2
"CRPS","GDPCTPI","5/3","GP","sv","alm3","s","full",0,1,1
"CRPS","GDPCTPI","5/3","GP","sv","alm3","b","full",0,0,0
"CRPS","GDPCTPI","5/3","GP","sv","alm3","f","full",0,0,0
"CRPS","GDPCTPI","5/3","GP","sv","leg3","s","full",0,1,1
"CRPS","GDPCTPI","5/3","GP","sv","leg3","b","full",1,1,2
"CRPS","GDPCTPI","5/3","GP","sv","leg3","f","full",0,1,1
"CRPS","GDPCTPI","5/3","GP","sv","leg5","s","full",0,0,0
"CRPS","GDPCTPI","5/3","GP","sv","leg5","b","full",1,1,2
"CRPS","GDPCTPI","5/3","GP","sv","leg5","f","full",0,1,1
"CRPS","GDPCTPI","5/3","GP","sv","ber3","s","full",1,1,2
"CRPS","GDPCTPI","5/3","GP","sv","ber3","b","full",1,1,2
"CRPS","GDPCTPI","5/3","GP","sv","ber3","f","full",0,0,0
"CRPS","GDPCTPI","5/3","GP","sv","ber5","s","full",1,1,2
"CRPS","GDPCTPI","5/3","GP","sv","ber5","b","full",1,1,2
"CRPS","GDPCTPI","5/3","GP","sv","ber5","f","full",0,0,0
"CRPS","GDPCTPI","5/3","GP","sv","fou3","s","full",0,1,1
"CRPS","GDPCTPI","5/3","GP","sv","fou3","b","full",0,0,0
"CRPS","GDPCTPI","5/3","GP","sv","fou3","f","full",0,0,0
"CRPS","GDPCTPI","5/3","MFVAR","hom","blu","s","full",0,0,0
"CRPS","GDPCTPI","5/3","MFVAR","hom","blu","f","full",0,0,0
"CRPS","GDPCTPI","5/3","MFVAR","sv","blu","s","full",1,1,2
"CRPS","GDPCTPI","5/3","MFVAR","sv","blu","f","full",0,0,0
"CRPS","GDPC1","4/3","BLR","hom","blu","s","full",0,0,0
"CRPS","GDPC1","4/3","BLR","hom","blu","b","full",0,0,0
"CRPS","GDPC1","4/3","BLR","hom","blu","f","full",1,1,2
"CRPS","GDPC1","4/3","BLR","hom","svd","s","full",0,0,0
"CRPS","GDPC1","4/3","BLR","hom","svd","b","full",0,0,0
"CRPS","GDPC1","4/3","BLR","hom","svd","f","full",0,0,0
"CRPS","GDPC1","4/3","BLR","hom","br","s","full",0,0,0
"CRPS","GDPC1","4/3","BLR","hom","br","b","full",0,0,0
"CRPS","GDPC1","4/3","BLR","hom","br","f","full",0,1,1
"CRPS","GDPC1","4/3","BLR","hom","eq","s","full",1,1,2
"CRPS","GDPC1","4/3","BLR","hom","eq","b","full",1,1,2
"CRPS","GDPC1","4/3","BLR","hom","eq","f","full",0,0,0
"CRPS","GDPC1","4/3","BLR","hom","xalm","s","full",0,1,1
"CRPS","GDPC1","4/3","BLR","hom","xalm","b","full",1,1,2
"CRPS","GDPC1","4/3","BLR","hom","xalm","f","full",1,1,2
"CRPS","GDPC1","4/3","BLR","hom","alm3","s","full",1,1,2
"CRPS","GDPC1","4/3","BLR","hom","alm3","b","full",1,1,2
"CRPS","GDPC1","4/3","BLR","hom","alm3","f","full",1,1,2
"CRPS","GDPC1","4/3","BLR","hom","leg3","s","full",1,1,2
"CRPS","GDPC1","4/3","BLR","hom","leg3","b","full",1,1,2
"CRPS","GDPC1","4/3","BLR","hom","leg3","f","full",0,1,1
"CRPS","GDPC1","4/3","BLR","hom","leg5","s","full",1,1,2
"CRPS","GDPC1","4/3","BLR","hom","leg5","b","full",0,0,0
"CRPS","GDPC1","4/3","BLR","hom","leg5","f","full",0,1,1
"CRPS","GDPC1","4/3","BLR","hom","ber3","s","full",1,1,2
"CRPS","GDPC1","4/3","BLR","hom","ber3","b","full",0,1,1
"CRPS","GDPC1","4/3","BLR","hom","ber3","f","full",1,1,2
"CRPS","GDPC1","4/3","BLR","hom","ber5","s","full",1,1,2
"CRPS","GDPC1","4/3","BLR","hom","ber5","b","full",1,1,2
"CRPS","GDPC1","4/3","BLR","hom","ber5","f","full",0,1,1
"CRPS","GDPC1","4/3","BLR","hom","fou3","s","full",1,1,2
"CRPS","GDPC1","4/3","BLR","hom","fou3","b","full",1,1,2
"CRPS","GDPC1","4/3","BLR","hom","fou3","f","full",1,1,2
"CRPS","GDPC1","4/3","BART","hom","blu","s","full",0,0,0
"CRPS","GDPC1","4/3","BART","hom","blu","b","full",0,1,1
"CRPS","GDPC1","4/3","BART","hom","blu","f","full",1,1,2
"CRPS","GDPC1","4/3","BART","hom","svd","s","full",0,0,0
"CRPS","GDPC1","4/3","BART","hom","svd","b","full",0,0,0
"CRPS","GDPC1","4/3","BART","hom","svd","f","full",0,0,0
"CRPS","GDPC1","4/3","BART","hom","br","s","full",1,1,2
"CRPS","GDPC1","4/3","BART","hom","br","b","full",0,0,0
"CRPS","GDPC1","4/3","BART","hom","br","f","full",0,0,0
"CRPS","GDPC1","4/3","BART","hom","eq","s","full",0,0,0
"CRPS","GDPC1","4/3","BART","hom","eq","b","full",0,0,0
"CRPS","GDPC1","4/3","BART","hom","eq","f","full",0,1,1
"CRPS","GDPC1","4/3","BART","hom","xalm","s","full",0,0,0
"CRPS","GDPC1","4/3","BART","hom","xalm","b","full",0,0,0
"CRPS","GDPC1","4/3","BART","hom","xalm","f","full",1,1,2
"CRPS","GDPC1","4/3","BART","hom","alm3","s","full",0,0,0
"CRPS","GDPC1","4/3","BART","hom","alm3","b","full",0,0,0
"CRPS","GDPC1","4/3","BART","hom","alm3","f","full",0,0,0
"CRPS","GDPC1","4/3","BART","hom","leg3","s","full",1,1,2
"CRPS","GDPC1","4/3","BART","hom","leg3","b","full",1,1,2
"CRPS","GDPC1","4/3","BART","hom","leg3","f","full",0,1,1
"CRPS","GDPC1","4/3","BART","hom","leg5","s","full",1,1,2
"CRPS","GDPC1","4/3","BART","hom","leg5","b","full",1,1,2
"CRPS","GDPC1","4/3","BART","hom","leg5","f","full",1,1,2
"CRPS","GDPC1","4/3","BART","hom","ber3","s","full",0,0,0
"CRPS","GDPC1","4/3","BART","hom","ber3","b","full",0,1,1
"CRPS","GDPC1","4/3","BART","hom","ber3","f","full",0,0,0
"CRPS","GDPC1","4/3","BART","hom","ber5","s","full",0,0,0
"CRPS","GDPC1","4/3","BART","hom","ber5","b","full",1,1,2
"CRPS","GDPC1","4/3","BART","hom","ber5","f","full",0,0,0
"CRPS","GDPC1","4/3","BART","hom","fou3","s","full",0,0,0
"CRPS","GDPC1","4/3","BART","hom","fou3","b","full",0,1,1
"CRPS","GDPC1","4/3","BART","hom","fou3","f","full",0,0,0
"CRPS","GDPC1","4/3","GP","hom","blu","s","full",1,1,2
"CRPS","GDPC1","4/3","GP","hom","blu","b","full",1,1,2
"CRPS","GDPC1","4/3","GP","hom","blu","f","full",1,1,2
"CRPS","GDPC1","4/3","GP","hom","svd","s","full",0,0,0
"CRPS","GDPC1","4/3","GP","hom","svd","b","full",0,1,1
"CRPS","GDPC1","4/3","GP","hom","svd","f","full",0,0,0
"CRPS","GDPC1","4/3","GP","hom","br","s","full",1,1,2
"CRPS","GDPC1","4/3","GP","hom","br","b","full",1,1,2
"CRPS","GDPC1","4/3","GP","hom","br","f","full",1,1,2
"CRPS","GDPC1","4/3","GP","hom","eq","s","full",1,1,2
"CRPS","GDPC1","4/3","GP","hom","eq","b","full",1,1,2
"CRPS","GDPC1","4/3","GP","hom","eq","f","full",0,0,0
"CRPS","GDPC1","4/3","GP","hom","xalm","s","full",0,0,0
"CRPS","GDPC1","4/3","GP","hom","xalm","b","full",1,1,2
"CRPS","GDPC1","4/3","GP","hom","xalm","f","full",0,1,1
"CRPS","GDPC1","4/3","GP","hom","alm3","s","full",1,1,2
"CRPS","GDPC1","4/3","GP","hom","alm3","b","full",1,1,2
"CRPS","GDPC1","4/3","GP","hom","alm3","f","full",1,1,2
"CRPS","GDPC1","4/3","GP","hom","leg3","s","full",1,1,2
"CRPS","GDPC1","4/3","GP","hom","leg3","b","full",1,1,2
"CRPS","GDPC1","4/3","GP","hom","leg3","f","full",1,1,2
"CRPS","GDPC1","4/3","GP","hom","leg5","s","full",0,1,1
"CRPS","GDPC1","4/3","GP","hom","leg5","b","full",0,1,1
"CRPS","GDPC1","4/3","GP","hom","leg5","f","full",1,1,2
"CRPS","GDPC1","4/3","GP","hom","ber3","s","full",1,1,2
"CRPS","GDPC1","4/3","GP","hom","ber3","b","full",1,1,2
"CRPS","GDPC1","4/3","GP","hom","ber3","f","full",1,1,2
"CRPS","GDPC1","4/3","GP","hom","ber5","s","full",1,1,2
"CRPS","GDPC1","4/3","GP","hom","ber5","b","full",1,1,2
"CRPS","GDPC1","4/3","GP","hom","ber5","f","full",1,1,2
"CRPS","GDPC1","4/3","GP","hom","fou3","s","full",1,1,2
"CRPS","GDPC1","4/3","GP","hom","fou3","b","full",1,1,2
"CRPS","GDPC1","4/3","GP","hom","fou3","f","full",1,1,2
"CRPS","GDPC1","4/3","BLR","sv","blu","s","full",0,1,1
"CRPS","GDPC1","4/3","BLR","sv","blu","b","full",0,0,0
"CRPS","GDPC1","4/3","BLR","sv","blu","f","full",1,1,2
"CRPS","GDPC1","4/3","BLR","sv","svd","s","full",0,1,1
"CRPS","GDPC1","4/3","BLR","sv","svd","b","full",0,0,0
"CRPS","GDPC1","4/3","BLR","sv","svd","f","full",0,0,0
"CRPS","GDPC1","4/3","BLR","sv","br","s","full",0,0,0
"CRPS","GDPC1","4/3","BLR","sv","br","b","full",0,0,0
"CRPS","GDPC1","4/3","BLR","sv","br","f","full",0,1,1
"CRPS","GDPC1","4/3","BLR","sv","eq","s","full",1,1,2
"CRPS","GDPC1","4/3","BLR","sv","eq","b","full",0,1,1
"CRPS","GDPC1","4/3","BLR","sv","eq","f","full",0,0,0
"CRPS","GDPC1","4/3","BLR","sv","xalm","s","full",1,1,2
"CRPS","GDPC1","4/3","BLR","sv","xalm","b","full",1,1,2
"CRPS","GDPC1","4/3","BLR","sv","xalm","f","full",1,1,2
"CRPS","GDPC1","4/3","BLR","sv","alm3","s","full",1,1,2
"CRPS","GDPC1","4/3","BLR","sv","alm3","b","full",0,0,0
"CRPS","GDPC1","4/3","BLR","sv","alm3","f","full",0,1,1
"CRPS","GDPC1","4/3","BLR","sv","leg3","s","full",1,1,2
"CRPS","GDPC1","4/3","BLR","sv","leg3","b","full",0,1,1
"CRPS","GDPC1","4/3","BLR","sv","leg3","f","full",0,0,0
"CRPS","GDPC1","4/3","BLR","sv","leg5","s","full",1,1,2
"CRPS","GDPC1","4/3","BLR","sv","leg5","b","full",0,0,0
"CRPS","GDPC1","4/3","BLR","sv","leg5","f","full",0,1,1
"CRPS","GDPC1","4/3","BLR","sv","ber3","s","full",1,1,2
"CRPS","GDPC1","4/3","BLR","sv","ber3","b","full",0,0,0
"CRPS","GDPC1","4/3","BLR","sv","ber3","f","full",1,1,2
"CRPS","GDPC1","4/3","BLR","sv","ber5","s","full",1,1,2
"CRPS","GDPC1","4/3","BLR","sv","ber5","b","full",0,0,0
"CRPS","GDPC1","4/3","BLR","sv","ber5","f","full",1,1,2
"CRPS","GDPC1","4/3","BLR","sv","fou3","s","full",1,1,2
"CRPS","GDPC1","4/3","BLR","sv","fou3","b","full",0,0,0
"CRPS","GDPC1","4/3","BLR","sv","fou3","f","full",1,1,2
"CRPS","GDPC1","4/3","BART","sv","blu","s","full",1,1,2
"CRPS","GDPC1","4/3","BART","sv","blu","b","full",1,1,2
"CRPS","GDPC1","4/3","BART","sv","blu","f","full",0,1,1
"CRPS","GDPC1","4/3","BART","sv","svd","s","full",0,0,0
"CRPS","GDPC1","4/3","BART","sv","svd","b","full",0,0,0
"CRPS","GDPC1","4/3","BART","sv","svd","f","full",0,0,0
"CRPS","GDPC1","4/3","BART","sv","br","s","full",1,1,2
"CRPS","GDPC1","4/3","BART","sv","br","b","full",1,1,2
"CRPS","GDPC1","4/3","BART","sv","br","f","full",0,0,0
"CRPS","GDPC1","4/3","BART","sv","eq","s","full",0,1,1
"CRPS","GDPC1","4/3","BART","sv","eq","b","full",0,1,1
"CRPS","GDPC1","4/3","BART","sv","eq","f","full",0,0,0
"CRPS","GDPC1","4/3","BART","sv","xalm","s","full",0,0,0
"CRPS","GDPC1","4/3","BART","sv","xalm","b","full",0,1,1
"CRPS","GDPC1","4/3","BART","sv","xalm","f","full",0,0,0
"CRPS","GDPC1","4/3","BART","sv","alm3","s","full",0,1,1
"CRPS","GDPC1","4/3","BART","sv","alm3","b","full",0,0,0
"CRPS","GDPC1","4/3","BART","sv","alm3","f","full",0,0,0
"CRPS","GDPC1","4/3","BART","sv","leg3","s","full",1,1,2
"CRPS","GDPC1","4/3","BART","sv","leg3","b","full",1,1,2
"CRPS","GDPC1","4/3","BART","sv","leg3","f","full",0,0,0
"CRPS","GDPC1","4/3","BART","sv","leg5","s","full",1,1,2
"CRPS","GDPC1","4/3","BART","sv","leg5","b","full",1,1,2
"CRPS","GDPC1","4/3","BART","sv","leg5","f","full",0,1,1
"CRPS","GDPC1","4/3","BART","sv","ber3","s","full",0,1,1
"CRPS","GDPC1","4/3","BART","sv","ber3","b","full",1,1,2
"CRPS","GDPC1","4/3","BART","sv","ber3","f","full",0,1,1
"CRPS","GDPC1","4/3","BART","sv","ber5","s","full",0,1,1
"CRPS","GDPC1","4/3","BART","sv","ber5","b","full",1,1,2
"CRPS","GDPC1","4/3","BART","sv","ber5","f","full",0,1,1
"CRPS","GDPC1","4/3","BART","sv","fou3","s","full",0,1,1
"CRPS","GDPC1","4/3","BART","sv","fou3","b","full",1,1,2
"CRPS","GDPC1","4/3","BART","sv","fou3","f","full",0,0,0
"CRPS","GDPC1","4/3","GP","sv","blu","s","full",1,1,2
"CRPS","GDPC1","4/3","GP","sv","blu","b","full",1,1,2
"CRPS","GDPC1","4/3","GP","sv","blu","f","full",0,1,1
"CRPS","GDPC1","4/3","GP","sv","svd","s","full",1,1,2
"CRPS","GDPC1","4/3","GP","sv","svd","b","full",1,1,2
"CRPS","GDPC1","4/3","GP","sv","svd","f","full",1,1,2
"CRPS","GDPC1","4/3","GP","sv","br","s","full",1,1,2
"CRPS","GDPC1","4/3","GP","sv","br","b","full",1,1,2
"CRPS","GDPC1","4/3","GP","sv","br","f","full",1,1,2
"CRPS","GDPC1","4/3","GP","sv","eq","s","full",1,1,2
"CRPS","GDPC1","4/3","GP","sv","eq","b","full",1,1,2
"CRPS","GDPC1","4/3","GP","sv","eq","f","full",0,0,0
"CRPS","GDPC1","4/3","GP","sv","xalm","s","full",1,1,2
"CRPS","GDPC1","4/3","GP","sv","xalm","b","full",1,1,2
"CRPS","GDPC1","4/3","GP","sv","xalm","f","full",1,1,2
"CRPS","GDPC1","4/3","GP","sv","alm3","s","full",1,1,2
"CRPS","GDPC1","4/3","GP","sv","alm3","b","full",1,1,2
"CRPS","GDPC1","4/3","GP","sv","alm3","f","full",1,1,2
"CRPS","GDPC1","4/3","GP","sv","leg3","s","full",1,1,2
"CRPS","GDPC1","4/3","GP","sv","leg3","b","full",1,1,2
"CRPS","GDPC1","4/3","GP","sv","leg3","f","full",1,1,2
"CRPS","GDPC1","4/3","GP","sv","leg5","s","full",1,1,2
"CRPS","GDPC1","4/3","GP","sv","leg5","b","full",0,1,1
"CRPS","GDPC1","4/3","GP","sv","leg5","f","full",1,1,2
"CRPS","GDPC1","4/3","GP","sv","ber3","s","full",1,1,2
"CRPS","GDPC1","4/3","GP","sv","ber3","b","full",1,1,2
"CRPS","GDPC1","4/3","GP","sv","ber3","f","full",1,1,2
"CRPS","GDPC1","4/3","GP","sv","ber5","s","full",1,1,2
"CRPS","GDPC1","4/3","GP","sv","ber5","b","full",1,1,2
"CRPS","GDPC1","4/3","GP","sv","ber5","f","full",1,1,2
"CRPS","GDPC1","4/3","GP","sv","fou3","s","full",1,1,2
"CRPS","GDPC1","4/3","GP","sv","fou3","b","full",1,1,2
"CRPS","GDPC1","4/3","GP","sv","fou3","f","full",1,1,2
"CRPS","GDPC1","4/3","MFVAR","hom","blu","s","full",0,0,0
"CRPS","GDPC1","4/3","MFVAR","hom","blu","f","full",1,1,2
"CRPS","GDPC1","4/3","MFVAR","sv","blu","s","full",1,1,2
"CRPS","GDPC1","4/3","MFVAR","sv","blu","f","full",1,1,2
"CRPS","GDPCTPI","4/3","BLR","hom","blu","s","full",0,1,1
"CRPS","GDPCTPI","4/3","BLR","hom","blu","b","full",0,0,0
"CRPS","GDPCTPI","4/3","BLR","hom","blu","f","full",0,0,0
"CRPS","GDPCTPI","4/3","BLR","hom","svd","s","full",0,0,0
"CRPS","GDPCTPI","4/3","BLR","hom","svd","b","full",0,1,1
"CRPS","GDPCTPI","4/3","BLR","hom","svd","f","full",1,1,2
"CRPS","GDPCTPI","4/3","BLR","hom","br","s","full",1,1,2
"CRPS","GDPCTPI","4/3","BLR","hom","br","b","full",0,0,0
"CRPS","GDPCTPI","4/3","BLR","hom","br","f","full",0,0,0
"CRPS","GDPCTPI","4/3","BLR","hom","eq","s","full",0,1,1
"CRPS","GDPCTPI","4/3","BLR","hom","eq","b","full",0,0,0
"CRPS","GDPCTPI","4/3","BLR","hom","eq","f","full",0,0,0
"CRPS","GDPCTPI","4/3","BLR","hom","xalm","s","full",0,1,1
"CRPS","GDPCTPI","4/3","BLR","hom","xalm","b","full",0,0,0
"CRPS","GDPCTPI","4/3","BLR","hom","xalm","f","full",0,1,1
"CRPS","GDPCTPI","4/3","BLR","hom","alm3","s","full",0,0,0
"CRPS","GDPCTPI","4/3","BLR","hom","alm3","b","full",0,0,0
"CRPS","GDPCTPI","4/3","BLR","hom","alm3","f","full",0,1,1
"CRPS","GDPCTPI","4/3","BLR","hom","leg3","s","full",0,1,1
"CRPS","GDPCTPI","4/3","BLR","hom","leg3","b","full",0,0,0
"CRPS","GDPCTPI","4/3","BLR","hom","leg3","f","full",0,0,0
"CRPS","GDPCTPI","4/3","BLR","hom","leg5","s","full",0,0,0
"CRPS","GDPCTPI","4/3","BLR","hom","leg5","b","full",0,0,0
"CRPS","GDPCTPI","4/3","BLR","hom","leg5","f","full",0,0,0
"CRPS","GDPCTPI","4/3","BLR","hom","ber3","s","full",1,1,2
"CRPS","GDPCTPI","4/3","BLR","hom","ber3","b","full",0,0,0
"CRPS","GDPCTPI","4/3","BLR","hom","ber3","f","full",0,0,0
"CRPS","GDPCTPI","4/3","BLR","hom","ber5","s","full",1,1,2
"CRPS","GDPCTPI","4/3","BLR","hom","ber5","b","full",0,0,0
"CRPS","GDPCTPI","4/3","BLR","hom","ber5","f","full",0,0,0
"CRPS","GDPCTPI","4/3","BLR","hom","fou3","s","full",0,1,1
"CRPS","GDPCTPI","4/3","BLR","hom","fou3","b","full",0,0,0
"CRPS","GDPCTPI","4/3","BLR","hom","fou3","f","full",0,1,1
"CRPS","GDPCTPI","4/3","BART","hom","blu","s","full",0,1,1
"CRPS","GDPCTPI","4/3","BART","hom","blu","b","full",1,1,2
"CRPS","GDPCTPI","4/3","BART","hom","blu","f","full",0,1,1
"CRPS","GDPCTPI","4/3","BART","hom","svd","s","full",0,1,1
"CRPS","GDPCTPI","4/3","BART","hom","svd","b","full",0,1,1
"CRPS","GDPCTPI","4/3","BART","hom","svd","f","full",1,1,2
"CRPS","GDPCTPI","4/3","BART","hom","br","s","full",0,0,0
"CRPS","GDPCTPI","4/3","BART","hom","br","b","full",0,0,0
"CRPS","GDPCTPI","4/3","BART","hom","br","f","full",0,0,0
"CRPS","GDPCTPI","4/3","BART","hom","eq","s","full",1,1,2
"CRPS","GDPCTPI","4/3","BART","hom","eq","b","full",0,1,1
"CRPS","GDPCTPI","4/3","BART","hom","eq","f","full",0,1,1
"CRPS","GDPCTPI","4/3","BART","hom","xalm","s","full",0,1,1
"CRPS","GDPCTPI","4/3","BART","hom","xalm","b","full",0,0,0
"CRPS","GDPCTPI","4/3","BART","hom","xalm","f","full",0,1,1
"CRPS","GDPCTPI","4/3","BART","hom","alm3","s","full",1,1,2
"CRPS","GDPCTPI","4/3","BART","hom","alm3","b","full",0,0,0
"CRPS","GDPCTPI","4/3","BART","hom","alm3","f","full",0,0,0
"CRPS","GDPCTPI","4/3","BART","hom","leg3","s","full",0,1,1
"CRPS","GDPCTPI","4/3","BART","hom","leg3","b","full",1,1,2
"CRPS","GDPCTPI","4/3","BART","hom","leg3","f","full",0,1,1
"CRPS","GDPCTPI","4/3","BART","hom","leg5","s","full",0,1,1
"CRPS","GDPCTPI","4/3","BART","hom","leg5","b","full",1,1,2
"CRPS","GDPCTPI","4/3","BART","hom","leg5","f","full",0,1,1
"CRPS","GDPCTPI","4/3","BART","hom","ber3","s","full",0,0,0
"CRPS","GDPCTPI","4/3","BART","hom","ber3","b","full",0,0,0
"CRPS","GDPCTPI","4/3","BART","hom","ber3","f","full",0,0,0
"CRPS","GDPCTPI","4/3","BART","hom","ber5","s","full",0,0,0
"CRPS","GDPCTPI","4/3","BART","hom","ber5","b","full",0,0,0
"CRPS","GDPCTPI","4/3","BART","hom","ber5","f","full",0,0,0
"CRPS","GDPCTPI","4/3","BART","hom","fou3","s","full",0,0,0
"CRPS","GDPCTPI","4/3","BART","hom","fou3","b","full",0,0,0
"CRPS","GDPCTPI","4/3","BART","hom","fou3","f","full",0,0,0
"CRPS","GDPCTPI","4/3","GP","hom","blu","s","full",0,0,0
"CRPS","GDPCTPI","4/3","GP","hom","blu","b","full",0,0,0
"CRPS","GDPCTPI","4/3","GP","hom","blu","f","full",1,1,2
"CRPS","GDPCTPI","4/3","GP","hom","svd","s","full",1,1,2
"CRPS","GDPCTPI","4/3","GP","hom","svd","b","full",1,1,2
"CRPS","GDPCTPI","4/3","GP","hom","svd","f","full",0,1,1
"CRPS","GDPCTPI","4/3","GP","hom","br","s","full",0,1,1
"CRPS","GDPCTPI","4/3","GP","hom","br","b","full",0,1,1
"CRPS","GDPCTPI","4/3","GP","hom","br","f","full",0,0,0
"CRPS","GDPCTPI","4/3","GP","hom","eq","s","full",0,1,1
"CRPS","GDPCTPI","4/3","GP","hom","eq","b","full",0,1,1
"CRPS","GDPCTPI","4/3","GP","hom","eq","f","full",0,0,0
"CRPS","GDPCTPI","4/3","GP","hom","xalm","s","full",1,1,2
"CRPS","GDPCTPI","4/3","GP","hom","xalm","b","full",0,1,1
"CRPS","GDPCTPI","4/3","GP","hom","xalm","f","full",1,1,2
"CRPS","GDPCTPI","4/3","GP","hom","alm3","s","full",0,0,0
"CRPS","GDPCTPI","4/3","GP","hom","alm3","b","full",0,0,0
"CRPS","GDPCTPI","4/3","GP","hom","alm3","f","full",0,0,0
"CRPS","GDPCTPI","4/3","GP","hom","leg3","s","full",0,0,0
"CRPS","GDPCTPI","4/3","GP","hom","leg3","b","full",0,0,0
"CRPS","GDPCTPI","4/3","GP","hom","leg3","f","full",0,0,0
"CRPS","GDPCTPI","4/3","GP","hom","leg5","s","full",0,0,0
"CRPS","GDPCTPI","4/3","GP","hom","leg5","b","full",0,0,0
"CRPS","GDPCTPI","4/3","GP","hom","leg5","f","full",0,0,0
"CRPS","GDPCTPI","4/3","GP","hom","ber3","s","full",0,0,0
"CRPS","GDPCTPI","4/3","GP","hom","ber3","b","full",0,0,0
"CRPS","GDPCTPI","4/3","GP","hom","ber3","f","full",0,0,0
"CRPS","GDPCTPI","4/3","GP","hom","ber5","s","full",0,0,0
"CRPS","GDPCTPI","4/3","GP","hom","ber5","b","full",0,0,0
"CRPS","GDPCTPI","4/3","GP","hom","ber5","f","full",0,0,0
"CRPS","GDPCTPI","4/3","GP","hom","fou3","s","full",0,0,0
"CRPS","GDPCTPI","4/3","GP","hom","fou3","b","full",0,0,0
"CRPS","GDPCTPI","4/3","GP","hom","fou3","f","full",0,0,0
"CRPS","GDPCTPI","4/3","BLR","sv","blu","s","full",1,1,2
"CRPS","GDPCTPI","4/3","BLR","sv","blu","b","full",0,0,0
"CRPS","GDPCTPI","4/3","BLR","sv","blu","f","full",1,1,2
"CRPS","GDPCTPI","4/3","BLR","sv","svd","s","full",1,1,2
"CRPS","GDPCTPI","4/3","BLR","sv","svd","b","full",1,1,2
"CRPS","GDPCTPI","4/3","BLR","sv","svd","f","full",1,1,2
"CRPS","GDPCTPI","4/3","BLR","sv","br","s","full",1,1,2
"CRPS","GDPCTPI","4/3","BLR","sv","br","b","full",1,1,2
"CRPS","GDPCTPI","4/3","BLR","sv","br","f","full",1,1,2
"CRPS","GDPCTPI","4/3","BLR","sv","eq","s","full",1,1,2
"CRPS","GDPCTPI","4/3","BLR","sv","eq","b","full",1,1,2
"CRPS","GDPCTPI","4/3","BLR","sv","eq","f","full",1,1,2
"CRPS","GDPCTPI","4/3","BLR","sv","xalm","s","full",1,1,2
"CRPS","GDPCTPI","4/3","BLR","sv","xalm","b","full",1,1,2
"CRPS","GDPCTPI","4/3","BLR","sv","xalm","f","full",1,1,2
"CRPS","GDPCTPI","4/3","BLR","sv","alm3","s","full",1,1,2
"CRPS","GDPCTPI","4/3","BLR","sv","alm3","b","full",0,0,0
"CRPS","GDPCTPI","4/3","BLR","sv","alm3","f","full",1,1,2
"CRPS","GDPCTPI","4/3","BLR","sv","leg3","s","full",1,1,2
"CRPS","GDPCTPI","4/3","BLR","sv","leg3","b","full",0,0,0
"CRPS","GDPCTPI","4/3","BLR","sv","leg3","f","full",1,1,2
"CRPS","GDPCTPI","4/3","BLR","sv","leg5","s","full",1,1,2
"CRPS","GDPCTPI","4/3","BLR","sv","leg5","b","full",0,0,0
"CRPS","GDPCTPI","4/3","BLR","sv","leg5","f","full",1,1,2
"CRPS","GDPCTPI","4/3","BLR","sv","ber3","s","full",1,1,2
"CRPS","GDPCTPI","4/3","BLR","sv","ber3","b","full",0,0,0
"CRPS","GDPCTPI","4/3","BLR","sv","ber3","f","full",1,1,2
"CRPS","GDPCTPI","4/3","BLR","sv","ber5","s","full",1,1,2
"CRPS","GDPCTPI","4/3","BLR","sv","ber5","b","full",0,0,0
"CRPS","GDPCTPI","4/3","BLR","sv","ber5","f","full",1,1,2
"CRPS","GDPCTPI","4/3","BLR","sv","fou3","s","full",1,1,2
"CRPS","GDPCTPI","4/3","BLR","sv","fou3","b","full",0,0,0
"CRPS","GDPCTPI","4/3","BLR","sv","fou3","f","full",1,1,2
"CRPS","GDPCTPI","4/3","BART","sv","blu","s","full",1,1,2
"CRPS","GDPCTPI","4/3","BART","sv","blu","b","full",0,1,1
"CRPS","GDPCTPI","4/3","BART","sv","blu","f","full",1,1,2
"CRPS","GDPCTPI","4/3","BART","sv","svd","s","full",0,1,1
"CRPS","GDPCTPI","4/3","BART","sv","svd","b","full",1,1,2
"CRPS","GDPCTPI","4/3","BART","sv","svd","f","full",1,1,2
"CRPS","GDPCTPI","4/3","BART","sv","br","s","full",0,1,1
"CRPS","GDPCTPI","4/3","BART","sv","br","b","full",0,0,0
"CRPS","GDPCTPI","4/3","BART","sv","br","f","full",0,0,0
"CRPS","GDPCTPI","4/3","BART","sv","eq","s","full",1,1,2
"CRPS","GDPCTPI","4/3","BART","sv","eq","b","full",1,1,2
"CRPS","GDPCTPI","4/3","BART","sv","eq","f","full",0,1,1
"CRPS","GDPCTPI","4/3","BART","sv","xalm","s","full",0,0,0
"CRPS","GDPCTPI","4/3","BART","sv","xalm","b","full",1,1,2
"CRPS","GDPCTPI","4/3","BART","sv","xalm","f","full",0,1,1
"CRPS","GDPCTPI","4/3","BART","sv","alm3","s","full",0,0,0
"CRPS","GDPCTPI","4/3","BART","sv","alm3","b","full",1,1,2
"CRPS","GDPCTPI","4/3","BART","sv","alm3","f","full",0,1,1
"CRPS","GDPCTPI","4/3","BART","sv","leg3","s","full",0,1,1
"CRPS","GDPCTPI","4/3","BART","sv","leg3","b","full",1,1,2
"CRPS","GDPCTPI","4/3","BART","sv","leg3","f","full",1,1,2
"CRPS","GDPCTPI","4/3","BART","sv","leg5","s","full",1,1,2
"CRPS","GDPCTPI","4/3","BART","sv","leg5","b","full",1,1,2
"CRPS","GDPCTPI","4/3","BART","sv","leg5","f","full",1,1,2
"CRPS","GDPCTPI","4/3","BART","sv","ber3","s","full",0,0,0
"CRPS","GDPCTPI","4/3","BART","sv","ber3","b","full",0,0,0
"CRPS","GDPCTPI","4/3","BART","sv","ber3","f","full",0,1,1
"CRPS","GDPCTPI","4/3","BART","sv","ber5","s","full",0,0,0
"CRPS","GDPCTPI","4/3","BART","sv","ber5","b","full",0,0,0
"CRPS","GDPCTPI","4/3","BART","sv","ber5","f","full",0,1,1
"CRPS","GDPCTPI","4/3","BART","sv","fou3","s","full",0,0,0
"CRPS","GDPCTPI","4/3","BART","sv","fou3","b","full",0,0,0
"CRPS","GDPCTPI","4/3","BART","sv","fou3","f","full",0,1,1
"CRPS","GDPCTPI","4/3","GP","sv","blu","s","full",1,1,2
"CRPS","GDPCTPI","4/3","GP","sv","blu","b","full",1,1,2
"CRPS","GDPCTPI","4/3","GP","sv","blu","f","full",1,1,2
"CRPS","GDPCTPI","4/3","GP","sv","svd","s","full",1,1,2
"CRPS","GDPCTPI","4/3","GP","sv","svd","b","full",1,1,2
"CRPS","GDPCTPI","4/3","GP","sv","svd","f","full",1,1,2
"CRPS","GDPCTPI","4/3","GP","sv","br","s","full",1,1,2
"CRPS","GDPCTPI","4/3","GP","sv","br","b","full",1,1,2
"CRPS","GDPCTPI","4/3","GP","sv","br","f","full",1,1,2
"CRPS","GDPCTPI","4/3","GP","sv","eq","s","full",1,1,2
"CRPS","GDPCTPI","4/3","GP","sv","eq","b","full",1,1,2
"CRPS","GDPCTPI","4/3","GP","sv","eq","f","full",1,1,2
"CRPS","GDPCTPI","4/3","GP","sv","xalm","s","full",1,1,2
"CRPS","GDPCTPI","4/3","GP","sv","xalm","b","full",1,1,2
"CRPS","GDPCTPI","4/3","GP","sv","xalm","f","full",1,1,2
"CRPS","GDPCTPI","4/3","GP","sv","alm3","s","full",0,0,0
"CRPS","GDPCTPI","4/3","GP","sv","alm3","b","full",0,0,0
"CRPS","GDPCTPI","4/3","GP","sv","alm3","f","full",0,0,0
"CRPS","GDPCTPI","4/3","GP","sv","leg3","s","full",0,0,0
"CRPS","GDPCTPI","4/3","GP","sv","leg3","b","full",0,0,0
"CRPS","GDPCTPI","4/3","GP","sv","leg3","f","full",0,0,0
"CRPS","GDPCTPI","4/3","GP","sv","leg5","s","full",0,1,1
"CRPS","GDPCTPI","4/3","GP","sv","leg5","b","full",0,0,0
"CRPS","GDPCTPI","4/3","GP","sv","leg5","f","full",1,1,2
"CRPS","GDPCTPI","4/3","GP","sv","ber3","s","full",0,1,1
"CRPS","GDPCTPI","4/3","GP","sv","ber3","b","full",0,1,1
"CRPS","GDPCTPI","4/3","GP","sv","ber3","f","full",0,0,0
"CRPS","GDPCTPI","4/3","GP","sv","ber5","s","full",0,1,1
"CRPS","GDPCTPI","4/3","GP","sv","ber5","b","full",0,1,1
"CRPS","GDPCTPI","4/3","GP","sv","ber5","f","full",0,0,0
"CRPS","GDPCTPI","4/3","GP","sv","fou3","s","full",0,0,0
"CRPS","GDPCTPI","4/3","GP","sv","fou3","b","full",0,0,0
"CRPS","GDPCTPI","4/3","GP","sv","fou3","f","full",0,0,0
"CRPS","GDPCTPI","4/3","MFVAR","hom","blu","s","full",0,0,0
"CRPS","GDPCTPI","4/3","MFVAR","hom","blu","f","full",1,1,2
"CRPS","GDPCTPI","4/3","MFVAR","sv","blu","s","full",1,1,2
"CRPS","GDPCTPI","4/3","MFVAR","sv","blu","f","full",0,0,0
"CRPS","GDPC1","1","BLR","hom","blu","s","full",0,0,0
"CRPS","GDPC1","1","BLR","hom","blu","b","full",0,0,0
"CRPS","GDPC1","1","BLR","hom","blu","f","full",1,1,2
"CRPS","GDPC1","1","BLR","hom","svd","s","full",0,0,0
"CRPS","GDPC1","1","BLR","hom","svd","b","full",1,1,2
"CRPS","GDPC1","1","BLR","hom","svd","f","full",0,0,0
"CRPS","GDPC1","1","BLR","hom","br","s","full",1,1,2
"CRPS","GDPC1","1","BLR","hom","br","b","full",1,1,2
"CRPS","GDPC1","1","BLR","hom","br","f","full",1,1,2
"CRPS","GDPC1","1","BLR","hom","eq","s","full",0,0,0
"CRPS","GDPC1","1","BLR","hom","eq","b","full",1,1,2
"CRPS","GDPC1","1","BLR","hom","eq","f","full",0,0,0
"CRPS","GDPC1","1","BLR","hom","xalm","s","full",0,0,0
"CRPS","GDPC1","1","BLR","hom","xalm","b","full",1,1,2
"CRPS","GDPC1","1","BLR","hom","xalm","f","full",1,1,2
"CRPS","GDPC1","1","BLR","hom","alm3","s","full",0,0,0
"CRPS","GDPC1","1","BLR","hom","alm3","b","full",0,0,0
"CRPS","GDPC1","1","BLR","hom","alm3","f","full",0,0,0
"CRPS","GDPC1","1","BLR","hom","leg3","s","full",1,1,2
"CRPS","GDPC1","1","BLR","hom","leg3","b","full",0,1,1
"CRPS","GDPC1","1","BLR","hom","leg3","f","full",1,1,2
"CRPS","GDPC1","1","BLR","hom","leg5","s","full",1,1,2
"CRPS","GDPC1","1","BLR","hom","leg5","b","full",0,0,0
"CRPS","GDPC1","1","BLR","hom","leg5","f","full",1,1,2
"CRPS","GDPC1","1","BLR","hom","ber3","s","full",0,0,0
"CRPS","GDPC1","1","BLR","hom","ber3","b","full",0,1,1
"CRPS","GDPC1","1","BLR","hom","ber3","f","full",1,1,2
"CRPS","GDPC1","1","BLR","hom","ber5","s","full",1,1,2
"CRPS","GDPC1","1","BLR","hom","ber5","b","full",0,0,0
"CRPS","GDPC1","1","BLR","hom","ber5","f","full",1,1,2
"CRPS","GDPC1","1","BLR","hom","fou3","s","full",1,1,2
"CRPS","GDPC1","1","BLR","hom","fou3","b","full",1,1,2
"CRPS","GDPC1","1","BLR","hom","fou3","f","full",1,1,2
"CRPS","GDPC1","1","BART","hom","blu","s","full",1,1,2
"CRPS","GDPC1","1","BART","hom","blu","b","full",1,1,2
"CRPS","GDPC1","1","BART","hom","blu","f","full",0,1,1
"CRPS","GDPC1","1","BART","hom","svd","s","full",0,0,0
"CRPS","GDPC1","1","BART","hom","svd","b","full",0,0,0
"CRPS","GDPC1","1","BART","hom","svd","f","full",0,0,0
"CRPS","GDPC1","1","BART","hom","br","s","full",0,0,0
"CRPS","GDPC1","1","BART","hom","br","b","full",0,0,0
"CRPS","GDPC1","1","BART","hom","br","f","full",0,0,0
"CRPS","GDPC1","1","BART","hom","eq","s","full",0,0,0
"CRPS","GDPC1","1","BART","hom","eq","b","full",0,0,0
"CRPS","GDPC1","1","BART","hom","eq","f","full",0,0,0
"CRPS","GDPC1","1","BART","hom","xalm","s","full",1,1,2
"CRPS","GDPC1","1","BART","hom","xalm","b","full",0,0,0
"CRPS","GDPC1","1","BART","hom","xalm","f","full",0,0,0
"CRPS","GDPC1","1","BART","hom","alm3","s","full",0,0,0
"CRPS","GDPC1","1","BART","hom","alm3","b","full",0,0,0
"CRPS","GDPC1","1","BART","hom","alm3","f","full",0,0,0
"CRPS","GDPC1","1","BART","hom","leg3","s","full",0,0,0
"CRPS","GDPC1","1","BART","hom","leg3","b","full",1,1,2
"CRPS","GDPC1","1","BART","hom","leg3","f","full",0,1,1
"CRPS","GDPC1","1","BART","hom","leg5","s","full",1,1,2
"CRPS","GDPC1","1","BART","hom","leg5","b","full",1,1,2
"CRPS","GDPC1","1","BART","hom","leg5","f","full",0,1,1
"CRPS","GDPC1","1","BART","hom","ber3","s","full",0,0,0
"CRPS","GDPC1","1","BART","hom","ber3","b","full",0,0,0
"CRPS","GDPC1","1","BART","hom","ber3","f","full",0,0,0
"CRPS","GDPC1","1","BART","hom","ber5","s","full",0,0,0
"CRPS","GDPC1","1","BART","hom","ber5","b","full",0,0,0
"CRPS","GDPC1","1","BART","hom","ber5","f","full",0,0,0
"CRPS","GDPC1","1","BART","hom","fou3","s","full",0,0,0
"CRPS","GDPC1","1","BART","hom","fou3","b","full",1,1,2
"CRPS","GDPC1","1","BART","hom","fou3","f","full",0,0,0
"CRPS","GDPC1","1","GP","hom","blu","s","full",1,1,2
"CRPS","GDPC1","1","GP","hom","blu","b","full",1,1,2
"CRPS","GDPC1","1","GP","hom","blu","f","full",1,1,2
"CRPS","GDPC1","1","GP","hom","svd","s","full",0,0,0
"CRPS","GDPC1","1","GP","hom","svd","b","full",0,0,0
"CRPS","GDPC1","1","GP","hom","svd","f","full",0,0,0
"CRPS","GDPC1","1","GP","hom","br","s","full",1,1,2
"CRPS","GDPC1","1","GP","hom","br","b","full",1,1,2
"CRPS","GDPC1","1","GP","hom","br","f","full",1,1,2
"CRPS","GDPC1","1","GP","hom","eq","s","full",0,0,0
"CRPS","GDPC1","1","GP","hom","eq","b","full",1,1,2
"CRPS","GDPC1","1","GP","hom","eq","f","full",0,0,0
"CRPS","GDPC1","1","GP","hom","xalm","s","full",0,1,1
"CRPS","GDPC1","1","GP","hom","xalm","b","full",1,1,2
"CRPS","GDPC1","1","GP","hom","xalm","f","full",0,0,0
"CRPS","GDPC1","1","GP","hom","alm3","s","full",0,1,1
"CRPS","GDPC1","1","GP","hom","alm3","b","full",1,1,2
"CRPS","GDPC1","1","GP","hom","alm3","f","full",1,1,2
"CRPS","GDPC1","1","GP","hom","leg3","s","full",1,1,2
"CRPS","GDPC1","1","GP","hom","leg3","b","full",1,1,2
"CRPS","GDPC1","1","GP","hom","leg3","f","full",1,1,2
"CRPS","GDPC1","1","GP","hom","leg5","s","full",1,1,2
"CRPS","GDPC1","1","GP","hom","leg5","b","full",1,1,2
"CRPS","GDPC1","1","GP","hom","leg5","f","full",1,1,2
"CRPS","GDPC1","1","GP","hom","ber3","s","full",1,1,2
"CRPS","GDPC1","1","GP","hom","ber3","b","full",1,1,2
"CRPS","GDPC1","1","GP","hom","ber3","f","full",1,1,2
"CRPS","GDPC1","1","GP","hom","ber5","s","full",1,1,2
"CRPS","GDPC1","1","GP","hom","ber5","b","full",1,1,2
"CRPS","GDPC1","1","GP","hom","ber5","f","full",1,1,2
"CRPS","GDPC1","1","GP","hom","fou3","s","full",1,1,2
"CRPS","GDPC1","1","GP","hom","fou3","b","full",1,1,2
"CRPS","GDPC1","1","GP","hom","fou3","f","full",1,1,2
"CRPS","GDPC1","1","BLR","sv","blu","s","full",0,0,0
"CRPS","GDPC1","1","BLR","sv","blu","b","full",0,0,0
"CRPS","GDPC1","1","BLR","sv","blu","f","full",1,1,2
"CRPS","GDPC1","1","BLR","sv","svd","s","full",0,0,0
"CRPS","GDPC1","1","BLR","sv","svd","b","full",1,1,2
"CRPS","GDPC1","1","BLR","sv","svd","f","full",0,0,0
"CRPS","GDPC1","1","BLR","sv","br","s","full",1,1,2
"CRPS","GDPC1","1","BLR","sv","br","b","full",0,1,1
"CRPS","GDPC1","1","BLR","sv","br","f","full",1,1,2
"CRPS","GDPC1","1","BLR","sv","eq","s","full",1,1,2
"CRPS","GDPC1","1","BLR","sv","eq","b","full",1,1,2
"CRPS","GDPC1","1","BLR","sv","eq","f","full",0,0,0
"CRPS","GDPC1","1","BLR","sv","xalm","s","full",1,1,2
"CRPS","GDPC1","1","BLR","sv","xalm","b","full",1,1,2
"CRPS","GDPC1","1","BLR","sv","xalm","f","full",1,1,2
"CRPS","GDPC1","1","BLR","sv","alm3","s","full",1,1,2
"CRPS","GDPC1","1","BLR","sv","alm3","b","full",0,1,1
"CRPS","GDPC1","1","BLR","sv","alm3","f","full",0,1,1
"CRPS","GDPC1","1","BLR","sv","leg3","s","full",1,1,2
"CRPS","GDPC1","1","BLR","sv","leg3","b","full",0,1,1
"CRPS","GDPC1","1","BLR","sv","leg3","f","full",1,1,2
"CRPS","GDPC1","1","BLR","sv","leg5","s","full",1,1,2
"CRPS","GDPC1","1","BLR","sv","leg5","b","full",0,0,0
"CRPS","GDPC1","1","BLR","sv","leg5","f","full",1,1,2
"CRPS","GDPC1","1","BLR","sv","ber3","s","full",1,1,2
"CRPS","GDPC1","1","BLR","sv","ber3","b","full",1,1,2
"CRPS","GDPC1","1","BLR","sv","ber3","f","full",1,1,2
"CRPS","GDPC1","1","BLR","sv","ber5","s","full",1,1,2
"CRPS","GDPC1","1","BLR","sv","ber5","b","full",0,1,1
"CRPS","GDPC1","1","BLR","sv","ber5","f","full",1,1,2
"CRPS","GDPC1","1","BLR","sv","fou3","s","full",1,1,2
"CRPS","GDPC1","1","BLR","sv","fou3","b","full",1,1,2
"CRPS","GDPC1","1","BLR","sv","fou3","f","full",1,1,2
"CRPS","GDPC1","1","BART","sv","blu","s","full",1,1,2
"CRPS","GDPC1","1","BART","sv","blu","b","full",1,1,2
"CRPS","GDPC1","1","BART","sv","blu","f","full",1,1,2
"CRPS","GDPC1","1","BART","sv","svd","s","full",0,1,1
"CRPS","GDPC1","1","BART","sv","svd","b","full",0,0,0
"CRPS","GDPC1","1","BART","sv","svd","f","full",0,0,0
"CRPS","GDPC1","1","BART","sv","br","s","full",0,1,1
"CRPS","GDPC1","1","BART","sv","br","b","full",0,1,1
"CRPS","GDPC1","1","BART","sv","br","f","full",0,0,0
"CRPS","GDPC1","1","BART","sv","eq","s","full",1,1,2
"CRPS","GDPC1","1","BART","sv","eq","b","full",1,1,2
"CRPS","GDPC1","1","BART","sv","eq","f","full",0,0,0
"CRPS","GDPC1","1","BART","sv","xalm","s","full",1,1,2
"CRPS","GDPC1","1","BART","sv","xalm","b","full",0,0,0
"CRPS","GDPC1","1","BART","sv","xalm","f","full",0,0,0
"CRPS","GDPC1","1","BART","sv","alm3","s","full",1,1,2
"CRPS","GDPC1","1","BART","sv","alm3","b","full",1,1,2
"CRPS","GDPC1","1","BART","sv","alm3","f","full",0,0,0
"CRPS","GDPC1","1","BART","sv","leg3","s","full",0,1,1
"CRPS","GDPC1","1","BART","sv","leg3","b","full",1,1,2
"CRPS","GDPC1","1","BART","sv","leg3","f","full",0,1,1
"CRPS","GDPC1","1","BART","sv","leg5","s","full",1,1,2
"CRPS","GDPC1","1","BART","sv","leg5","b","full",1,1,2
"CRPS","GDPC1","1","BART","sv","leg5","f","full",1,1,2
"CRPS","GDPC1","1","BART","sv","ber3","s","full",1,1,2
"CRPS","GDPC1","1","BART","sv","ber3","b","full",1,1,2
"CRPS","GDPC1","1","BART","sv","ber3","f","full",0,1,1
"CRPS","GDPC1","1","BART","sv","ber5","s","full",1,1,2
"CRPS","GDPC1","1","BART","sv","ber5","b","full",1,1,2
"CRPS","GDPC1","1","BART","sv","ber5","f","full",0,0,0
"CRPS","GDPC1","1","BART","sv","fou3","s","full",1,1,2
"CRPS","GDPC1","1","BART","sv","fou3","b","full",1,1,2
"CRPS","GDPC1","1","BART","sv","fou3","f","full",0,0,0
"CRPS","GDPC1","1","GP","sv","blu","s","full",1,1,2
"CRPS","GDPC1","1","GP","sv","blu","b","full",1,1,2
"CRPS","GDPC1","1","GP","sv","blu","f","full",1,1,2
"CRPS","GDPC1","1","GP","sv","svd","s","full",0,1,1
"CRPS","GDPC1","1","GP","sv","svd","b","full",0,0,0
"CRPS","GDPC1","1","GP","sv","svd","f","full",0,0,0
"CRPS","GDPC1","1","GP","sv","br","s","full",1,1,2
"CRPS","GDPC1","1","GP","sv","br","b","full",0,1,1
"CRPS","GDPC1","1","GP","sv","br","f","full",1,1,2
"CRPS","GDPC1","1","GP","sv","eq","s","full",1,1,2
"CRPS","GDPC1","1","GP","sv","eq","b","full",1,1,2
"CRPS","GDPC1","1","GP","sv","eq","f","full",0,0,0
"CRPS","GDPC1","1","GP","sv","xalm","s","full",1,1,2
"CRPS","GDPC1","1","GP","sv","xalm","b","full",1,1,2
"CRPS","GDPC1","1","GP","sv","xalm","f","full",1,1,2
"CRPS","GDPC1","1","GP","sv","alm3","s","full",1,1,2
"CRPS","GDPC1","1","GP","sv","alm3","b","full",1,1,2
"CRPS","GDPC1","1","GP","sv","alm3","f","full",1,1,2
"CRPS","GDPC1","1","GP","sv","leg3","s","full",1,1,2
"CRPS","GDPC1","1","GP","sv","leg3","b","full",1,1,2
"CRPS","GDPC1","1","GP","sv","leg3","f","full",1,1,2
"CRPS","GDPC1","1","GP","sv","leg5","s","full",1,1,2
"CRPS","GDPC1","1","GP","sv","leg5","b","full",1,1,2
"CRPS","GDPC1","1","GP","sv","leg5","f","full",1,1,2
"CRPS","GDPC1","1","GP","sv","ber3","s","full",1,1,2
"CRPS","GDPC1","1","GP","sv","ber3","b","full",1,1,2
"CRPS","GDPC1","1","GP","sv","ber3","f","full",1,1,2
"CRPS","GDPC1","1","GP","sv","ber5","s","full",1,1,2
"CRPS","GDPC1","1","GP","sv","ber5","b","full",1,1,2
"CRPS","GDPC1","1","GP","sv","ber5","f","full",1,1,2
"CRPS","GDPC1","1","GP","sv","fou3","s","full",1,1,2
"CRPS","GDPC1","1","GP","sv","fou3","b","full",1,1,2
"CRPS","GDPC1","1","GP","sv","fou3","f","full",1,1,2
"CRPS","GDPC1","1","MFVAR","hom","blu","s","full",1,1,2
"CRPS","GDPC1","1","MFVAR","hom","blu","f","full",1,1,2
"CRPS","GDPC1","1","MFVAR","sv","blu","s","full",0,1,1
"CRPS","GDPC1","1","MFVAR","sv","blu","f","full",1,1,2
"CRPS","GDPCTPI","1","BLR","hom","blu","s","full",0,0,0
"CRPS","GDPCTPI","1","BLR","hom","blu","b","full",0,0,0
"CRPS","GDPCTPI","1","BLR","hom","blu","f","full",0,0,0
"CRPS","GDPCTPI","1","BLR","hom","svd","s","full",0,0,0
"CRPS","GDPCTPI","1","BLR","hom","svd","b","full",0,1,1
"CRPS","GDPCTPI","1","BLR","hom","svd","f","full",1,1,2
"CRPS","GDPCTPI","1","BLR","hom","br","s","full",0,1,1
"CRPS","GDPCTPI","1","BLR","hom","br","b","full",0,0,0
"CRPS","GDPCTPI","1","BLR","hom","br","f","full",0,1,1
"CRPS","GDPCTPI","1","BLR","hom","eq","s","full",1,1,2
"CRPS","GDPCTPI","1","BLR","hom","eq","b","full",0,0,0
"CRPS","GDPCTPI","1","BLR","hom","eq","f","full",0,0,0
"CRPS","GDPCTPI","1","BLR","hom","xalm","s","full",0,1,1
"CRPS","GDPCTPI","1","BLR","hom","xalm","b","full",0,0,0
"CRPS","GDPCTPI","1","BLR","hom","xalm","f","full",0,1,1
"CRPS","GDPCTPI","1","BLR","hom","alm3","s","full",0,0,0
"CRPS","GDPCTPI","1","BLR","hom","alm3","b","full",0,0,0
"CRPS","GDPCTPI","1","BLR","hom","alm3","f","full",1,1,2
"CRPS","GDPCTPI","1","BLR","hom","leg3","s","full",0,1,1
"CRPS","GDPCTPI","1","BLR","hom","leg3","b","full",0,0,0
"CRPS","GDPCTPI","1","BLR","hom","leg3","f","full",1,1,2
"CRPS","GDPCTPI","1","BLR","hom","leg5","s","full",0,0,0
"CRPS","GDPCTPI","1","BLR","hom","leg5","b","full",0,0,0
"CRPS","GDPCTPI","1","BLR","hom","leg5","f","full",1,1,2
"CRPS","GDPCTPI","1","BLR","hom","ber3","s","full",0,0,0
"CRPS","GDPCTPI","1","BLR","hom","ber3","b","full",0,0,0
"CRPS","GDPCTPI","1","BLR","hom","ber3","f","full",1,1,2
"CRPS","GDPCTPI","1","BLR","hom","ber5","s","full",0,0,0
"CRPS","GDPCTPI","1","BLR","hom","ber5","b","full",0,0,0
"CRPS","GDPCTPI","1","BLR","hom","ber5","f","full",1,1,2
"CRPS","GDPCTPI","1","BLR","hom","fou3","s","full",0,0,0
"CRPS","GDPCTPI","1","BLR","hom","fou3","b","full",0,0,0
"CRPS","GDPCTPI","1","BLR","hom","fou3","f","full",1,1,2
"CRPS","GDPCTPI","1","BART","hom","blu","s","full",0,1,1
"CRPS","GDPCTPI","1","BART","hom","blu","b","full",1,1,2
"CRPS","GDPCTPI","1","BART","hom","blu","f","full",0,1,1
"CRPS","GDPCTPI","1","BART","hom","svd","s","full",0,1,1
"CRPS","GDPCTPI","1","BART","hom","svd","b","full",0,0,0
"CRPS","GDPCTPI","1","BART","hom","svd","f","full",1,1,2
"CRPS","GDPCTPI","1","BART","hom","br","s","full",0,1,1
"CRPS","GDPCTPI","1","BART","hom","br","b","full",0,0,0
"CRPS","GDPCTPI","1","BART","hom","br","f","full",0,0,0
"CRPS","GDPCTPI","1","BART","hom","eq","s","full",0,1,1
"CRPS","GDPCTPI","1","BART","hom","eq","b","full",0,1,1
"CRPS","GDPCTPI","1","BART","hom","eq","f","full",0,1,1
"CRPS","GDPCTPI","1","BART","hom","xalm","s","full",0,0,0
"CRPS","GDPCTPI","1","BART","hom","xalm","b","full",0,1,1
"CRPS","GDPCTPI","1","BART","hom","xalm","f","full",0,1,1
"CRPS","GDPCTPI","1","BART","hom","alm3","s","full",0,1,1
"CRPS","GDPCTPI","1","BART","hom","alm3","b","full",0,0,0
"CRPS","GDPCTPI","1","BART","hom","alm3","f","full",0,1,1
"CRPS","GDPCTPI","1","BART","hom","leg3","s","full",0,1,1
"CRPS","GDPCTPI","1","BART","hom","leg3","b","full",1,1,2
"CRPS","GDPCTPI","1","BART","hom","leg3","f","full",1,1,2
"CRPS","GDPCTPI","1","BART","hom","leg5","s","full",1,1,2
"CRPS","GDPCTPI","1","BART","hom","leg5","b","full",1,1,2
"CRPS","GDPCTPI","1","BART","hom","leg5","f","full",1,1,2
"CRPS","GDPCTPI","1","BART","hom","ber3","s","full",0,1,1
"CRPS","GDPCTPI","1","BART","hom","ber3","b","full",0,0,0
"CRPS","GDPCTPI","1","BART","hom","ber3","f","full",0,0,0
"CRPS","GDPCTPI","1","BART","hom","ber5","s","full",0,1,1
"CRPS","GDPCTPI","1","BART","hom","ber5","b","full",0,0,0
"CRPS","GDPCTPI","1","BART","hom","ber5","f","full",0,1,1
"CRPS","GDPCTPI","1","BART","hom","fou3","s","full",0,1,1
"CRPS","GDPCTPI","1","BART","hom","fou3","b","full",0,0,0
"CRPS","GDPCTPI","1","BART","hom","fou3","f","full",0,0,0
"CRPS","GDPCTPI","1","GP","hom","blu","s","full",0,1,1
"CRPS","GDPCTPI","1","GP","hom","blu","b","full",0,0,0
"CRPS","GDPCTPI","1","GP","hom","blu","f","full",0,0,0
"CRPS","GDPCTPI","1","GP","hom","svd","s","full",1,1,2
"CRPS","GDPCTPI","1","GP","hom","svd","b","full",1,1,2
"CRPS","GDPCTPI","1","GP","hom","svd","f","full",1,1,2
"CRPS","GDPCTPI","1","GP","hom","br","s","full",0,1,1
"CRPS","GDPCTPI","1","GP","hom","br","b","full",1,1,2
"CRPS","GDPCTPI","1","GP","hom","br","f","full",0,1,1
"CRPS","GDPCTPI","1","GP","hom","eq","s","full",1,1,2
"CRPS","GDPCTPI","1","GP","hom","eq","b","full",0,0,0
"CRPS","GDPCTPI","1","GP","hom","eq","f","full",0,0,0
"CRPS","GDPCTPI","1","GP","hom","xalm","s","full",1,1,2
"CRPS","GDPCTPI","1","GP","hom","xalm","b","full",0,1,1
"CRPS","GDPCTPI","1","GP","hom","xalm","f","full",1,1,2
"CRPS","GDPCTPI","1","GP","hom","alm3","s","full",0,0,0
"CRPS","GDPCTPI","1","GP","hom","alm3","b","full",0,0,0
"CRPS","GDPCTPI","1","GP","hom","alm3","f","full",0,0,0
"CRPS","GDPCTPI","1","GP","hom","leg3","s","full",0,0,0
"CRPS","GDPCTPI","1","GP","hom","leg3","b","full",0,1,1
"CRPS","GDPCTPI","1","GP","hom","leg3","f","full",0,0,0
"CRPS","GDPCTPI","1","GP","hom","leg5","s","full",0,0,0
"CRPS","GDPCTPI","1","GP","hom","leg5","b","full",1,1,2
"CRPS","GDPCTPI","1","GP","hom","leg5","f","full",0,0,0
"CRPS","GDPCTPI","1","GP","hom","ber3","s","full",0,0,0
"CRPS","GDPCTPI","1","GP","hom","ber3","b","full",1,1,2
"CRPS","GDPCTPI","1","GP","hom","ber3","f","full",0,0,0
"CRPS","GDPCTPI","1","GP","hom","ber5","s","full",0,0,0
"CRPS","GDPCTPI","1","GP","hom","ber5","b","full",1,1,2
"CRPS","GDPCTPI","1","GP","hom","ber5","f","full",0,0,0
"CRPS","GDPCTPI","1","GP","hom","fou3","s","full",0,0,0
"CRPS","GDPCTPI","1","GP","hom","fou3","b","full",0,0,0
"CRPS","GDPCTPI","1","GP","hom","fou3","f","full",0,0,0
"CRPS","GDPCTPI","1","BLR","sv","blu","s","full",1,1,2
"CRPS","GDPCTPI","1","BLR","sv","blu","b","full",0,0,0
"CRPS","GDPCTPI","1","BLR","sv","blu","f","full",1,1,2
"CRPS","GDPCTPI","1","BLR","sv","svd","s","full",1,1,2
"CRPS","GDPCTPI","1","BLR","sv","svd","b","full",1,1,2
"CRPS","GDPCTPI","1","BLR","sv","svd","f","full",1,1,2
"CRPS","GDPCTPI","1","BLR","sv","br","s","full",1,1,2
"CRPS","GDPCTPI","1","BLR","sv","br","b","full",1,1,2
"CRPS","GDPCTPI","1","BLR","sv","br","f","full",1,1,2
"CRPS","GDPCTPI","1","BLR","sv","eq","s","full",1,1,2
"CRPS","GDPCTPI","1","BLR","sv","eq","b","full",1,1,2
"CRPS","GDPCTPI","1","BLR","sv","eq","f","full",1,1,2
"CRPS","GDPCTPI","1","BLR","sv","xalm","s","full",1,1,2
"CRPS","GDPCTPI","1","BLR","sv","xalm","b","full",1,1,2
"CRPS","GDPCTPI","1","BLR","sv","xalm","f","full",1,1,2
"CRPS","GDPCTPI","1","BLR","sv","alm3","s","full",1,1,2
"CRPS","GDPCTPI","1","BLR","sv","alm3","b","full",0,1,1
"CRPS","GDPCTPI","1","BLR","sv","alm3","f","full",1,1,2
"CRPS","GDPCTPI","1","BLR","sv","leg3","s","full",1,1,2
"CRPS","GDPCTPI","1","BLR","sv","leg3","b","full",0,0,0
"CRPS","GDPCTPI","1","BLR","sv","leg3","f","full",1,1,2
"CRPS","GDPCTPI","1","BLR","sv","leg5","s","full",1,1,2
"CRPS","GDPCTPI","1","BLR","sv","leg5","b","full",0,0,0
"CRPS","GDPCTPI","1","BLR","sv","leg5","f","full",1,1,2
"CRPS","GDPCTPI","1","BLR","sv","ber3","s","full",1,1,2
"CRPS","GDPCTPI","1","BLR","sv","ber3","b","full",0,0,0
"CRPS","GDPCTPI","1","BLR","sv","ber3","f","full",1,1,2
"CRPS","GDPCTPI","1","BLR","sv","ber5","s","full",1,1,2
"CRPS","GDPCTPI","1","BLR","sv","ber5","b","full",0,0,0
"CRPS","GDPCTPI","1","BLR","sv","ber5","f","full",1,1,2
"CRPS","GDPCTPI","1","BLR","sv","fou3","s","full",1,1,2
"CRPS","GDPCTPI","1","BLR","sv","fou3","b","full",0,0,0
"CRPS","GDPCTPI","1","BLR","sv","fou3","f","full",1,1,2
"CRPS","GDPCTPI","1","BART","sv","blu","s","full",0,0,0
"CRPS","GDPCTPI","1","BART","sv","blu","b","full",1,1,2
"CRPS","GDPCTPI","1","BART","sv","blu","f","full",1,1,2
"CRPS","GDPCTPI","1","BART","sv","svd","s","full",0,1,1
"CRPS","GDPCTPI","1","BART","sv","svd","b","full",0,1,1
"CRPS","GDPCTPI","1","BART","sv","svd","f","full",1,1,2
"CRPS","GDPCTPI","1","BART","sv","br","s","full",0,0,0
"CRPS","GDPCTPI","1","BART","sv","br","b","full",0,0,0
"CRPS","GDPCTPI","1","BART","sv","br","f","full",0,1,1
"CRPS","GDPCTPI","1","BART","sv","eq","s","full",1,1,2
"CRPS","GDPCTPI","1","BART","sv","eq","b","full",1,1,2
"CRPS","GDPCTPI","1","BART","sv","eq","f","full",0,0,0
"CRPS","GDPCTPI","1","BART","sv","xalm","s","full",0,1,1
"CRPS","GDPCTPI","1","BART","sv","xalm","b","full",0,0,0
"CRPS","GDPCTPI","1","BART","sv","xalm","f","full",0,0,0
"CRPS","GDPCTPI","1","BART","sv","alm3","s","full",0,1,1
"CRPS","GDPCTPI","1","BART","sv","alm3","b","full",0,0,0
"CRPS","GDPCTPI","1","BART","sv","alm3","f","full",0,1,1
"CRPS","GDPCTPI","1","BART","sv","leg3","s","full",1,1,2
"CRPS","GDPCTPI","1","BART","sv","leg3","b","full",0,0,0
"CRPS","GDPCTPI","1","BART","sv","leg3","f","full",0,1,1
"CRPS","GDPCTPI","1","BART","sv","leg5","s","full",0,1,1
"CRPS","GDPCTPI","1","BART","sv","leg5","b","full",1,1,2
"CRPS","GDPCTPI","1","BART","sv","leg5","f","full",1,1,2
"CRPS","GDPCTPI","1","BART","sv","ber3","s","full",0,1,1
"CRPS","GDPCTPI","1","BART","sv","ber3","b","full",0,0,0
"CRPS","GDPCTPI","1","BART","sv","ber3","f","full",0,0,0
"CRPS","GDPCTPI","1","BART","sv","ber5","s","full",0,1,1
"CRPS","GDPCTPI","1","BART","sv","ber5","b","full",0,0,0
"CRPS","GDPCTPI","1","BART","sv","ber5","f","full",1,1,2
"CRPS","GDPCTPI","1","BART","sv","fou3","s","full",0,1,1
"CRPS","GDPCTPI","1","BART","sv","fou3","b","full",0,0,0
"CRPS","GDPCTPI","1","BART","sv","fou3","f","full",0,0,0
"CRPS","GDPCTPI","1","GP","sv","blu","s","full",1,1,2
"CRPS","GDPCTPI","1","GP","sv","blu","b","full",1,1,2
"CRPS","GDPCTPI","1","GP","sv","blu","f","full",1,1,2
"CRPS","GDPCTPI","1","GP","sv","svd","s","full",1,1,2
"CRPS","GDPCTPI","1","GP","sv","svd","b","full",1,1,2
"CRPS","GDPCTPI","1","GP","sv","svd","f","full",1,1,2
"CRPS","GDPCTPI","1","GP","sv","br","s","full",1,1,2
"CRPS","GDPCTPI","1","GP","sv","br","b","full",1,1,2
"CRPS","GDPCTPI","1","GP","sv","br","f","full",1,1,2
"CRPS","GDPCTPI","1","GP","sv","eq","s","full",1,1,2
"CRPS","GDPCTPI","1","GP","sv","eq","b","full",1,1,2
"CRPS","GDPCTPI","1","GP","sv","eq","f","full",1,1,2
"CRPS","GDPCTPI","1","GP","sv","xalm","s","full",1,1,2
"CRPS","GDPCTPI","1","GP","sv","xalm","b","full",1,1,2
"CRPS","GDPCTPI","1","GP","sv","xalm","f","full",1,1,2
"CRPS","GDPCTPI","1","GP","sv","alm3","s","full",1,1,2
"CRPS","GDPCTPI","1","GP","sv","alm3","b","full",0,0,0
"CRPS","GDPCTPI","1","GP","sv","alm3","f","full",0,0,0
"CRPS","GDPCTPI","1","GP","sv","leg3","s","full",0,1,1
"CRPS","GDPCTPI","1","GP","sv","leg3","b","full",1,1,2
"CRPS","GDPCTPI","1","GP","sv","leg3","f","full",0,0,0
"CRPS","GDPCTPI","1","GP","sv","leg5","s","full",1,1,2
"CRPS","GDPCTPI","1","GP","sv","leg5","b","full",1,1,2
"CRPS","GDPCTPI","1","GP","sv","leg5","f","full",1,1,2
"CRPS","GDPCTPI","1","GP","sv","ber3","s","full",1,1,2
"CRPS","GDPCTPI","1","GP","sv","ber3","b","full",1,1,2
"CRPS","GDPCTPI","1","GP","sv","ber3","f","full",0,0,0
"CRPS","GDPCTPI","1","GP","sv","ber5","s","full",1,1,2
"CRPS","GDPCTPI","1","GP","sv","ber5","b","full",0,1,1
"CRPS","GDPCTPI","1","GP","sv","ber5","f","full",0,0,0
"CRPS","GDPCTPI","1","GP","sv","fou3","s","full",1,1,2
"CRPS","GDPCTPI","1","GP","sv","fou3","b","full",0,0,0
"CRPS","GDPCTPI","1","GP","sv","fou3","f","full",0,0,0
"CRPS","GDPCTPI","1","MFVAR","hom","blu","s","full",1,1,2
"CRPS","GDPCTPI","1","MFVAR","hom","blu","f","full",0,0,0
"CRPS","GDPCTPI","1","MFVAR","sv","blu","s","full",1,1,2
"CRPS","GDPCTPI","1","MFVAR","sv","blu","f","full",0,0,0
"CRPS","GDPC1","2/3","BLR","hom","blu","s","full",1,1,2
"CRPS","GDPC1","2/3","BLR","hom","blu","b","full",0,0,0
"CRPS","GDPC1","2/3","BLR","hom","blu","f","full",1,1,2
"CRPS","GDPC1","2/3","BLR","hom","svd","s","full",1,1,2
"CRPS","GDPC1","2/3","BLR","hom","svd","b","full",1,1,2
"CRPS","GDPC1","2/3","BLR","hom","svd","f","full",0,1,1
"CRPS","GDPC1","2/3","BLR","hom","br","s","full",1,1,2
"CRPS","GDPC1","2/3","BLR","hom","br","b","full",0,1,1
"CRPS","GDPC1","2/3","BLR","hom","br","f","full",1,1,2
"CRPS","GDPC1","2/3","BLR","hom","eq","s","full",1,1,2
"CRPS","GDPC1","2/3","BLR","hom","eq","b","full",1,1,2
"CRPS","GDPC1","2/3","BLR","hom","eq","f","full",0,1,1
"CRPS","GDPC1","2/3","BLR","hom","xalm","s","full",1,1,2
"CRPS","GDPC1","2/3","BLR","hom","xalm","b","full",1,1,2
"CRPS","GDPC1","2/3","BLR","hom","xalm","f","full",1,1,2
"CRPS","GDPC1","2/3","BLR","hom","alm3","s","full",1,1,2
"CRPS","GDPC1","2/3","BLR","hom","alm3","b","full",0,1,1
"CRPS","GDPC1","2/3","BLR","hom","alm3","f","full",1,1,2
"CRPS","GDPC1","2/3","BLR","hom","leg3","s","full",1,1,2
"CRPS","GDPC1","2/3","BLR","hom","leg3","b","full",0,1,1
"CRPS","GDPC1","2/3","BLR","hom","leg3","f","full",1,1,2
"CRPS","GDPC1","2/3","BLR","hom","leg5","s","full",1,1,2
"CRPS","GDPC1","2/3","BLR","hom","leg5","b","full",0,0,0
"CRPS","GDPC1","2/3","BLR","hom","leg5","f","full",1,1,2
"CRPS","GDPC1","2/3","BLR","hom","ber3","s","full",1,1,2
"CRPS","GDPC1","2/3","BLR","hom","ber3","b","full",1,1,2
"CRPS","GDPC1","2/3","BLR","hom","ber3","f","full",1,1,2
"CRPS","GDPC1","2/3","BLR","hom","ber5","s","full",1,1,2
"CRPS","GDPC1","2/3","BLR","hom","ber5","b","full",0,1,1
"CRPS","GDPC1","2/3","BLR","hom","ber5","f","full",1,1,2
"CRPS","GDPC1","2/3","BLR","hom","fou3","s","full",1,1,2
"CRPS","GDPC1","2/3","BLR","hom","fou3","b","full",0,1,1
"CRPS","GDPC1","2/3","BLR","hom","fou3","f","full",1,1,2
"CRPS","GDPC1","2/3","BART","hom","blu","s","full",0,1,1
"CRPS","GDPC1","2/3","BART","hom","blu","b","full",1,1,2
"CRPS","GDPC1","2/3","BART","hom","blu","f","full",1,1,2
"CRPS","GDPC1","2/3","BART","hom","svd","s","full",0,0,0
"CRPS","GDPC1","2/3","BART","hom","svd","b","full",0,1,1
"CRPS","GDPC1","2/3","BART","hom","svd","f","full",0,1,1
"CRPS","GDPC1","2/3","BART","hom","br","s","full",1,1,2
"CRPS","GDPC1","2/3","BART","hom","br","b","full",0,0,0
"CRPS","GDPC1","2/3","BART","hom","br","f","full",0,1,1
"CRPS","GDPC1","2/3","BART","hom","eq","s","full",1,1,2
"CRPS","GDPC1","2/3","BART","hom","eq","b","full",1,1,2
"CRPS","GDPC1","2/3","BART","hom","eq","f","full",0,1,1
"CRPS","GDPC1","2/3","BART","hom","xalm","s","full",1,1,2
"CRPS","GDPC1","2/3","BART","hom","xalm","b","full",1,1,2
"CRPS","GDPC1","2/3","BART","hom","xalm","f","full",1,1,2
"CRPS","GDPC1","2/3","BART","hom","alm3","s","full",1,1,2
"CRPS","GDPC1","2/3","BART","hom","alm3","b","full",1,1,2
"CRPS","GDPC1","2/3","BART","hom","alm3","f","full",0,0,0
"CRPS","GDPC1","2/3","BART","hom","leg3","s","full",1,1,2
"CRPS","GDPC1","2/3","BART","hom","leg3","b","full",1,1,2
"CRPS","GDPC1","2/3","BART","hom","leg3","f","full",0,1,1
"CRPS","GDPC1","2/3","BART","hom","leg5","s","full",1,1,2
"CRPS","GDPC1","2/3","BART","hom","leg5","b","full",1,1,2
"CRPS","GDPC1","2/3","BART","hom","leg5","f","full",0,1,1
"CRPS","GDPC1","2/3","BART","hom","ber3","s","full",1,1,2
"CRPS","GDPC1","2/3","BART","hom","ber3","b","full",1,1,2
"CRPS","GDPC1","2/3","BART","hom","ber3","f","full",1,1,2
"CRPS","GDPC1","2/3","BART","hom","ber5","s","full",0,1,1
"CRPS","GDPC1","2/3","BART","hom","ber5","b","full",0,0,0
"CRPS","GDPC1","2/3","BART","hom","ber5","f","full",0,0,0
"CRPS","GDPC1","2/3","BART","hom","fou3","s","full",1,1,2
"CRPS","GDPC1","2/3","BART","hom","fou3","b","full",1,1,2
"CRPS","GDPC1","2/3","BART","hom","fou3","f","full",0,0,0
"CRPS","GDPC1","2/3","GP","hom","blu","s","full",1,1,2
"CRPS","GDPC1","2/3","GP","hom","blu","b","full",0,1,1
"CRPS","GDPC1","2/3","GP","hom","blu","f","full",0,1,1
"CRPS","GDPC1","2/3","GP","hom","svd","s","full",0,0,0
"CRPS","GDPC1","2/3","GP","hom","svd","b","full",0,0,0
"CRPS","GDPC1","2/3","GP","hom","svd","f","full",0,0,0
"CRPS","GDPC1","2/3","GP","hom","br","s","full",1,1,2
"CRPS","GDPC1","2/3","GP","hom","br","b","full",1,1,2
"CRPS","GDPC1","2/3","GP","hom","br","f","full",1,1,2
"CRPS","GDPC1","2/3","GP","hom","eq","s","full",1,1,2
"CRPS","GDPC1","2/3","GP","hom","eq","b","full",0,1,1
"CRPS","GDPC1","2/3","GP","hom","eq","f","full",0,0,0
"CRPS","GDPC1","2/3","GP","hom","xalm","s","full",1,1,2
"CRPS","GDPC1","2/3","GP","hom","xalm","b","full",1,1,2
"CRPS","GDPC1","2/3","GP","hom","xalm","f","full",1,1,2
"CRPS","GDPC1","2/3","GP","hom","alm3","s","full",1,1,2
"CRPS","GDPC1","2/3","GP","hom","alm3","b","full",0,0,0
"CRPS","GDPC1","2/3","GP","hom","alm3","f","full",1,1,2
"CRPS","GDPC1","2/3","GP","hom","leg3","s","full",1,1,2
"CRPS","GDPC1","2/3","GP","hom","leg3","b","full",1,1,2
"CRPS","GDPC1","2/3","GP","hom","leg3","f","full",1,1,2
"CRPS","GDPC1","2/3","GP","hom","leg5","s","full",1,1,2
"CRPS","GDPC1","2/3","GP","hom","leg5","b","full",1,1,2
"CRPS","GDPC1","2/3","GP","hom","leg5","f","full",1,1,2
"CRPS","GDPC1","2/3","GP","hom","ber3","s","full",1,1,2
"CRPS","GDPC1","2/3","GP","hom","ber3","b","full",1,1,2
"CRPS","GDPC1","2/3","GP","hom","ber3","f","full",1,1,2
"CRPS","GDPC1","2/3","GP","hom","ber5","s","full",1,1,2
"CRPS","GDPC1","2/3","GP","hom","ber5","b","full",1,1,2
"CRPS","GDPC1","2/3","GP","hom","ber5","f","full",1,1,2
"CRPS","GDPC1","2/3","GP","hom","fou3","s","full",1,1,2
"CRPS","GDPC1","2/3","GP","hom","fou3","b","full",1,1,2
"CRPS","GDPC1","2/3","GP","hom","fou3","f","full",1,1,2
"CRPS","GDPC1","2/3","BLR","sv","blu","s","full",1,1,2
"CRPS","GDPC1","2/3","BLR","sv","blu","b","full",0,0,0
"CRPS","GDPC1","2/3","BLR","sv","blu","f","full",1,1,2
"CRPS","GDPC1","2/3","BLR","sv","svd","s","full",1,1,2
"CRPS","GDPC1","2/3","BLR","sv","svd","b","full",1,1,2
"CRPS","GDPC1","2/3","BLR","sv","svd","f","full",0,1,1
"CRPS","GDPC1","2/3","BLR","sv","br","s","full",1,1,2
"CRPS","GDPC1","2/3","BLR","sv","br","b","full",1,1,2
"CRPS","GDPC1","2/3","BLR","sv","br","f","full",1,1,2
"CRPS","GDPC1","2/3","BLR","sv","eq","s","full",1,1,2
"CRPS","GDPC1","2/3","BLR","sv","eq","b","full",1,1,2
"CRPS","GDPC1","2/3","BLR","sv","eq","f","full",0,1,1
"CRPS","GDPC1","2/3","BLR","sv","xalm","s","full",1,1,2
"CRPS","GDPC1","2/3","BLR","sv","xalm","b","full",1,1,2
"CRPS","GDPC1","2/3","BLR","sv","xalm","f","full",1,1,2
"CRPS","GDPC1","2/3","BLR","sv","alm3","s","full",1,1,2
"CRPS","GDPC1","2/3","BLR","sv","alm3","b","full",0,0,0
"CRPS","GDPC1","2/3","BLR","sv","alm3","f","full",1,1,2
"CRPS","GDPC1","2/3","BLR","sv","leg3","s","full",1,1,2
"CRPS","GDPC1","2/3","BLR","sv","leg3","b","full",0,1,1
"CRPS","GDPC1","2/3","BLR","sv","leg3","f","full",1,1,2
"CRPS","GDPC1","2/3","BLR","sv","leg5","s","full",1,1,2
"CRPS","GDPC1","2/3","BLR","sv","leg5","b","full",0,1,1
"CRPS","GDPC1","2/3","BLR","sv","leg5","f","full",1,1,2
"CRPS","GDPC1","2/3","BLR","sv","ber3","s","full",1,1,2
"CRPS","GDPC1","2/3","BLR","sv","ber3","b","full",1,1,2
"CRPS","GDPC1","2/3","BLR","sv","ber3","f","full",1,1,2
"CRPS","GDPC1","2/3","BLR","sv","ber5","s","full",1,1,2
"CRPS","GDPC1","2/3","BLR","sv","ber5","b","full",1,1,2
"CRPS","GDPC1","2/3","BLR","sv","ber5","f","full",1,1,2
"CRPS","GDPC1","2/3","BLR","sv","fou3","s","full",1,1,2
"CRPS","GDPC1","2/3","BLR","sv","fou3","b","full",0,0,0
"CRPS","GDPC1","2/3","BLR","sv","fou3","f","full",1,1,2
"CRPS","GDPC1","2/3","BART","sv","blu","s","full",0,1,1
"CRPS","GDPC1","2/3","BART","sv","blu","b","full",1,1,2
"CRPS","GDPC1","2/3","BART","sv","blu","f","full",1,1,2
"CRPS","GDPC1","2/3","BART","sv","svd","s","full",0,1,1
"CRPS","GDPC1","2/3","BART","sv","svd","b","full",0,0,0
"CRPS","GDPC1","2/3","BART","sv","svd","f","full",0,0,0
"CRPS","GDPC1","2/3","BART","sv","br","s","full",1,1,2
"CRPS","GDPC1","2/3","BART","sv","br","b","full",0,0,0
"CRPS","GDPC1","2/3","BART","sv","br","f","full",0,0,0
"CRPS","GDPC1","2/3","BART","sv","eq","s","full",1,1,2
"CRPS","GDPC1","2/3","BART","sv","eq","b","full",0,1,1
"CRPS","GDPC1","2/3","BART","sv","eq","f","full",0,1,1
"CRPS","GDPC1","2/3","BART","sv","xalm","s","full",1,1,2
"CRPS","GDPC1","2/3","BART","sv","xalm","b","full",0,0,0
"CRPS","GDPC1","2/3","BART","sv","xalm","f","full",0,0,0
"CRPS","GDPC1","2/3","BART","sv","alm3","s","full",0,1,1
"CRPS","GDPC1","2/3","BART","sv","alm3","b","full",0,1,1
"CRPS","GDPC1","2/3","BART","sv","alm3","f","full",0,0,0
"CRPS","GDPC1","2/3","BART","sv","leg3","s","full",1,1,2
"CRPS","GDPC1","2/3","BART","sv","leg3","b","full",1,1,2
"CRPS","GDPC1","2/3","BART","sv","leg3","f","full",0,1,1
"CRPS","GDPC1","2/3","BART","sv","leg5","s","full",1,1,2
"CRPS","GDPC1","2/3","BART","sv","leg5","b","full",1,1,2
"CRPS","GDPC1","2/3","BART","sv","leg5","f","full",0,1,1
"CRPS","GDPC1","2/3","BART","sv","ber3","s","full",0,1,1
"CRPS","GDPC1","2/3","BART","sv","ber3","b","full",1,1,2
"CRPS","GDPC1","2/3","BART","sv","ber3","f","full",0,1,1
"CRPS","GDPC1","2/3","BART","sv","ber5","s","full",0,0,0
"CRPS","GDPC1","2/3","BART","sv","ber5","b","full",0,1,1
"CRPS","GDPC1","2/3","BART","sv","ber5","f","full",0,1,1
"CRPS","GDPC1","2/3","BART","sv","fou3","s","full",0,1,1
"CRPS","GDPC1","2/3","BART","sv","fou3","b","full",0,1,1
"CRPS","GDPC1","2/3","BART","sv","fou3","f","full",0,0,0
"CRPS","GDPC1","2/3","GP","sv","blu","s","full",1,1,2
"CRPS","GDPC1","2/3","GP","sv","blu","b","full",1,1,2
"CRPS","GDPC1","2/3","GP","sv","blu","f","full",1,1,2
"CRPS","GDPC1","2/3","GP","sv","svd","s","full",1,1,2
"CRPS","GDPC1","2/3","GP","sv","svd","b","full",0,1,1
"CRPS","GDPC1","2/3","GP","sv","svd","f","full",1,1,2
"CRPS","GDPC1","2/3","GP","sv","br","s","full",1,1,2
"CRPS","GDPC1","2/3","GP","sv","br","b","full",1,1,2
"CRPS","GDPC1","2/3","GP","sv","br","f","full",1,1,2
"CRPS","GDPC1","2/3","GP","sv","eq","s","full",1,1,2
"CRPS","GDPC1","2/3","GP","sv","eq","b","full",1,1,2
"CRPS","GDPC1","2/3","GP","sv","eq","f","full",1,1,2
"CRPS","GDPC1","2/3","GP","sv","xalm","s","full",1,1,2
"CRPS","GDPC1","2/3","GP","sv","xalm","b","full",1,1,2
"CRPS","GDPC1","2/3","GP","sv","xalm","f","full",1,1,2
"CRPS","GDPC1","2/3","GP","sv","alm3","s","full",1,1,2
"CRPS","GDPC1","2/3","GP","sv","alm3","b","full",1,1,2
"CRPS","GDPC1","2/3","GP","sv","alm3","f","full",1,1,2
"CRPS","GDPC1","2/3","GP","sv","leg3","s","full",1,1,2
"CRPS","GDPC1","2/3","GP","sv","leg3","b","full",1,1,2
"CRPS","GDPC1","2/3","GP","sv","leg3","f","full",1,1,2
"CRPS","GDPC1","2/3","GP","sv","leg5","s","full",1,1,2
"CRPS","GDPC1","2/3","GP","sv","leg5","b","full",1,1,2
"CRPS","GDPC1","2/3","GP","sv","leg5","f","full",1,1,2
"CRPS","GDPC1","2/3","GP","sv","ber3","s","full",1,1,2
"CRPS","GDPC1","2/3","GP","sv","ber3","b","full",1,1,2
"CRPS","GDPC1","2/3","GP","sv","ber3","f","full",1,1,2
"CRPS","GDPC1","2/3","GP","sv","ber5","s","full",1,1,2
"CRPS","GDPC1","2/3","GP","sv","ber5","b","full",1,1,2
"CRPS","GDPC1","2/3","GP","sv","ber5","f","full",1,1,2
"CRPS","GDPC1","2/3","GP","sv","fou3","s","full",1,1,2
"CRPS","GDPC1","2/3","GP","sv","fou3","b","full",1,1,2
"CRPS","GDPC1","2/3","GP","sv","fou3","f","full",1,1,2
"CRPS","GDPC1","2/3","MFVAR","hom","blu","s","full",1,1,2
"CRPS","GDPC1","2/3","MFVAR","hom","blu","f","full",1,1,2
"CRPS","GDPC1","2/3","MFVAR","sv","blu","s","full",1,1,2
"CRPS","GDPC1","2/3","MFVAR","sv","blu","f","full",1,1,2
"CRPS","GDPCTPI","2/3","BLR","hom","blu","s","full",1,1,2
"CRPS","GDPCTPI","2/3","BLR","hom","blu","b","full",0,0,0
"CRPS","GDPCTPI","2/3","BLR","hom","blu","f","full",1,1,2
"CRPS","GDPCTPI","2/3","BLR","hom","svd","s","full",0,0,0
"CRPS","GDPCTPI","2/3","BLR","hom","svd","b","full",0,0,0
"CRPS","GDPCTPI","2/3","BLR","hom","svd","f","full",0,0,0
"CRPS","GDPCTPI","2/3","BLR","hom","br","s","full",0,0,0
"CRPS","GDPCTPI","2/3","BLR","hom","br","b","full",0,0,0
"CRPS","GDPCTPI","2/3","BLR","hom","br","f","full",0,0,0
"CRPS","GDPCTPI","2/3","BLR","hom","eq","s","full",1,1,2
"CRPS","GDPCTPI","2/3","BLR","hom","eq","b","full",1,1,2
"CRPS","GDPCTPI","2/3","BLR","hom","eq","f","full",0,1,1
"CRPS","GDPCTPI","2/3","BLR","hom","xalm","s","full",1,1,2
"CRPS","GDPCTPI","2/3","BLR","hom","xalm","b","full",1,1,2
"CRPS","GDPCTPI","2/3","BLR","hom","xalm","f","full",1,1,2
"CRPS","GDPCTPI","2/3","BLR","hom","alm3","s","full",0,0,0
"CRPS","GDPCTPI","2/3","BLR","hom","alm3","b","full",0,0,0
"CRPS","GDPCTPI","2/3","BLR","hom","alm3","f","full",0,0,0
"CRPS","GDPCTPI","2/3","BLR","hom","leg3","s","full",1,1,2
"CRPS","GDPCTPI","2/3","BLR","hom","leg3","b","full",0,0,0
"CRPS","GDPCTPI","2/3","BLR","hom","leg3","f","full",1,1,2
"CRPS","GDPCTPI","2/3","BLR","hom","leg5","s","full",1,1,2
"CRPS","GDPCTPI","2/3","BLR","hom","leg5","b","full",0,0,0
"CRPS","GDPCTPI","2/3","BLR","hom","leg5","f","full",1,1,2
"CRPS","GDPCTPI","2/3","BLR","hom","ber3","s","full",0,0,0
"CRPS","GDPCTPI","2/3","BLR","hom","ber3","b","full",1,1,2
"CRPS","GDPCTPI","2/3","BLR","hom","ber3","f","full",1,1,2
"CRPS","GDPCTPI","2/3","BLR","hom","ber5","s","full",0,1,1
"CRPS","GDPCTPI","2/3","BLR","hom","ber5","b","full",0,0,0
"CRPS","GDPCTPI","2/3","BLR","hom","ber5","f","full",1,1,2
"CRPS","GDPCTPI","2/3","BLR","hom","fou3","s","full",0,0,0
"CRPS","GDPCTPI","2/3","BLR","hom","fou3","b","full",0,0,0
"CRPS","GDPCTPI","2/3","BLR","hom","fou3","f","full",0,1,1
"CRPS","GDPCTPI","2/3","BART","hom","blu","s","full",0,0,0
"CRPS","GDPCTPI","2/3","BART","hom","blu","b","full",1,1,2
"CRPS","GDPCTPI","2/3","BART","hom","blu","f","full",0,0,0
"CRPS","GDPCTPI","2/3","BART","hom","svd","s","full",0,0,0
"CRPS","GDPCTPI","2/3","BART","hom","svd","b","full",0,0,0
"CRPS","GDPCTPI","2/3","BART","hom","svd","f","full",0,0,0
"CRPS","GDPCTPI","2/3","BART","hom","br","s","full",0,0,0
"CRPS","GDPCTPI","2/3","BART","hom","br","b","full",1,1,2
"CRPS","GDPCTPI","2/3","BART","hom","br","f","full",0,0,0
"CRPS","GDPCTPI","2/3","BART","hom","eq","s","full",0,0,0
"CRPS","GDPCTPI","2/3","BART","hom","eq","b","full",1,1,2
"CRPS","GDPCTPI","2/3","BART","hom","eq","f","full",0,0,0
"CRPS","GDPCTPI","2/3","BART","hom","xalm","s","full",0,0,0
"CRPS","GDPCTPI","2/3","BART","hom","xalm","b","full",1,1,2
"CRPS","GDPCTPI","2/3","BART","hom","xalm","f","full",0,0,0
"CRPS","GDPCTPI","2/3","BART","hom","alm3","s","full",0,0,0
"CRPS","GDPCTPI","2/3","BART","hom","alm3","b","full",1,1,2
"CRPS","GDPCTPI","2/3","BART","hom","alm3","f","full",0,0,0
"CRPS","GDPCTPI","2/3","BART","hom","leg3","s","full",0,0,0
"CRPS","GDPCTPI","2/3","BART","hom","leg3","b","full",1,1,2
"CRPS","GDPCTPI","2/3","BART","hom","leg3","f","full",0,1,1
"CRPS","GDPCTPI","2/3","BART","hom","leg5","s","full",0,0,0
"CRPS","GDPCTPI","2/3","BART","hom","leg5","b","full",1,1,2
"CRPS","GDPCTPI","2/3","BART","hom","leg5","f","full",0,1,1
"CRPS","GDPCTPI","2/3","BART","hom","ber3","s","full",1,1,2
"CRPS","GDPCTPI","2/3","BART","hom","ber3","b","full",1,1,2
"CRPS","GDPCTPI","2/3","BART","hom","ber3","f","full",0,0,0
"CRPS","GDPCTPI","2/3","BART","hom","ber5","s","full",0,1,1
"CRPS","GDPCTPI","2/3","BART","hom","ber5","b","full",1,1,2
"CRPS","GDPCTPI","2/3","BART","hom","ber5","f","full",0,0,0
"CRPS","GDPCTPI","2/3","BART","hom","fou3","s","full",0,1,1
"CRPS","GDPCTPI","2/3","BART","hom","fou3","b","full",1,1,2
"CRPS","GDPCTPI","2/3","BART","hom","fou3","f","full",0,0,0
"CRPS","GDPCTPI","2/3","GP","hom","blu","s","full",0,0,0
"CRPS","GDPCTPI","2/3","GP","hom","blu","b","full",0,0,0
"CRPS","GDPCTPI","2/3","GP","hom","blu","f","full",0,0,0
"CRPS","GDPCTPI","2/3","GP","hom","svd","s","full",1,1,2
"CRPS","GDPCTPI","2/3","GP","hom","svd","b","full",1,1,2
"CRPS","GDPCTPI","2/3","GP","hom","svd","f","full",0,1,1
"CRPS","GDPCTPI","2/3","GP","hom","br","s","full",0,1,1
"CRPS","GDPCTPI","2/3","GP","hom","br","b","full",0,0,0
"CRPS","GDPCTPI","2/3","GP","hom","br","f","full",1,1,2
"CRPS","GDPCTPI","2/3","GP","hom","eq","s","full",0,1,1
"CRPS","GDPCTPI","2/3","GP","hom","eq","b","full",1,1,2
"CRPS","GDPCTPI","2/3","GP","hom","eq","f","full",1,1,2
"CRPS","GDPCTPI","2/3","GP","hom","xalm","s","full",1,1,2
"CRPS","GDPCTPI","2/3","GP","hom","xalm","b","full",1,1,2
"CRPS","GDPCTPI","2/3","GP","hom","xalm","f","full",1,1,2
"CRPS","GDPCTPI","2/3","GP","hom","alm3","s","full",0,0,0
"CRPS","GDPCTPI","2/3","GP","hom","alm3","b","full",1,1,2
"CRPS","GDPCTPI","2/3","GP","hom","alm3","f","full",1,1,2
"CRPS","GDPCTPI","2/3","GP","hom","leg3","s","full",0,0,0
"CRPS","GDPCTPI","2/3","GP","hom","leg3","b","full",0,0,0
"CRPS","GDPCTPI","2/3","GP","hom","leg3","f","full",0,1,1
"CRPS","GDPCTPI","2/3","GP","hom","leg5","s","full",0,0,0
"CRPS","GDPCTPI","2/3","GP","hom","leg5","b","full",0,0,0
"CRPS","GDPCTPI","2/3","GP","hom","leg5","f","full",0,0,0
"CRPS","GDPCTPI","2/3","GP","hom","ber3","s","full",0,0,0
"CRPS","GDPCTPI","2/3","GP","hom","ber3","b","full",1,1,2
"CRPS","GDPCTPI","2/3","GP","hom","ber3","f","full",1,1,2
"CRPS","GDPCTPI","2/3","GP","hom","ber5","s","full",0,0,0
"CRPS","GDPCTPI","2/3","GP","hom","ber5","b","full",0,0,0
"CRPS","GDPCTPI","2/3","GP","hom","ber5","f","full",1,1,2
"CRPS","GDPCTPI","2/3","GP","hom","fou3","s","full",0,0,0
"CRPS","GDPCTPI","2/3","GP","hom","fou3","b","full",1,1,2
"CRPS","GDPCTPI","2/3","GP","hom","fou3","f","full",0,1,1
"CRPS","GDPCTPI","2/3","BLR","sv","blu","s","full",1,1,2
"CRPS","GDPCTPI","2/3","BLR","sv","blu","b","full",0,0,0
"CRPS","GDPCTPI","2/3","BLR","sv","blu","f","full",1,1,2
"CRPS","GDPCTPI","2/3","BLR","sv","svd","s","full",1,1,2
"CRPS","GDPCTPI","2/3","BLR","sv","svd","b","full",1,1,2
"CRPS","GDPCTPI","2/3","BLR","sv","svd","f","full",1,1,2
"CRPS","GDPCTPI","2/3","BLR","sv","br","s","full",1,1,2
"CRPS","GDPCTPI","2/3","BLR","sv","br","b","full",1,1,2
"CRPS","GDPCTPI","2/3","BLR","sv","br","f","full",1,1,2
"CRPS","GDPCTPI","2/3","BLR","sv","eq","s","full",1,1,2
"CRPS","GDPCTPI","2/3","BLR","sv","eq","b","full",1,1,2
"CRPS","GDPCTPI","2/3","BLR","sv","eq","f","full",1,1,2
"CRPS","GDPCTPI","2/3","BLR","sv","xalm","s","full",1,1,2
"CRPS","GDPCTPI","2/3","BLR","sv","xalm","b","full",1,1,2
"CRPS","GDPCTPI","2/3","BLR","sv","xalm","f","full",1,1,2
"CRPS","GDPCTPI","2/3","BLR","sv","alm3","s","full",1,1,2
"CRPS","GDPCTPI","2/3","BLR","sv","alm3","b","full",1,1,2
"CRPS","GDPCTPI","2/3","BLR","sv","alm3","f","full",1,1,2
"CRPS","GDPCTPI","2/3","BLR","sv","leg3","s","full",1,1,2
"CRPS","GDPCTPI","2/3","BLR","sv","leg3","b","full",1,1,2
"CRPS","GDPCTPI","2/3","BLR","sv","leg3","f","full",1,1,2
"CRPS","GDPCTPI","2/3","BLR","sv","leg5","s","full",1,1,2
"CRPS","GDPCTPI","2/3","BLR","sv","leg5","b","full",0,0,0
"CRPS","GDPCTPI","2/3","BLR","sv","leg5","f","full",1,1,2
"CRPS","GDPCTPI","2/3","BLR","sv","ber3","s","full",1,1,2
"CRPS","GDPCTPI","2/3","BLR","sv","ber3","b","full",1,1,2
"CRPS","GDPCTPI","2/3","BLR","sv","ber3","f","full",1,1,2
"CRPS","GDPCTPI","2/3","BLR","sv","ber5","s","full",1,1,2
"CRPS","GDPCTPI","2/3","BLR","sv","ber5","b","full",1,1,2
"CRPS","GDPCTPI","2/3","BLR","sv","ber5","f","full",1,1,2
"CRPS","GDPCTPI","2/3","BLR","sv","fou3","s","full",1,1,2
"CRPS","GDPCTPI","2/3","BLR","sv","fou3","b","full",1,1,2
"CRPS","GDPCTPI","2/3","BLR","sv","fou3","f","full",1,1,2
"CRPS","GDPCTPI","2/3","BART","sv","blu","s","full",0,0,0
"CRPS","GDPCTPI","2/3","BART","sv","blu","b","full",0,0,0
"CRPS","GDPCTPI","2/3","BART","sv","blu","f","full",0,0,0
"CRPS","GDPCTPI","2/3","BART","sv","svd","s","full",0,0,0
"CRPS","GDPCTPI","2/3","BART","sv","svd","b","full",0,0,0
"CRPS","GDPCTPI","2/3","BART","sv","svd","f","full",0,0,0
"CRPS","GDPCTPI","2/3","BART","sv","br","s","full",0,0,0
"CRPS","GDPCTPI","2/3","BART","sv","br","b","full",0,0,0
"CRPS","GDPCTPI","2/3","BART","sv","br","f","full",0,0,0
"CRPS","GDPCTPI","2/3","BART","sv","eq","s","full",0,0,0
"CRPS","GDPCTPI","2/3","BART","sv","eq","b","full",1,1,2
"CRPS","GDPCTPI","2/3","BART","sv","eq","f","full",0,0,0
"CRPS","GDPCTPI","2/3","BART","sv","xalm","s","full",0,0,0
"CRPS","GDPCTPI","2/3","BART","sv","xalm","b","full",1,1,2
"CRPS","GDPCTPI","2/3","BART","sv","xalm","f","full",0,1,1
"CRPS","GDPCTPI","2/3","BART","sv","alm3","s","full",0,0,0
"CRPS","GDPCTPI","2/3","BART","sv","alm3","b","full",0,0,0
"CRPS","GDPCTPI","2/3","BART","sv","alm3","f","full",0,0,0
"CRPS","GDPCTPI","2/3","BART","sv","leg3","s","full",0,0,0
"CRPS","GDPCTPI","2/3","BART","sv","leg3","b","full",0,0,0
"CRPS","GDPCTPI","2/3","BART","sv","leg3","f","full",0,0,0
"CRPS","GDPCTPI","2/3","BART","sv","leg5","s","full",0,0,0
"CRPS","GDPCTPI","2/3","BART","sv","leg5","b","full",1,1,2
"CRPS","GDPCTPI","2/3","BART","sv","leg5","f","full",1,1,2
"CRPS","GDPCTPI","2/3","BART","sv","ber3","s","full",1,1,2
"CRPS","GDPCTPI","2/3","BART","sv","ber3","b","full",0,0,0
"CRPS","GDPCTPI","2/3","BART","sv","ber3","f","full",0,0,0
"CRPS","GDPCTPI","2/3","BART","sv","ber5","s","full",0,1,1
"CRPS","GDPCTPI","2/3","BART","sv","ber5","b","full",0,0,0
"CRPS","GDPCTPI","2/3","BART","sv","ber5","f","full",0,0,0
"CRPS","GDPCTPI","2/3","BART","sv","fou3","s","full",0,1,1
"CRPS","GDPCTPI","2/3","BART","sv","fou3","b","full",1,1,2
"CRPS","GDPCTPI","2/3","BART","sv","fou3","f","full",0,0,0
"CRPS","GDPCTPI","2/3","GP","sv","blu","s","full",0,1,1
"CRPS","GDPCTPI","2/3","GP","sv","blu","b","full",0,0,0
"CRPS","GDPCTPI","2/3","GP","sv","blu","f","full",0,1,1
"CRPS","GDPCTPI","2/3","GP","sv","svd","s","full",1,1,2
"CRPS","GDPCTPI","2/3","GP","sv","svd","b","full",1,1,2
"CRPS","GDPCTPI","2/3","GP","sv","svd","f","full",1,1,2
"CRPS","GDPCTPI","2/3","GP","sv","br","s","full",1,1,2
"CRPS","GDPCTPI","2/3","GP","sv","br","b","full",0,1,1
"CRPS","GDPCTPI","2/3","GP","sv","br","f","full",1,1,2
"CRPS","GDPCTPI","2/3","GP","sv","eq","s","full",1,1,2
"CRPS","GDPCTPI","2/3","GP","sv","eq","b","full",1,1,2
"CRPS","GDPCTPI","2/3","GP","sv","eq","f","full",1,1,2
"CRPS","GDPCTPI","2/3","GP","sv","xalm","s","full",1,1,2
"CRPS","GDPCTPI","2/3","GP","sv","xalm","b","full",1,1,2
"CRPS","GDPCTPI","2/3","GP","sv","xalm","f","full",1,1,2
"CRPS","GDPCTPI","2/3","GP","sv","alm3","s","full",0,0,0
"CRPS","GDPCTPI","2/3","GP","sv","alm3","b","full",1,1,2
"CRPS","GDPCTPI","2/3","GP","sv","alm3","f","full",0,0,0
"CRPS","GDPCTPI","2/3","GP","sv","leg3","s","full",0,1,1
"CRPS","GDPCTPI","2/3","GP","sv","leg3","b","full",0,0,0
"CRPS","GDPCTPI","2/3","GP","sv","leg3","f","full",0,1,1
"CRPS","GDPCTPI","2/3","GP","sv","leg5","s","full",0,0,0
"CRPS","GDPCTPI","2/3","GP","sv","leg5","b","full",0,0,0
"CRPS","GDPCTPI","2/3","GP","sv","leg5","f","full",0,1,1
"CRPS","GDPCTPI","2/3","GP","sv","ber3","s","full",0,1,1
"CRPS","GDPCTPI","2/3","GP","sv","ber3","b","full",1,1,2
"CRPS","GDPCTPI","2/3","GP","sv","ber3","f","full",1,1,2
"CRPS","GDPCTPI","2/3","GP","sv","ber5","s","full",0,1,1
"CRPS","GDPCTPI","2/3","GP","sv","ber5","b","full",1,1,2
"CRPS","GDPCTPI","2/3","GP","sv","ber5","f","full",1,1,2
"CRPS","GDPCTPI","2/3","GP","sv","fou3","s","full",0,0,0
"CRPS","GDPCTPI","2/3","GP","sv","fou3","b","full",1,1,2
"CRPS","GDPCTPI","2/3","GP","sv","fou3","f","full",0,1,1
"CRPS","GDPCTPI","2/3","MFVAR","hom","blu","s","full",0,0,0
"CRPS","GDPCTPI","2/3","MFVAR","hom","blu","f","full",0,0,0
"CRPS","GDPCTPI","2/3","MFVAR","sv","blu","s","full",0,0,0
"CRPS","GDPCTPI","2/3","MFVAR","sv","blu","f","full",0,0,0
"CRPS","GDPC1","1/3","BLR","hom","blu","s","full",1,1,2
"CRPS","GDPC1","1/3","BLR","hom","blu","b","full",1,1,2
"CRPS","GDPC1","1/3","BLR","hom","blu","f","full",1,1,2
"CRPS","GDPC1","1/3","BLR","hom","svd","s","full",0,0,0
"CRPS","GDPC1","1/3","BLR","hom","svd","b","full",1,1,2
"CRPS","GDPC1","1/3","BLR","hom","svd","f","full",0,0,0
"CRPS","GDPC1","1/3","BLR","hom","br","s","full",1,1,2
"CRPS","GDPC1","1/3","BLR","hom","br","b","full",1,1,2
"CRPS","GDPC1","1/3","BLR","hom","br","f","full",1,1,2
"CRPS","GDPC1","1/3","BLR","hom","eq","s","full",1,1,2
"CRPS","GDPC1","1/3","BLR","hom","eq","b","full",1,1,2
"CRPS","GDPC1","1/3","BLR","hom","eq","f","full",1,1,2
"CRPS","GDPC1","1/3","BLR","hom","xalm","s","full",1,1,2
"CRPS","GDPC1","1/3","BLR","hom","xalm","b","full",1,1,2
"CRPS","GDPC1","1/3","BLR","hom","xalm","f","full",1,1,2
"CRPS","GDPC1","1/3","BLR","hom","alm3","s","full",1,1,2
"CRPS","GDPC1","1/3","BLR","hom","alm3","b","full",1,1,2
"CRPS","GDPC1","1/3","BLR","hom","alm3","f","full",1,1,2
"CRPS","GDPC1","1/3","BLR","hom","leg3","s","full",1,1,2
"CRPS","GDPC1","1/3","BLR","hom","leg3","b","full",1,1,2
"CRPS","GDPC1","1/3","BLR","hom","leg3","f","full",1,1,2
"CRPS","GDPC1","1/3","BLR","hom","leg5","s","full",1,1,2
"CRPS","GDPC1","1/3","BLR","hom","leg5","b","full",1,1,2
"CRPS","GDPC1","1/3","BLR","hom","leg5","f","full",1,1,2
"CRPS","GDPC1","1/3","BLR","hom","ber3","s","full",1,1,2
"CRPS","GDPC1","1/3","BLR","hom","ber3","b","full",1,1,2
"CRPS","GDPC1","1/3","BLR","hom","ber3","f","full",1,1,2
"CRPS","GDPC1","1/3","BLR","hom","ber5","s","full",1,1,2
"CRPS","GDPC1","1/3","BLR","hom","ber5","b","full",1,1,2
"CRPS","GDPC1","1/3","BLR","hom","ber5","f","full",1,1,2
"CRPS","GDPC1","1/3","BLR","hom","fou3","s","full",1,1,2
"CRPS","GDPC1","1/3","BLR","hom","fou3","b","full",1,1,2
"CRPS","GDPC1","1/3","BLR","hom","fou3","f","full",1,1,2
"CRPS","GDPC1","1/3","BART","hom","blu","s","full",1,1,2
"CRPS","GDPC1","1/3","BART","hom","blu","b","full",1,1,2
"CRPS","GDPC1","1/3","BART","hom","blu","f","full",1,1,2
"CRPS","GDPC1","1/3","BART","hom","svd","s","full",0,0,0
"CRPS","GDPC1","1/3","BART","hom","svd","b","full",0,0,0
"CRPS","GDPC1","1/3","BART","hom","svd","f","full",0,0,0
"CRPS","GDPC1","1/3","BART","hom","br","s","full",1,1,2
"CRPS","GDPC1","1/3","BART","hom","br","b","full",1,1,2
"CRPS","GDPC1","1/3","BART","hom","br","f","full",0,1,1
"CRPS","GDPC1","1/3","BART","hom","eq","s","full",1,1,2
"CRPS","GDPC1","1/3","BART","hom","eq","b","full",0,0,0
"CRPS","GDPC1","1/3","BART","hom","eq","f","full",0,1,1
"CRPS","GDPC1","1/3","BART","hom","xalm","s","full",1,1,2
"CRPS","GDPC1","1/3","BART","hom","xalm","b","full",1,1,2
"CRPS","GDPC1","1/3","BART","hom","xalm","f","full",1,1,2
"CRPS","GDPC1","1/3","BART","hom","alm3","s","full",0,0,0
"CRPS","GDPC1","1/3","BART","hom","alm3","b","full",0,0,0
"CRPS","GDPC1","1/3","BART","hom","alm3","f","full",0,0,0
"CRPS","GDPC1","1/3","BART","hom","leg3","s","full",1,1,2
"CRPS","GDPC1","1/3","BART","hom","leg3","b","full",1,1,2
"CRPS","GDPC1","1/3","BART","hom","leg3","f","full",1,1,2
"CRPS","GDPC1","1/3","BART","hom","leg5","s","full",1,1,2
"CRPS","GDPC1","1/3","BART","hom","leg5","b","full",1,1,2
"CRPS","GDPC1","1/3","BART","hom","leg5","f","full",0,1,1
"CRPS","GDPC1","1/3","BART","hom","ber3","s","full",1,1,2
"CRPS","GDPC1","1/3","BART","hom","ber3","b","full",0,1,1
"CRPS","GDPC1","1/3","BART","hom","ber3","f","full",1,1,2
"CRPS","GDPC1","1/3","BART","hom","ber5","s","full",1,1,2
"CRPS","GDPC1","1/3","BART","hom","ber5","b","full",1,1,2
"CRPS","GDPC1","1/3","BART","hom","ber5","f","full",1,1,2
"CRPS","GDPC1","1/3","BART","hom","fou3","s","full",1,1,2
"CRPS","GDPC1","1/3","BART","hom","fou3","b","full",1,1,2
"CRPS","GDPC1","1/3","BART","hom","fou3","f","full",0,0,0
"CRPS","GDPC1","1/3","GP","hom","blu","s","full",1,1,2
"CRPS","GDPC1","1/3","GP","hom","blu","b","full",0,1,1
"CRPS","GDPC1","1/3","GP","hom","blu","f","full",0,1,1
"CRPS","GDPC1","1/3","GP","hom","svd","s","full",0,0,0
"CRPS","GDPC1","1/3","GP","hom","svd","b","full",0,1,1
"CRPS","GDPC1","1/3","GP","hom","svd","f","full",0,0,0
"CRPS","GDPC1","1/3","GP","hom","br","s","full",1,1,2
"CRPS","GDPC1","1/3","GP","hom","br","b","full",1,1,2
"CRPS","GDPC1","1/3","GP","hom","br","f","full",1,1,2
"CRPS","GDPC1","1/3","GP","hom","eq","s","full",1,1,2
"CRPS","GDPC1","1/3","GP","hom","eq","b","full",1,1,2
"CRPS","GDPC1","1/3","GP","hom","eq","f","full",0,0,0
"CRPS","GDPC1","1/3","GP","hom","xalm","s","full",1,1,2
"CRPS","GDPC1","1/3","GP","hom","xalm","b","full",1,1,2
"CRPS","GDPC1","1/3","GP","hom","xalm","f","full",1,1,2
"CRPS","GDPC1","1/3","GP","hom","alm3","s","full",1,1,2
"CRPS","GDPC1","1/3","GP","hom","alm3","b","full",0,1,1
"CRPS","GDPC1","1/3","GP","hom","alm3","f","full",1,1,2
"CRPS","GDPC1","1/3","GP","hom","leg3","s","full",1,1,2
"CRPS","GDPC1","1/3","GP","hom","leg3","b","full",1,1,2
"CRPS","GDPC1","1/3","GP","hom","leg3","f","full",1,1,2
"CRPS","GDPC1","1/3","GP","hom","leg5","s","full",1,1,2
"CRPS","GDPC1","1/3","GP","hom","leg5","b","full",1,1,2
"CRPS","GDPC1","1/3","GP","hom","leg5","f","full",1,1,2
"CRPS","GDPC1","1/3","GP","hom","ber3","s","full",1,1,2
"CRPS","GDPC1","1/3","GP","hom","ber3","b","full",1,1,2
"CRPS","GDPC1","1/3","GP","hom","ber3","f","full",1,1,2
"CRPS","GDPC1","1/3","GP","hom","ber5","s","full",1,1,2
"CRPS","GDPC1","1/3","GP","hom","ber5","b","full",1,1,2
"CRPS","GDPC1","1/3","GP","hom","ber5","f","full",1,1,2
"CRPS","GDPC1","1/3","GP","hom","fou3","s","full",1,1,2
"CRPS","GDPC1","1/3","GP","hom","fou3","b","full",1,1,2
"CRPS","GDPC1","1/3","GP","hom","fou3","f","full",1,1,2
"CRPS","GDPC1","1/3","BLR","sv","blu","s","full",1,1,2
"CRPS","GDPC1","1/3","BLR","sv","blu","b","full",1,1,2
"CRPS","GDPC1","1/3","BLR","sv","blu","f","full",1,1,2
"CRPS","GDPC1","1/3","BLR","sv","svd","s","full",0,0,0
"CRPS","GDPC1","1/3","BLR","sv","svd","b","full",1,1,2
"CRPS","GDPC1","1/3","BLR","sv","svd","f","full",0,0,0
"CRPS","GDPC1","1/3","BLR","sv","br","s","full",1,1,2
"CRPS","GDPC1","1/3","BLR","sv","br","b","full",1,1,2
"CRPS","GDPC1","1/3","BLR","sv","br","f","full",1,1,2
"CRPS","GDPC1","1/3","BLR","sv","eq","s","full",1,1,2
"CRPS","GDPC1","1/3","BLR","sv","eq","b","full",1,1,2
"CRPS","GDPC1","1/3","BLR","sv","eq","f","full",1,1,2
"CRPS","GDPC1","1/3","BLR","sv","xalm","s","full",1,1,2
"CRPS","GDPC1","1/3","BLR","sv","xalm","b","full",1,1,2
"CRPS","GDPC1","1/3","BLR","sv","xalm","f","full",1,1,2
"CRPS","GDPC1","1/3","BLR","sv","alm3","s","full",1,1,2
"CRPS","GDPC1","1/3","BLR","sv","alm3","b","full",1,1,2
"CRPS","GDPC1","1/3","BLR","sv","alm3","f","full",1,1,2
"CRPS","GDPC1","1/3","BLR","sv","leg3","s","full",1,1,2
"CRPS","GDPC1","1/3","BLR","sv","leg3","b","full",1,1,2
"CRPS","GDPC1","1/3","BLR","sv","leg3","f","full",1,1,2
"CRPS","GDPC1","1/3","BLR","sv","leg5","s","full",1,1,2
"CRPS","GDPC1","1/3","BLR","sv","leg5","b","full",1,1,2
"CRPS","GDPC1","1/3","BLR","sv","leg5","f","full",1,1,2
"CRPS","GDPC1","1/3","BLR","sv","ber3","s","full",1,1,2
"CRPS","GDPC1","1/3","BLR","sv","ber3","b","full",1,1,2
"CRPS","GDPC1","1/3","BLR","sv","ber3","f","full",1,1,2
"CRPS","GDPC1","1/3","BLR","sv","ber5","s","full",1,1,2
"CRPS","GDPC1","1/3","BLR","sv","ber5","b","full",1,1,2
"CRPS","GDPC1","1/3","BLR","sv","ber5","f","full",1,1,2
"CRPS","GDPC1","1/3","BLR","sv","fou3","s","full",1,1,2
"CRPS","GDPC1","1/3","BLR","sv","fou3","b","full",1,1,2
"CRPS","GDPC1","1/3","BLR","sv","fou3","f","full",1,1,2
"CRPS","GDPC1","1/3","BART","sv","blu","s","full",1,1,2
"CRPS","GDPC1","1/3","BART","sv","blu","b","full",1,1,2
"CRPS","GDPC1","1/3","BART","sv","blu","f","full",1,1,2
"CRPS","GDPC1","1/3","BART","sv","svd","s","full",0,0,0
"CRPS","GDPC1","1/3","BART","sv","svd","b","full",0,1,1
"CRPS","GDPC1","1/3","BART","sv","svd","f","full",0,0,0
"CRPS","GDPC1","1/3","BART","sv","br","s","full",1,1,2
"CRPS","GDPC1","1/3","BART","sv","br","b","full",0,0,0
"CRPS","GDPC1","1/3","BART","sv","br","f","full",1,1,2
"CRPS","GDPC1","1/3","BART","sv","eq","s","full",0,1,1
"CRPS","GDPC1","1/3","BART","sv","eq","b","full",0,0,0
"CRPS","GDPC1","1/3","BART","sv","eq","f","full",0,0,0
"CRPS","GDPC1","1/3","BART","sv","xalm","s","full",1,1,2
"CRPS","GDPC1","1/3","BART","sv","xalm","b","full",1,1,2
"CRPS","GDPC1","1/3","BART","sv","xalm","f","full",1,1,2
"CRPS","GDPC1","1/3","BART","sv","alm3","s","full",0,0,0
"CRPS","GDPC1","1/3","BART","sv","alm3","b","full",0,0,0
"CRPS","GDPC1","1/3","BART","sv","alm3","f","full",0,0,0
"CRPS","GDPC1","1/3","BART","sv","leg3","s","full",1,1,2
"CRPS","GDPC1","1/3","BART","sv","leg3","b","full",1,1,2
"CRPS","GDPC1","1/3","BART","sv","leg3","f","full",0,1,1
"CRPS","GDPC1","1/3","BART","sv","leg5","s","full",1,1,2
"CRPS","GDPC1","1/3","BART","sv","leg5","b","full",1,1,2
"CRPS","GDPC1","1/3","BART","sv","leg5","f","full",0,1,1
"CRPS","GDPC1","1/3","BART","sv","ber3","s","full",1,1,2
"CRPS","GDPC1","1/3","BART","sv","ber3","b","full",1,1,2
"CRPS","GDPC1","1/3","BART","sv","ber3","f","full",0,0,0
"CRPS","GDPC1","1/3","BART","sv","ber5","s","full",1,1,2
"CRPS","GDPC1","1/3","BART","sv","ber5","b","full",1,1,2
"CRPS","GDPC1","1/3","BART","sv","ber5","f","full",1,1,2
"CRPS","GDPC1","1/3","BART","sv","fou3","s","full",1,1,2
"CRPS","GDPC1","1/3","BART","sv","fou3","b","full",1,1,2
"CRPS","GDPC1","1/3","BART","sv","fou3","f","full",0,0,0
"CRPS","GDPC1","1/3","GP","sv","blu","s","full",1,1,2
"CRPS","GDPC1","1/3","GP","sv","blu","b","full",0,1,1
"CRPS","GDPC1","1/3","GP","sv","blu","f","full",0,1,1
"CRPS","GDPC1","1/3","GP","sv","svd","s","full",0,0,0
"CRPS","GDPC1","1/3","GP","sv","svd","b","full",0,1,1
"CRPS","GDPC1","1/3","GP","sv","svd","f","full",0,0,0
"CRPS","GDPC1","1/3","GP","sv","br","s","full",1,1,2
"CRPS","GDPC1","1/3","GP","sv","br","b","full",1,1,2
"CRPS","GDPC1","1/3","GP","sv","br","f","full",1,1,2
"CRPS","GDPC1","1/3","GP","sv","eq","s","full",1,1,2
"CRPS","GDPC1","1/3","GP","sv","eq","b","full",1,1,2
"CRPS","GDPC1","1/3","GP","sv","eq","f","full",1,1,2
"CRPS","GDPC1","1/3","GP","sv","xalm","s","full",1,1,2
"CRPS","GDPC1","1/3","GP","sv","xalm","b","full",1,1,2
"CRPS","GDPC1","1/3","GP","sv","xalm","f","full",1,1,2
"CRPS","GDPC1","1/3","GP","sv","alm3","s","full",1,1,2
"CRPS","GDPC1","1/3","GP","sv","alm3","b","full",0,1,1
"CRPS","GDPC1","1/3","GP","sv","alm3","f","full",1,1,2
"CRPS","GDPC1","1/3","GP","sv","leg3","s","full",1,1,2
"CRPS","GDPC1","1/3","GP","sv","leg3","b","full",1,1,2
"CRPS","GDPC1","1/3","GP","sv","leg3","f","full",1,1,2
"CRPS","GDPC1","1/3","GP","sv","leg5","s","full",1,1,2
"CRPS","GDPC1","1/3","GP","sv","leg5","b","full",1,1,2
"CRPS","GDPC1","1/3","GP","sv","leg5","f","full",1,1,2
"CRPS","GDPC1","1/3","GP","sv","ber3","s","full",1,1,2
"CRPS","GDPC1","1/3","GP","sv","ber3","b","full",1,1,2
"CRPS","GDPC1","1/3","GP","sv","ber3","f","full",1,1,2
"CRPS","GDPC1","1/3","GP","sv","ber5","s","full",1,1,2
"CRPS","GDPC1","1/3","GP","sv","ber5","b","full",1,1,2
"CRPS","GDPC1","1/3","GP","sv","ber5","f","full",1,1,2
"CRPS","GDPC1","1/3","GP","sv","fou3","s","full",1,1,2
"CRPS","GDPC1","1/3","GP","sv","fou3","b","full",1,1,2
"CRPS","GDPC1","1/3","GP","sv","fou3","f","full",1,1,2
"CRPS","GDPC1","1/3","MFVAR","hom","blu","s","full",1,1,2
"CRPS","GDPC1","1/3","MFVAR","hom","blu","f","full",1,1,2
"CRPS","GDPC1","1/3","MFVAR","sv","blu","s","full",0,0,0
"CRPS","GDPC1","1/3","MFVAR","sv","blu","f","full",1,1,2
"CRPS","GDPCTPI","1/3","BLR","hom","blu","s","full",0,0,0
"CRPS","GDPCTPI","1/3","BLR","hom","blu","b","full",0,0,0
"CRPS","GDPCTPI","1/3","BLR","hom","blu","f","full",0,1,1
"CRPS","GDPCTPI","1/3","BLR","hom","svd","s","full",0,0,0
"CRPS","GDPCTPI","1/3","BLR","hom","svd","b","full",0,0,0
"CRPS","GDPCTPI","1/3","BLR","hom","svd","f","full",0,0,0
"CRPS","GDPCTPI","1/3","BLR","hom","br","s","full",0,1,1
"CRPS","GDPCTPI","1/3","BLR","hom","br","b","full",1,1,2
"CRPS","GDPCTPI","1/3","BLR","hom","br","f","full",0,1,1
"CRPS","GDPCTPI","1/3","BLR","hom","eq","s","full",0,0,0
"CRPS","GDPCTPI","1/3","BLR","hom","eq","b","full",1,1,2
"CRPS","GDPCTPI","1/3","BLR","hom","eq","f","full",0,0,0
"CRPS","GDPCTPI","1/3","BLR","hom","xalm","s","full",0,0,0
"CRPS","GDPCTPI","1/3","BLR","hom","xalm","b","full",1,1,2
"CRPS","GDPCTPI","1/3","BLR","hom","xalm","f","full",0,1,1
"CRPS","GDPCTPI","1/3","BLR","hom","alm3","s","full",0,0,0
"CRPS","GDPCTPI","1/3","BLR","hom","alm3","b","full",1,1,2
"CRPS","GDPCTPI","1/3","BLR","hom","alm3","f","full",0,0,0
"CRPS","GDPCTPI","1/3","BLR","hom","leg3","s","full",1,1,2
"CRPS","GDPCTPI","1/3","BLR","hom","leg3","b","full",0,0,0
"CRPS","GDPCTPI","1/3","BLR","hom","leg3","f","full",0,0,0
"CRPS","GDPCTPI","1/3","BLR","hom","leg5","s","full",0,1,1
"CRPS","GDPCTPI","1/3","BLR","hom","leg5","b","full",0,0,0
"CRPS","GDPCTPI","1/3","BLR","hom","leg5","f","full",0,0,0
"CRPS","GDPCTPI","1/3","BLR","hom","ber3","s","full",0,0,0
"CRPS","GDPCTPI","1/3","BLR","hom","ber3","b","full",1,1,2
"CRPS","GDPCTPI","1/3","BLR","hom","ber3","f","full",0,0,0
"CRPS","GDPCTPI","1/3","BLR","hom","ber5","s","full",0,0,0
"CRPS","GDPCTPI","1/3","BLR","hom","ber5","b","full",1,1,2
"CRPS","GDPCTPI","1/3","BLR","hom","ber5","f","full",0,1,1
"CRPS","GDPCTPI","1/3","BLR","hom","fou3","s","full",0,0,0
"CRPS","GDPCTPI","1/3","BLR","hom","fou3","b","full",1,1,2
"CRPS","GDPCTPI","1/3","BLR","hom","fou3","f","full",0,0,0
"CRPS","GDPCTPI","1/3","BART","hom","blu","s","full",0,1,1
"CRPS","GDPCTPI","1/3","BART","hom","blu","b","full",0,1,1
"CRPS","GDPCTPI","1/3","BART","hom","blu","f","full",0,0,0
"CRPS","GDPCTPI","1/3","BART","hom","svd","s","full",0,0,0
"CRPS","GDPCTPI","1/3","BART","hom","svd","b","full",0,0,0
"CRPS","GDPCTPI","1/3","BART","hom","svd","f","full",0,0,0
"CRPS","GDPCTPI","1/3","BART","hom","br","s","full",1,1,2
"CRPS","GDPCTPI","1/3","BART","hom","br","b","full",1,1,2
"CRPS","GDPCTPI","1/3","BART","hom","br","f","full",0,0,0
"CRPS","GDPCTPI","1/3","BART","hom","eq","s","full",0,0,0
"CRPS","GDPCTPI","1/3","BART","hom","eq","b","full",1,1,2
"CRPS","GDPCTPI","1/3","BART","hom","eq","f","full",0,0,0
"CRPS","GDPCTPI","1/3","BART","hom","xalm","s","full",0,0,0
"CRPS","GDPCTPI","1/3","BART","hom","xalm","b","full",1,1,2
"CRPS","GDPCTPI","1/3","BART","hom","xalm","f","full",0,0,0
"CRPS","GDPCTPI","1/3","BART","hom","alm3","s","full",0,1,1
"CRPS","GDPCTPI","1/3","BART","hom","alm3","b","full",0,1,1
"CRPS","GDPCTPI","1/3","BART","hom","alm3","f","full",0,0,0
"CRPS","GDPCTPI","1/3","BART","hom","leg3","s","full",0,1,1
"CRPS","GDPCTPI","1/3","BART","hom","leg3","b","full",1,1,2
"CRPS","GDPCTPI","1/3","BART","hom","leg3","f","full",0,0,0
"CRPS","GDPCTPI","1/3","BART","hom","leg5","s","full",0,0,0
"CRPS","GDPCTPI","1/3","BART","hom","leg5","b","full",1,1,2
"CRPS","GDPCTPI","1/3","BART","hom","leg5","f","full",0,0,0
"CRPS","GDPCTPI","1/3","BART","hom","ber3","s","full",0,1,1
"CRPS","GDPCTPI","1/3","BART","hom","ber3","b","full",1,1,2
"CRPS","GDPCTPI","1/3","BART","hom","ber3","f","full",0,0,0
"CRPS","GDPCTPI","1/3","BART","hom","ber5","s","full",1,1,2
"CRPS","GDPCTPI","1/3","BART","hom","ber5","b","full",1,1,2
"CRPS","GDPCTPI","1/3","BART","hom","ber5","f","full",0,0,0
"CRPS","GDPCTPI","1/3","BART","hom","fou3","s","full",0,0,0
"CRPS","GDPCTPI","1/3","BART","hom","fou3","b","full",1,1,2
"CRPS","GDPCTPI","1/3","BART","hom","fou3","f","full",0,0,0
"CRPS","GDPCTPI","1/3","GP","hom","blu","s","full",0,0,0
"CRPS","GDPCTPI","1/3","GP","hom","blu","b","full",0,0,0
"CRPS","GDPCTPI","1/3","GP","hom","blu","f","full",0,0,0
"CRPS","GDPCTPI","1/3","GP","hom","svd","s","full",0,0,0
"CRPS","GDPCTPI","1/3","GP","hom","svd","b","full",0,0,0
"CRPS","GDPCTPI","1/3","GP","hom","svd","f","full",0,0,0
"CRPS","GDPCTPI","1/3","GP","hom","br","s","full",1,1,2
"CRPS","GDPCTPI","1/3","GP","hom","br","b","full",0,0,0
"CRPS","GDPCTPI","1/3","GP","hom","br","f","full",1,1,2
"CRPS","GDPCTPI","1/3","GP","hom","eq","s","full",0,0,0
"CRPS","GDPCTPI","1/3","GP","hom","eq","b","full",1,1,2
"CRPS","GDPCTPI","1/3","GP","hom","eq","f","full",0,0,0
"CRPS","GDPCTPI","1/3","GP","hom","xalm","s","full",1,1,2
"CRPS","GDPCTPI","1/3","GP","hom","xalm","b","full",1,1,2
"CRPS","GDPCTPI","1/3","GP","hom","xalm","f","full",1,1,2
"CRPS","GDPCTPI","1/3","GP","hom","alm3","s","full",0,0,0
"CRPS","GDPCTPI","1/3","GP","hom","alm3","b","full",0,1,1
"CRPS","GDPCTPI","1/3","GP","hom","alm3","f","full",0,0,0
"CRPS","GDPCTPI","1/3","GP","hom","leg3","s","full",0,0,0
"CRPS","GDPCTPI","1/3","GP","hom","leg3","b","full",0,0,0
"CRPS","GDPCTPI","1/3","GP","hom","leg3","f","full",0,0,0
"CRPS","GDPCTPI","1/3","GP","hom","leg5","s","full",0,0,0
"CRPS","GDPCTPI","1/3","GP","hom","leg5","b","full",0,0,0
"CRPS","GDPCTPI","1/3","GP","hom","leg5","f","full",0,0,0
"CRPS","GDPCTPI","1/3","GP","hom","ber3","s","full",1,1,2
"CRPS","GDPCTPI","1/3","GP","hom","ber3","b","full",1,1,2
"CRPS","GDPCTPI","1/3","GP","hom","ber3","f","full",0,0,0
"CRPS","GDPCTPI","1/3","GP","hom","ber5","s","full",1,1,2
"CRPS","GDPCTPI","1/3","GP","hom","ber5","b","full",0,0,0
"CRPS","GDPCTPI","1/3","GP","hom","ber5","f","full",0,0,0
"CRPS","GDPCTPI","1/3","GP","hom","fou3","s","full",0,0,0
"CRPS","GDPCTPI","1/3","GP","hom","fou3","b","full",1,1,2
"CRPS","GDPCTPI","1/3","GP","hom","fou3","f","full",0,0,0
"CRPS","GDPCTPI","1/3","BLR","sv","blu","s","full",1,1,2
"CRPS","GDPCTPI","1/3","BLR","sv","blu","b","full",0,0,0
"CRPS","GDPCTPI","1/3","BLR","sv","blu","f","full",1,1,2
"CRPS","GDPCTPI","1/3","BLR","sv","svd","s","full",0,0,0
"CRPS","GDPCTPI","1/3","BLR","sv","svd","b","full",0,1,1
"CRPS","GDPCTPI","1/3","BLR","sv","svd","f","full",1,1,2
"CRPS","GDPCTPI","1/3","BLR","sv","br","s","full",1,1,2
"CRPS","GDPCTPI","1/3","BLR","sv","br","b","full",1,1,2
"CRPS","GDPCTPI","1/3","BLR","sv","br","f","full",1,1,2
"CRPS","GDPCTPI","1/3","BLR","sv","eq","s","full",1,1,2
"CRPS","GDPCTPI","1/3","BLR","sv","eq","b","full",1,1,2
"CRPS","GDPCTPI","1/3","BLR","sv","eq","f","full",1,1,2
"CRPS","GDPCTPI","1/3","BLR","sv","xalm","s","full",1,1,2
"CRPS","GDPCTPI","1/3","BLR","sv","xalm","b","full",1,1,2
"CRPS","GDPCTPI","1/3","BLR","sv","xalm","f","full",1,1,2
"CRPS","GDPCTPI","1/3","BLR","sv","alm3","s","full",1,1,2
"CRPS","GDPCTPI","1/3","BLR","sv","alm3","b","full",1,1,2
"CRPS","GDPCTPI","1/3","BLR","sv","alm3","f","full",1,1,2
"CRPS","GDPCTPI","1/3","BLR","sv","leg3","s","full",1,1,2
"CRPS","GDPCTPI","1/3","BLR","sv","leg3","b","full",0,1,1
"CRPS","GDPCTPI","1/3","BLR","sv","leg3","f","full",1,1,2
"CRPS","GDPCTPI","1/3","BLR","sv","leg5","s","full",1,1,2
"CRPS","GDPCTPI","1/3","BLR","sv","leg5","b","full",0,0,0
"CRPS","GDPCTPI","1/3","BLR","sv","leg5","f","full",1,1,2
"CRPS","GDPCTPI","1/3","BLR","sv","ber3","s","full",1,1,2
"CRPS","GDPCTPI","1/3","BLR","sv","ber3","b","full",1,1,2
"CRPS","GDPCTPI","1/3","BLR","sv","ber3","f","full",1,1,2
"CRPS","GDPCTPI","1/3","BLR","sv","ber5","s","full",1,1,2
"CRPS","GDPCTPI","1/3","BLR","sv","ber5","b","full",1,1,2
"CRPS","GDPCTPI","1/3","BLR","sv","ber5","f","full",1,1,2
"CRPS","GDPCTPI","1/3","BLR","sv","fou3","s","full",1,1,2
"CRPS","GDPCTPI","1/3","BLR","sv","fou3","b","full",1,1,2
"CRPS","GDPCTPI","1/3","BLR","sv","fou3","f","full",1,1,2
"CRPS","GDPCTPI","1/3","BART","sv","blu","s","full",0,0,0
"CRPS","GDPCTPI","1/3","BART","sv","blu","b","full",0,0,0
"CRPS","GDPCTPI","1/3","BART","sv","blu","f","full",0,0,0
"CRPS","GDPCTPI","1/3","BART","sv","svd","s","full",0,0,0
"CRPS","GDPCTPI","1/3","BART","sv","svd","b","full",0,0,0
"CRPS","GDPCTPI","1/3","BART","sv","svd","f","full",0,0,0
"CRPS","GDPCTPI","1/3","BART","sv","br","s","full",1,1,2
"CRPS","GDPCTPI","1/3","BART","sv","br","b","full",0,0,0
"CRPS","GDPCTPI","1/3","BART","sv","br","f","full",0,0,0
"CRPS","GDPCTPI","1/3","BART","sv","eq","s","full",1,1,2
"CRPS","GDPCTPI","1/3","BART","sv","eq","b","full",1,1,2
"CRPS","GDPCTPI","1/3","BART","sv","eq","f","full",0,0,0
"CRPS","GDPCTPI","1/3","BART","sv","xalm","s","full",0,0,0
"CRPS","GDPCTPI","1/3","BART","sv","xalm","b","full",0,0,0
"CRPS","GDPCTPI","1/3","BART","sv","xalm","f","full",0,0,0
"CRPS","GDPCTPI","1/3","BART","sv","alm3","s","full",0,1,1
"CRPS","GDPCTPI","1/3","BART","sv","alm3","b","full",0,0,0
"CRPS","GDPCTPI","1/3","BART","sv","alm3","f","full",0,0,0
"CRPS","GDPCTPI","1/3","BART","sv","leg3","s","full",0,0,0
"CRPS","GDPCTPI","1/3","BART","sv","leg3","b","full",1,1,2
"CRPS","GDPCTPI","1/3","BART","sv","leg3","f","full",0,0,0
"CRPS","GDPCTPI","1/3","BART","sv","leg5","s","full",0,0,0
"CRPS","GDPCTPI","1/3","BART","sv","leg5","b","full",0,1,1
"CRPS","GDPCTPI","1/3","BART","sv","leg5","f","full",0,0,0
"CRPS","GDPCTPI","1/3","BART","sv","ber3","s","full",1,1,2
"CRPS","GDPCTPI","1/3","BART","sv","ber3","b","full",0,0,0
"CRPS","GDPCTPI","1/3","BART","sv","ber3","f","full",0,0,0
"CRPS","GDPCTPI","1/3","BART","sv","ber5","s","full",1,1,2
"CRPS","GDPCTPI","1/3","BART","sv","ber5","b","full",0,0,0
"CRPS","GDPCTPI","1/3","BART","sv","ber5","f","full",0,0,0
"CRPS","GDPCTPI","1/3","BART","sv","fou3","s","full",0,0,0
"CRPS","GDPCTPI","1/3","BART","sv","fou3","b","full",1,1,2
"CRPS","GDPCTPI","1/3","BART","sv","fou3","f","full",0,0,0
"CRPS","GDPCTPI","1/3","GP","sv","blu","s","full",0,1,1
"CRPS","GDPCTPI","1/3","GP","sv","blu","b","full",0,0,0
"CRPS","GDPCTPI","1/3","GP","sv","blu","f","full",0,0,0
"CRPS","GDPCTPI","1/3","GP","sv","svd","s","full",1,1,2
"CRPS","GDPCTPI","1/3","GP","sv","svd","b","full",1,1,2
"CRPS","GDPCTPI","1/3","GP","sv","svd","f","full",1,1,2
"CRPS","GDPCTPI","1/3","GP","sv","br","s","full",1,1,2
"CRPS","GDPCTPI","1/3","GP","sv","br","b","full",0,0,0
"CRPS","GDPCTPI","1/3","GP","sv","br","f","full",1,1,2
"CRPS","GDPCTPI","1/3","GP","sv","eq","s","full",1,1,2
"CRPS","GDPCTPI","1/3","GP","sv","eq","b","full",1,1,2
"CRPS","GDPCTPI","1/3","GP","sv","eq","f","full",1,1,2
"CRPS","GDPCTPI","1/3","GP","sv","xalm","s","full",1,1,2
"CRPS","GDPCTPI","1/3","GP","sv","xalm","b","full",1,1,2
"CRPS","GDPCTPI","1/3","GP","sv","xalm","f","full",1,1,2
"CRPS","GDPCTPI","1/3","GP","sv","alm3","s","full",1,1,2
"CRPS","GDPCTPI","1/3","GP","sv","alm3","b","full",1,1,2
"CRPS","GDPCTPI","1/3","GP","sv","alm3","f","full",1,1,2
"CRPS","GDPCTPI","1/3","GP","sv","leg3","s","full",0,0,0
"CRPS","GDPCTPI","1/3","GP","sv","leg3","b","full",0,0,0
"CRPS","GDPCTPI","1/3","GP","sv","leg3","f","full",0,0,0
"CRPS","GDPCTPI","1/3","GP","sv","leg5","s","full",0,0,0
"CRPS","GDPCTPI","1/3","GP","sv","leg5","b","full",0,0,0
"CRPS","GDPCTPI","1/3","GP","sv","leg5","f","full",0,0,0
"CRPS","GDPCTPI","1/3","GP","sv","ber3","s","full",1,1,2
"CRPS","GDPCTPI","1/3","GP","sv","ber3","b","full",1,1,2
"CRPS","GDPCTPI","1/3","GP","sv","ber3","f","full",0,1,1
"CRPS","GDPCTPI","1/3","GP","sv","ber5","s","full",1,1,2
"CRPS","GDPCTPI","1/3","GP","sv","ber5","b","full",1,1,2
"CRPS","GDPCTPI","1/3","GP","sv","ber5","f","full",0,0,0
"CRPS","GDPCTPI","1/3","GP","sv","fou3","s","full",1,1,2
"CRPS","GDPCTPI","1/3","GP","sv","fou3","b","full",1,1,2
"CRPS","GDPCTPI","1/3","GP","sv","fou3","f","full",1,1,2
"CRPS","GDPCTPI","1/3","MFVAR","hom","blu","s","full",0,0,0
"CRPS","GDPCTPI","1/3","MFVAR","hom","blu","f","full",0,0,0
"CRPS","GDPCTPI","1/3","MFVAR","sv","blu","s","full",0,0,0
"CRPS","GDPCTPI","1/3","MFVAR","sv","blu","f","full",0,0,0
"CRPS","GDPC1","0","BLR","hom","blu","s","full",1,1,2
"CRPS","GDPC1","0","BLR","hom","blu","b","full",0,0,0
"CRPS","GDPC1","0","BLR","hom","blu","f","full",0,0,0
"CRPS","GDPC1","0","BLR","hom","svd","s","full",0,0,0
"CRPS","GDPC1","0","BLR","hom","svd","b","full",0,0,0
"CRPS","GDPC1","0","BLR","hom","svd","f","full",0,0,0
"CRPS","GDPC1","0","BLR","hom","br","s","full",1,1,2
"CRPS","GDPC1","0","BLR","hom","br","b","full",1,1,2
"CRPS","GDPC1","0","BLR","hom","br","f","full",1,1,2
"CRPS","GDPC1","0","BLR","hom","eq","s","full",1,1,2
"CRPS","GDPC1","0","BLR","hom","eq","b","full",1,1,2
"CRPS","GDPC1","0","BLR","hom","eq","f","full",0,0,0
"CRPS","GDPC1","0","BLR","hom","xalm","s","full",1,1,2
"CRPS","GDPC1","0","BLR","hom","xalm","b","full",1,1,2
"CRPS","GDPC1","0","BLR","hom","xalm","f","full",1,1,2
"CRPS","GDPC1","0","BLR","hom","alm3","s","full",1,1,2
"CRPS","GDPC1","0","BLR","hom","alm3","b","full",0,0,0
"CRPS","GDPC1","0","BLR","hom","alm3","f","full",0,0,0
"CRPS","GDPC1","0","BLR","hom","leg3","s","full",1,1,2
"CRPS","GDPC1","0","BLR","hom","leg3","b","full",1,1,2
"CRPS","GDPC1","0","BLR","hom","leg3","f","full",0,0,0
"CRPS","GDPC1","0","BLR","hom","leg5","s","full",1,1,2
"CRPS","GDPC1","0","BLR","hom","leg5","b","full",0,0,0
"CRPS","GDPC1","0","BLR","hom","leg5","f","full",0,0,0
"CRPS","GDPC1","0","BLR","hom","ber3","s","full",1,1,2
"CRPS","GDPC1","0","BLR","hom","ber3","b","full",1,1,2
"CRPS","GDPC1","0","BLR","hom","ber3","f","full",0,1,1
"CRPS","GDPC1","0","BLR","hom","ber5","s","full",1,1,2
"CRPS","GDPC1","0","BLR","hom","ber5","b","full",0,1,1
"CRPS","GDPC1","0","BLR","hom","ber5","f","full",0,0,0
"CRPS","GDPC1","0","BLR","hom","fou3","s","full",1,1,2
"CRPS","GDPC1","0","BLR","hom","fou3","b","full",0,0,0
"CRPS","GDPC1","0","BLR","hom","fou3","f","full",0,0,0
"CRPS","GDPC1","0","BART","hom","blu","s","full",1,1,2
"CRPS","GDPC1","0","BART","hom","blu","b","full",0,1,1
"CRPS","GDPC1","0","BART","hom","blu","f","full",0,1,1
"CRPS","GDPC1","0","BART","hom","svd","s","full",0,0,0
"CRPS","GDPC1","0","BART","hom","svd","b","full",0,0,0
"CRPS","GDPC1","0","BART","hom","svd","f","full",0,0,0
"CRPS","GDPC1","0","BART","hom","br","s","full",1,1,2
"CRPS","GDPC1","0","BART","hom","br","b","full",0,0,0
"CRPS","GDPC1","0","BART","hom","br","f","full",0,0,0
"CRPS","GDPC1","0","BART","hom","eq","s","full",1,1,2
"CRPS","GDPC1","0","BART","hom","eq","b","full",0,0,0
"CRPS","GDPC1","0","BART","hom","eq","f","full",0,0,0
"CRPS","GDPC1","0","BART","hom","xalm","s","full",1,1,2
"CRPS","GDPC1","0","BART","hom","xalm","b","full",0,1,1
"CRPS","GDPC1","0","BART","hom","xalm","f","full",0,1,1
"CRPS","GDPC1","0","BART","hom","alm3","s","full",0,0,0
"CRPS","GDPC1","0","BART","hom","alm3","b","full",0,0,0
"CRPS","GDPC1","0","BART","hom","alm3","f","full",0,0,0
"CRPS","GDPC1","0","BART","hom","leg3","s","full",1,1,2
"CRPS","GDPC1","0","BART","hom","leg3","b","full",0,1,1
"CRPS","GDPC1","0","BART","hom","leg3","f","full",0,1,1
"CRPS","GDPC1","0","BART","hom","leg5","s","full",1,1,2
"CRPS","GDPC1","0","BART","hom","leg5","b","full",0,0,0
"CRPS","GDPC1","0","BART","hom","leg5","f","full",0,0,0
"CRPS","GDPC1","0","BART","hom","ber3","s","full",1,1,2
"CRPS","GDPC1","0","BART","hom","ber3","b","full",0,0,0
"CRPS","GDPC1","0","BART","hom","ber3","f","full",0,0,0
"CRPS","GDPC1","0","BART","hom","ber5","s","full",0,1,1
"CRPS","GDPC1","0","BART","hom","ber5","b","full",0,0,0
"CRPS","GDPC1","0","BART","hom","ber5","f","full",0,1,1
"CRPS","GDPC1","0","BART","hom","fou3","s","full",1,1,2
"CRPS","GDPC1","0","BART","hom","fou3","b","full",0,0,0
"CRPS","GDPC1","0","BART","hom","fou3","f","full",0,0,0
"CRPS","GDPC1","0","GP","hom","blu","s","full",1,1,2
"CRPS","GDPC1","0","GP","hom","blu","b","full",0,0,0
"CRPS","GDPC1","0","GP","hom","blu","f","full",0,0,0
"CRPS","GDPC1","0","GP","hom","svd","s","full",0,0,0
"CRPS","GDPC1","0","GP","hom","svd","b","full",0,0,0
"CRPS","GDPC1","0","GP","hom","svd","f","full",0,0,0
"CRPS","GDPC1","0","GP","hom","br","s","full",1,1,2
"CRPS","GDPC1","0","GP","hom","br","b","full",0,0,0
"CRPS","GDPC1","0","GP","hom","br","f","full",0,0,0
"CRPS","GDPC1","0","GP","hom","eq","s","full",1,1,2
"CRPS","GDPC1","0","GP","hom","eq","b","full",0,0,0
"CRPS","GDPC1","0","GP","hom","eq","f","full",0,0,0
"CRPS","GDPC1","0","GP","hom","xalm","s","full",1,1,2
"CRPS","GDPC1","0","GP","hom","xalm","b","full",1,1,2
"CRPS","GDPC1","0","GP","hom","xalm","f","full",0,0,0
"CRPS","GDPC1","0","GP","hom","alm3","s","full",0,0,0
"CRPS","GDPC1","0","GP","hom","alm3","b","full",0,0,0
"CRPS","GDPC1","0","GP","hom","alm3","f","full",0,0,0
"CRPS","GDPC1","0","GP","hom","leg3","s","full",1,1,2
"CRPS","GDPC1","0","GP","hom","leg3","b","full",0,0,0
"CRPS","GDPC1","0","GP","hom","leg3","f","full",0,0,0
"CRPS","GDPC1","0","GP","hom","leg5","s","full",1,1,2
"CRPS","GDPC1","0","GP","hom","leg5","b","full",0,0,0
"CRPS","GDPC1","0","GP","hom","leg5","f","full",0,0,0
"CRPS","GDPC1","0","GP","hom","ber3","s","full",1,1,2
"CRPS","GDPC1","0","GP","hom","ber3","b","full",0,0,0
"CRPS","GDPC1","0","GP","hom","ber3","f","full",0,0,0
"CRPS","GDPC1","0","GP","hom","ber5","s","full",1,1,2
"CRPS","GDPC1","0","GP","hom","ber5","b","full",0,0,0
"CRPS","GDPC1","0","GP","hom","ber5","f","full",0,0,0
"CRPS","GDPC1","0","GP","hom","fou3","s","full",0,1,1
"CRPS","GDPC1","0","GP","hom","fou3","b","full",0,0,0
"CRPS","GDPC1","0","GP","hom","fou3","f","full",0,0,0
"CRPS","GDPC1","0","BLR","sv","blu","s","full",1,1,2
"CRPS","GDPC1","0","BLR","sv","blu","b","full",0,0,0
"CRPS","GDPC1","0","BLR","sv","blu","f","full",0,0,0
"CRPS","GDPC1","0","BLR","sv","svd","s","full",0,1,1
"CRPS","GDPC1","0","BLR","sv","svd","b","full",0,1,1
"CRPS","GDPC1","0","BLR","sv","svd","f","full",0,0,0
"CRPS","GDPC1","0","BLR","sv","br","s","full",1,1,2
"CRPS","GDPC1","0","BLR","sv","br","b","full",1,1,2
"CRPS","GDPC1","0","BLR","sv","br","f","full",1,1,2
"CRPS","GDPC1","0","BLR","sv","eq","s","full",1,1,2
"CRPS","GDPC1","0","BLR","sv","eq","b","full",0,1,1
"CRPS","GDPC1","0","BLR","sv","eq","f","full",0,0,0
"CRPS","GDPC1","0","BLR","sv","xalm","s","full",1,1,2
"CRPS","GDPC1","0","BLR","sv","xalm","b","full",1,1,2
"CRPS","GDPC1","0","BLR","sv","xalm","f","full",1,1,2
"CRPS","GDPC1","0","BLR","sv","alm3","s","full",1,1,2
"CRPS","GDPC1","0","BLR","sv","alm3","b","full",0,0,0
"CRPS","GDPC1","0","BLR","sv","alm3","f","full",0,0,0
"CRPS","GDPC1","0","BLR","sv","leg3","s","full",1,1,2
"CRPS","GDPC1","0","BLR","sv","leg3","b","full",1,1,2
"CRPS","GDPC1","0","BLR","sv","leg3","f","full",0,0,0
"CRPS","GDPC1","0","BLR","sv","leg5","s","full",1,1,2
"CRPS","GDPC1","0","BLR","sv","leg5","b","full",0,0,0
"CRPS","GDPC1","0","BLR","sv","leg5","f","full",0,0,0
"CRPS","GDPC1","0","BLR","sv","ber3","s","full",1,1,2
"CRPS","GDPC1","0","BLR","sv","ber3","b","full",0,1,1
"CRPS","GDPC1","0","BLR","sv","ber3","f","full",1,1,2
"CRPS","GDPC1","0","BLR","sv","ber5","s","full",1,1,2
"CRPS","GDPC1","0","BLR","sv","ber5","b","full",0,1,1
"CRPS","GDPC1","0","BLR","sv","ber5","f","full",0,1,1
"CRPS","GDPC1","0","BLR","sv","fou3","s","full",1,1,2
"CRPS","GDPC1","0","BLR","sv","fou3","b","full",0,0,0
"CRPS","GDPC1","0","BLR","sv","fou3","f","full",0,0,0
"CRPS","GDPC1","0","BART","sv","blu","s","full",0,1,1
"CRPS","GDPC1","0","BART","sv","blu","b","full",0,0,0
"CRPS","GDPC1","0","BART","sv","blu","f","full",0,0,0
"CRPS","GDPC1","0","BART","sv","svd","s","full",0,0,0
"CRPS","GDPC1","0","BART","sv","svd","b","full",0,0,0
"CRPS","GDPC1","0","BART","sv","svd","f","full",0,0,0
"CRPS","GDPC1","0","BART","sv","br","s","full",0,1,1
"CRPS","GDPC1","0","BART","sv","br","b","full",0,0,0
"CRPS","GDPC1","0","BART","sv","br","f","full",0,0,0
"CRPS","GDPC1","0","BART","sv","eq","s","full",0,1,1
"CRPS","GDPC1","0","BART","sv","eq","b","full",0,0,0
"CRPS","GDPC1","0","BART","sv","eq","f","full",0,0,0
"CRPS","GDPC1","0","BART","sv","xalm","s","full",1,1,2
"CRPS","GDPC1","0","BART","sv","xalm","b","full",1,1,2
"CRPS","GDPC1","0","BART","sv","xalm","f","full",0,0,0
"CRPS","GDPC1","0","BART","sv","alm3","s","full",0,0,0
"CRPS","GDPC1","0","BART","sv","alm3","b","full",0,0,0
"CRPS","GDPC1","0","BART","sv","alm3","f","full",0,0,0
"CRPS","GDPC1","0","BART","sv","leg3","s","full",1,1,2
"CRPS","GDPC1","0","BART","sv","leg3","b","full",0,1,1
"CRPS","GDPC1","0","BART","sv","leg3","f","full",0,0,0
"CRPS","GDPC1","0","BART","sv","leg5","s","full",1,1,2
"CRPS","GDPC1","0","BART","sv","leg5","b","full",0,0,0
"CRPS","GDPC1","0","BART","sv","leg5","f","full",0,0,0
"CRPS","GDPC1","0","BART","sv","ber3","s","full",0,1,1
"CRPS","GDPC1","0","BART","sv","ber3","b","full",0,0,0
"CRPS","GDPC1","0","BART","sv","ber3","f","full",0,0,0
"CRPS","GDPC1","0","BART","sv","ber5","s","full",0,0,0
"CRPS","GDPC1","0","BART","sv","ber5","b","full",0,0,0
"CRPS","GDPC1","0","BART","sv","ber5","f","full",0,0,0
"CRPS","GDPC1","0","BART","sv","fou3","s","full",1,1,2
"CRPS","GDPC1","0","BART","sv","fou3","b","full",0,0,0
"CRPS","GDPC1","0","BART","sv","fou3","f","full",0,0,0
"CRPS","GDPC1","0","GP","sv","blu","s","full",1,1,2
"CRPS","GDPC1","0","GP","sv","blu","b","full",0,0,0
"CRPS","GDPC1","0","GP","sv","blu","f","full",0,0,0
"CRPS","GDPC1","0","GP","sv","svd","s","full",0,0,0
"CRPS","GDPC1","0","GP","sv","svd","b","full",0,0,0
"CRPS","GDPC1","0","GP","sv","svd","f","full",0,0,0
"CRPS","GDPC1","0","GP","sv","br","s","full",1,1,2
"CRPS","GDPC1","0","GP","sv","br","b","full",0,0,0
"CRPS","GDPC1","0","GP","sv","br","f","full",0,0,0
"CRPS","GDPC1","0","GP","sv","eq","s","full",1,1,2
"CRPS","GDPC1","0","GP","sv","eq","b","full",0,0,0
"CRPS","GDPC1","0","GP","sv","eq","f","full",0,0,0
"CRPS","GDPC1","0","GP","sv","xalm","s","full",1,1,2
"CRPS","GDPC1","0","GP","sv","xalm","b","full",1,1,2
"CRPS","GDPC1","0","GP","sv","xalm","f","full",0,1,1
"CRPS","GDPC1","0","GP","sv","alm3","s","full",0,0,0
"CRPS","GDPC1","0","GP","sv","alm3","b","full",0,0,0
"CRPS","GDPC1","0","GP","sv","alm3","f","full",0,1,1
"CRPS","GDPC1","0","GP","sv","leg3","s","full",1,1,2
"CRPS","GDPC1","0","GP","sv","leg3","b","full",0,0,0
"CRPS","GDPC1","0","GP","sv","leg3","f","full",0,1,1
"CRPS","GDPC1","0","GP","sv","leg5","s","full",1,1,2
"CRPS","GDPC1","0","GP","sv","leg5","b","full",0,0,0
"CRPS","GDPC1","0","GP","sv","leg5","f","full",0,0,0
"CRPS","GDPC1","0","GP","sv","ber3","s","full",1,1,2
"CRPS","GDPC1","0","GP","sv","ber3","b","full",0,1,1
"CRPS","GDPC1","0","GP","sv","ber3","f","full",0,0,0
"CRPS","GDPC1","0","GP","sv","ber5","s","full",1,1,2
"CRPS","GDPC1","0","GP","sv","ber5","b","full",0,0,0
"CRPS","GDPC1","0","GP","sv","ber5","f","full",0,0,0
"CRPS","GDPC1","0","GP","sv","fou3","s","full",0,1,1
"CRPS","GDPC1","0","GP","sv","fou3","b","full",0,0,0
"CRPS","GDPC1","0","GP","sv","fou3","f","full",0,1,1
"CRPS","GDPC1","0","MFVAR","hom","blu","s","full",1,1,2
"CRPS","GDPC1","0","MFVAR","hom","blu","f","full",0,0,0
"CRPS","GDPC1","0","MFVAR","sv","blu","s","full",0,0,0
"CRPS","GDPC1","0","MFVAR","sv","blu","f","full",0,1,1
"CRPS","GDPCTPI","0","BLR","hom","blu","s","full",0,1,1
"CRPS","GDPCTPI","0","BLR","hom","blu","b","full",0,0,0
"CRPS","GDPCTPI","0","BLR","hom","blu","f","full",1,1,2
"CRPS","GDPCTPI","0","BLR","hom","svd","s","full",0,0,0
"CRPS","GDPCTPI","0","BLR","hom","svd","b","full",0,0,0
"CRPS","GDPCTPI","0","BLR","hom","svd","f","full",0,0,0
"CRPS","GDPCTPI","0","BLR","hom","br","s","full",0,0,0
"CRPS","GDPCTPI","0","BLR","hom","br","b","full",1,1,2
"CRPS","GDPCTPI","0","BLR","hom","br","f","full",0,0,0
"CRPS","GDPCTPI","0","BLR","hom","eq","s","full",0,0,0
"CRPS","GDPCTPI","0","BLR","hom","eq","b","full",0,1,1
"CRPS","GDPCTPI","0","BLR","hom","eq","f","full",0,0,0
"CRPS","GDPCTPI","0","BLR","hom","xalm","s","full",0,0,0
"CRPS","GDPCTPI","0","BLR","hom","xalm","b","full",1,1,2
"CRPS","GDPCTPI","0","BLR","hom","xalm","f","full",0,0,0
"CRPS","GDPCTPI","0","BLR","hom","alm3","s","full",0,0,0
"CRPS","GDPCTPI","0","BLR","hom","alm3","b","full",0,0,0
"CRPS","GDPCTPI","0","BLR","hom","alm3","f","full",0,0,0
"CRPS","GDPCTPI","0","BLR","hom","leg3","s","full",0,0,0
"CRPS","GDPCTPI","0","BLR","hom","leg3","b","full",0,0,0
"CRPS","GDPCTPI","0","BLR","hom","leg3","f","full",0,0,0
"CRPS","GDPCTPI","0","BLR","hom","leg5","s","full",0,0,0
"CRPS","GDPCTPI","0","BLR","hom","leg5","b","full",0,0,0
"CRPS","GDPCTPI","0","BLR","hom","leg5","f","full",0,0,0
"CRPS","GDPCTPI","0","BLR","hom","ber3","s","full",0,0,0
"CRPS","GDPCTPI","0","BLR","hom","ber3","b","full",1,1,2
"CRPS","GDPCTPI","0","BLR","hom","ber3","f","full",0,1,1
"CRPS","GDPCTPI","0","BLR","hom","ber5","s","full",0,0,0
"CRPS","GDPCTPI","0","BLR","hom","ber5","b","full",1,1,2
"CRPS","GDPCTPI","0","BLR","hom","ber5","f","full",1,1,2
"CRPS","GDPCTPI","0","BLR","hom","fou3","s","full",0,0,0
"CRPS","GDPCTPI","0","BLR","hom","fou3","b","full",1,1,2
"CRPS","GDPCTPI","0","BLR","hom","fou3","f","full",0,0,0
"CRPS","GDPCTPI","0","BART","hom","blu","s","full",1,1,2
"CRPS","GDPCTPI","0","BART","hom","blu","b","full",0,0,0
"CRPS","GDPCTPI","0","BART","hom","blu","f","full",0,0,0
"CRPS","GDPCTPI","0","BART","hom","svd","s","full",0,0,0
"CRPS","GDPCTPI","0","BART","hom","svd","b","full",0,0,0
"CRPS","GDPCTPI","0","BART","hom","svd","f","full",0,0,0
"CRPS","GDPCTPI","0","BART","hom","br","s","full",0,0,0
"CRPS","GDPCTPI","0","BART","hom","br","b","full",0,0,0
"CRPS","GDPCTPI","0","BART","hom","br","f","full",0,0,0
"CRPS","GDPCTPI","0","BART","hom","eq","s","full",0,0,0
"CRPS","GDPCTPI","0","BART","hom","eq","b","full",0,0,0
"CRPS","GDPCTPI","0","BART","hom","eq","f","full",0,0,0
"CRPS","GDPCTPI","0","BART","hom","xalm","s","full",0,1,1
"CRPS","GDPCTPI","0","BART","hom","xalm","b","full",0,0,0
"CRPS","GDPCTPI","0","BART","hom","xalm","f","full",0,0,0
"CRPS","GDPCTPI","0","BART","hom","alm3","s","full",0,0,0
"CRPS","GDPCTPI","0","BART","hom","alm3","b","full",0,0,0
"CRPS","GDPCTPI","0","BART","hom","alm3","f","full",0,0,0
"CRPS","GDPCTPI","0","BART","hom","leg3","s","full",0,0,0
"CRPS","GDPCTPI","0","BART","hom","leg3","b","full",0,0,0
"CRPS","GDPCTPI","0","BART","hom","leg3","f","full",0,0,0
"CRPS","GDPCTPI","0","BART","hom","leg5","s","full",0,0,0
"CRPS","GDPCTPI","0","BART","hom","leg5","b","full",0,0,0
"CRPS","GDPCTPI","0","BART","hom","leg5","f","full",0,0,0
"CRPS","GDPCTPI","0","BART","hom","ber3","s","full",1,1,2
"CRPS","GDPCTPI","0","BART","hom","ber3","b","full",1,1,2
"CRPS","GDPCTPI","0","BART","hom","ber3","f","full",0,0,0
"CRPS","GDPCTPI","0","BART","hom","ber5","s","full",1,1,2
"CRPS","GDPCTPI","0","BART","hom","ber5","b","full",1,1,2
"CRPS","GDPCTPI","0","BART","hom","ber5","f","full",0,0,0
"CRPS","GDPCTPI","0","BART","hom","fou3","s","full",0,0,0
"CRPS","GDPCTPI","0","BART","hom","fou3","b","full",0,0,0
"CRPS","GDPCTPI","0","BART","hom","fou3","f","full",0,0,0
"CRPS","GDPCTPI","0","GP","hom","blu","s","full",0,0,0
"CRPS","GDPCTPI","0","GP","hom","blu","b","full",0,0,0
"CRPS","GDPCTPI","0","GP","hom","blu","f","full",0,0,0
"CRPS","GDPCTPI","0","GP","hom","svd","s","full",1,1,2
"CRPS","GDPCTPI","0","GP","hom","svd","b","full",1,1,2
"CRPS","GDPCTPI","0","GP","hom","svd","f","full",1,1,2
"CRPS","GDPCTPI","0","GP","hom","br","s","full",1,1,2
"CRPS","GDPCTPI","0","GP","hom","br","b","full",0,0,0
"CRPS","GDPCTPI","0","GP","hom","br","f","full",0,0,0
"CRPS","GDPCTPI","0","GP","hom","eq","s","full",1,1,2
"CRPS","GDPCTPI","0","GP","hom","eq","b","full",1,1,2
"CRPS","GDPCTPI","0","GP","hom","eq","f","full",1,1,2
"CRPS","GDPCTPI","0","GP","hom","xalm","s","full",1,1,2
"CRPS","GDPCTPI","0","GP","hom","xalm","b","full",1,1,2
"CRPS","GDPCTPI","0","GP","hom","xalm","f","full",1,1,2
"CRPS","GDPCTPI","0","GP","hom","alm3","s","full",0,0,0
"CRPS","GDPCTPI","0","GP","hom","alm3","b","full",1,1,2
"CRPS","GDPCTPI","0","GP","hom","alm3","f","full",0,0,0
"CRPS","GDPCTPI","0","GP","hom","leg3","s","full",0,0,0
"CRPS","GDPCTPI","0","GP","hom","leg3","b","full",0,0,0
"CRPS","GDPCTPI","0","GP","hom","leg3","f","full",0,0,0
"CRPS","GDPCTPI","0","GP","hom","leg5","s","full",0,0,0
"CRPS","GDPCTPI","0","GP","hom","leg5","b","full",0,0,0
"CRPS","GDPCTPI","0","GP","hom","leg5","f","full",0,0,0
"CRPS","GDPCTPI","0","GP","hom","ber3","s","full",0,1,1
"CRPS","GDPCTPI","0","GP","hom","ber3","b","full",1,1,2
"CRPS","GDPCTPI","0","GP","hom","ber3","f","full",0,0,0
"CRPS","GDPCTPI","0","GP","hom","ber5","s","full",1,1,2
"CRPS","GDPCTPI","0","GP","hom","ber5","b","full",1,1,2
"CRPS","GDPCTPI","0","GP","hom","ber5","f","full",0,0,0
"CRPS","GDPCTPI","0","GP","hom","fou3","s","full",0,0,0
"CRPS","GDPCTPI","0","GP","hom","fou3","b","full",1,1,2
"CRPS","GDPCTPI","0","GP","hom","fou3","f","full",0,0,0
"CRPS","GDPCTPI","0","BLR","sv","blu","s","full",1,1,2
"CRPS","GDPCTPI","0","BLR","sv","blu","b","full",0,0,0
"CRPS","GDPCTPI","0","BLR","sv","blu","f","full",1,1,2
"CRPS","GDPCTPI","0","BLR","sv","svd","s","full",1,1,2
"CRPS","GDPCTPI","0","BLR","sv","svd","b","full",1,1,2
"CRPS","GDPCTPI","0","BLR","sv","svd","f","full",1,1,2
"CRPS","GDPCTPI","0","BLR","sv","br","s","full",1,1,2
"CRPS","GDPCTPI","0","BLR","sv","br","b","full",1,1,2
"CRPS","GDPCTPI","0","BLR","sv","br","f","full",1,1,2
"CRPS","GDPCTPI","0","BLR","sv","eq","s","full",1,1,2
"CRPS","GDPCTPI","0","BLR","sv","eq","b","full",1,1,2
"CRPS","GDPCTPI","0","BLR","sv","eq","f","full",1,1,2
"CRPS","GDPCTPI","0","BLR","sv","xalm","s","full",1,1,2
"CRPS","GDPCTPI","0","BLR","sv","xalm","b","full",1,1,2
"CRPS","GDPCTPI","0","BLR","sv","xalm","f","full",1,1,2
"CRPS","GDPCTPI","0","BLR","sv","alm3","s","full",1,1,2
"CRPS","GDPCTPI","0","BLR","sv","alm3","b","full",0,0,0
"CRPS","GDPCTPI","0","BLR","sv","alm3","f","full",0,1,1
"CRPS","GDPCTPI","0","BLR","sv","leg3","s","full",1,1,2
"CRPS","GDPCTPI","0","BLR","sv","leg3","b","full",0,0,0
"CRPS","GDPCTPI","0","BLR","sv","leg3","f","full",0,0,0
"CRPS","GDPCTPI","0","BLR","sv","leg5","s","full",1,1,2
"CRPS","GDPCTPI","0","BLR","sv","leg5","b","full",0,0,0
"CRPS","GDPCTPI","0","BLR","sv","leg5","f","full",1,1,2
"CRPS","GDPCTPI","0","BLR","sv","ber3","s","full",1,1,2
"CRPS","GDPCTPI","0","BLR","sv","ber3","b","full",1,1,2
"CRPS","GDPCTPI","0","BLR","sv","ber3","f","full",1,1,2
"CRPS","GDPCTPI","0","BLR","sv","ber5","s","full",1,1,2
"CRPS","GDPCTPI","0","BLR","sv","ber5","b","full",1,1,2
"CRPS","GDPCTPI","0","BLR","sv","ber5","f","full",1,1,2
"CRPS","GDPCTPI","0","BLR","sv","fou3","s","full",0,0,0
"CRPS","GDPCTPI","0","BLR","sv","fou3","b","full",1,1,2
"CRPS","GDPCTPI","0","BLR","sv","fou3","f","full",0,0,0
"CRPS","GDPCTPI","0","BART","sv","blu","s","full",0,0,0
"CRPS","GDPCTPI","0","BART","sv","blu","b","full",0,0,0
"CRPS","GDPCTPI","0","BART","sv","blu","f","full",0,0,0
"CRPS","GDPCTPI","0","BART","sv","svd","s","full",0,0,0
"CRPS","GDPCTPI","0","BART","sv","svd","b","full",1,1,2
"CRPS","GDPCTPI","0","BART","sv","svd","f","full",0,0,0
"CRPS","GDPCTPI","0","BART","sv","br","s","full",0,0,0
"CRPS","GDPCTPI","0","BART","sv","br","b","full",0,0,0
"CRPS","GDPCTPI","0","BART","sv","br","f","full",0,0,0
"CRPS","GDPCTPI","0","BART","sv","eq","s","full",0,1,1
"CRPS","GDPCTPI","0","BART","sv","eq","b","full",0,0,0
"CRPS","GDPCTPI","0","BART","sv","eq","f","full",0,0,0
"CRPS","GDPCTPI","0","BART","sv","xalm","s","full",1,1,2
"CRPS","GDPCTPI","0","BART","sv","xalm","b","full",0,0,0
"CRPS","GDPCTPI","0","BART","sv","xalm","f","full",0,0,0
"CRPS","GDPCTPI","0","BART","sv","alm3","s","full",0,0,0
"CRPS","GDPCTPI","0","BART","sv","alm3","b","full",0,0,0
"CRPS","GDPCTPI","0","BART","sv","alm3","f","full",0,0,0
"CRPS","GDPCTPI","0","BART","sv","leg3","s","full",0,0,0
"CRPS","GDPCTPI","0","BART","sv","leg3","b","full",0,0,0
"CRPS","GDPCTPI","0","BART","sv","leg3","f","full",0,0,0
"CRPS","GDPCTPI","0","BART","sv","leg5","s","full",0,0,0
"CRPS","GDPCTPI","0","BART","sv","leg5","b","full",0,0,0
"CRPS","GDPCTPI","0","BART","sv","leg5","f","full",0,0,0
"CRPS","GDPCTPI","0","BART","sv","ber3","s","full",1,1,2
"CRPS","GDPCTPI","0","BART","sv","ber3","b","full",0,0,0
"CRPS","GDPCTPI","0","BART","sv","ber3","f","full",0,0,0
"CRPS","GDPCTPI","0","BART","sv","ber5","s","full",1,1,2
"CRPS","GDPCTPI","0","BART","sv","ber5","b","full",1,1,2
"CRPS","GDPCTPI","0","BART","sv","ber5","f","full",0,0,0
"CRPS","GDPCTPI","0","BART","sv","fou3","s","full",0,0,0
"CRPS","GDPCTPI","0","BART","sv","fou3","b","full",0,0,0
"CRPS","GDPCTPI","0","BART","sv","fou3","f","full",0,0,0
"CRPS","GDPCTPI","0","GP","sv","blu","s","full",1,1,2
"CRPS","GDPCTPI","0","GP","sv","blu","b","full",0,0,0
"CRPS","GDPCTPI","0","GP","sv","blu","f","full",0,0,0
"CRPS","GDPCTPI","0","GP","sv","svd","s","full",1,1,2
"CRPS","GDPCTPI","0","GP","sv","svd","b","full",1,1,2
"CRPS","GDPCTPI","0","GP","sv","svd","f","full",1,1,2
"CRPS","GDPCTPI","0","GP","sv","br","s","full",1,1,2
"CRPS","GDPCTPI","0","GP","sv","br","b","full",0,0,0
"CRPS","GDPCTPI","0","GP","sv","br","f","full",0,1,1
"CRPS","GDPCTPI","0","GP","sv","eq","s","full",1,1,2
"CRPS","GDPCTPI","0","GP","sv","eq","b","full",1,1,2
"CRPS","GDPCTPI","0","GP","sv","eq","f","full",1,1,2
"CRPS","GDPCTPI","0","GP","sv","xalm","s","full",1,1,2
"CRPS","GDPCTPI","0","GP","sv","xalm","b","full",1,1,2
"CRPS","GDPCTPI","0","GP","sv","xalm","f","full",1,1,2
"CRPS","GDPCTPI","0","GP","sv","alm3","s","full",1,1,2
"CRPS","GDPCTPI","0","GP","sv","alm3","b","full",1,1,2
"CRPS","GDPCTPI","0","GP","sv","alm3","f","full",0,0,0
"CRPS","GDPCTPI","0","GP","sv","leg3","s","full",1,1,2
"CRPS","GDPCTPI","0","GP","sv","leg3","b","full",0,1,1
"CRPS","GDPCTPI","0","GP","sv","leg3","f","full",0,0,0
"CRPS","GDPCTPI","0","GP","sv","leg5","s","full",0,1,1
"CRPS","GDPCTPI","0","GP","sv","leg5","b","full",0,0,0
"CRPS","GDPCTPI","0","GP","sv","leg5","f","full",0,0,0
"CRPS","GDPCTPI","0","GP","sv","ber3","s","full",1,1,2
"CRPS","GDPCTPI","0","GP","sv","ber3","b","full",1,1,2
"CRPS","GDPCTPI","0","GP","sv","ber3","f","full",0,0,0
"CRPS","GDPCTPI","0","GP","sv","ber5","s","full",1,1,2
"CRPS","GDPCTPI","0","GP","sv","ber5","b","full",1,1,2
"CRPS","GDPCTPI","0","GP","sv","ber5","f","full",0,0,0
"CRPS","GDPCTPI","0","GP","sv","fou3","s","full",1,1,2
"CRPS","GDPCTPI","0","GP","sv","fou3","b","full",1,1,2
"CRPS","GDPCTPI","0","GP","sv","fou3","f","full",0,0,0
"CRPS","GDPCTPI","0","MFVAR","hom","blu","s","full",0,0,0
"CRPS","GDPCTPI","0","MFVAR","hom","blu","f","full",0,0,0
"CRPS","GDPCTPI","0","MFVAR","sv","blu","s","full",0,0,0
"CRPS","GDPCTPI","0","MFVAR","sv","blu","f","full",0,0,0
"CRPS","GDPC1","-1/3","BLR","hom","blu","s","full",1,1,2
"CRPS","GDPC1","-1/3","BLR","hom","blu","b","full",0,1,1
"CRPS","GDPC1","-1/3","BLR","hom","blu","f","full",1,1,2
"CRPS","GDPC1","-1/3","BLR","hom","svd","s","full",0,0,0
"CRPS","GDPC1","-1/3","BLR","hom","svd","b","full",0,1,1
"CRPS","GDPC1","-1/3","BLR","hom","svd","f","full",0,0,0
"CRPS","GDPC1","-1/3","BLR","hom","br","s","full",1,1,2
"CRPS","GDPC1","-1/3","BLR","hom","br","b","full",0,1,1
"CRPS","GDPC1","-1/3","BLR","hom","br","f","full",1,1,2
"CRPS","GDPC1","-1/3","BLR","hom","eq","s","full",0,0,0
"CRPS","GDPC1","-1/3","BLR","hom","eq","b","full",1,1,2
"CRPS","GDPC1","-1/3","BLR","hom","eq","f","full",0,0,0
"CRPS","GDPC1","-1/3","BLR","hom","xalm","s","full",1,1,2
"CRPS","GDPC1","-1/3","BLR","hom","xalm","b","full",1,1,2
"CRPS","GDPC1","-1/3","BLR","hom","xalm","f","full",1,1,2
"CRPS","GDPC1","-1/3","BLR","hom","alm3","s","full",1,1,2
"CRPS","GDPC1","-1/3","BLR","hom","alm3","b","full",0,0,0
"CRPS","GDPC1","-1/3","BLR","hom","alm3","f","full",0,0,0
"CRPS","GDPC1","-1/3","BLR","hom","leg3","s","full",1,1,2
"CRPS","GDPC1","-1/3","BLR","hom","leg3","b","full",0,0,0
"CRPS","GDPC1","-1/3","BLR","hom","leg3","f","full",0,0,0
"CRPS","GDPC1","-1/3","BLR","hom","leg5","s","full",1,1,2
"CRPS","GDPC1","-1/3","BLR","hom","leg5","b","full",0,1,1
"CRPS","GDPC1","-1/3","BLR","hom","leg5","f","full",1,1,2
"CRPS","GDPC1","-1/3","BLR","hom","ber3","s","full",1,1,2
"CRPS","GDPC1","-1/3","BLR","hom","ber3","b","full",1,1,2
"CRPS","GDPC1","-1/3","BLR","hom","ber3","f","full",0,0,0
"CRPS","GDPC1","-1/3","BLR","hom","ber5","s","full",1,1,2
"CRPS","GDPC1","-1/3","BLR","hom","ber5","b","full",1,1,2
"CRPS","GDPC1","-1/3","BLR","hom","ber5","f","full",1,1,2
"CRPS","GDPC1","-1/3","BLR","hom","fou3","s","full",1,1,2
"CRPS","GDPC1","-1/3","BLR","hom","fou3","b","full",0,0,0
"CRPS","GDPC1","-1/3","BLR","hom","fou3","f","full",0,0,0
"CRPS","GDPC1","-1/3","BART","hom","blu","s","full",0,1,1
"CRPS","GDPC1","-1/3","BART","hom","blu","b","full",1,1,2
"CRPS","GDPC1","-1/3","BART","hom","blu","f","full",0,0,0
"CRPS","GDPC1","-1/3","BART","hom","svd","s","full",0,0,0
"CRPS","GDPC1","-1/3","BART","hom","svd","b","full",0,1,1
"CRPS","GDPC1","-1/3","BART","hom","svd","f","full",0,0,0
"CRPS","GDPC1","-1/3","BART","hom","br","s","full",1,1,2
"CRPS","GDPC1","-1/3","BART","hom","br","b","full",0,0,0
"CRPS","GDPC1","-1/3","BART","hom","br","f","full",0,0,0
"CRPS","GDPC1","-1/3","BART","hom","eq","s","full",1,1,2
"CRPS","GDPC1","-1/3","BART","hom","eq","b","full",0,1,1
"CRPS","GDPC1","-1/3","BART","hom","eq","f","full",0,0,0
"CRPS","GDPC1","-1/3","BART","hom","xalm","s","full",1,1,2
"CRPS","GDPC1","-1/3","BART","hom","xalm","b","full",1,1,2
"CRPS","GDPC1","-1/3","BART","hom","xalm","f","full",1,1,2
"CRPS","GDPC1","-1/3","BART","hom","alm3","s","full",0,0,0
"CRPS","GDPC1","-1/3","BART","hom","alm3","b","full",0,0,0
"CRPS","GDPC1","-1/3","BART","hom","alm3","f","full",0,0,0
"CRPS","GDPC1","-1/3","BART","hom","leg3","s","full",0,1,1
"CRPS","GDPC1","-1/3","BART","hom","leg3","b","full",0,0,0
"CRPS","GDPC1","-1/3","BART","hom","leg3","f","full",0,0,0
"CRPS","GDPC1","-1/3","BART","hom","leg5","s","full",0,0,0
"CRPS","GDPC1","-1/3","BART","hom","leg5","b","full",0,0,0
"CRPS","GDPC1","-1/3","BART","hom","leg5","f","full",0,0,0
"CRPS","GDPC1","-1/3","BART","hom","ber3","s","full",1,1,2
"CRPS","GDPC1","-1/3","BART","hom","ber3","b","full",1,1,2
"CRPS","GDPC1","-1/3","BART","hom","ber3","f","full",0,0,0
"CRPS","GDPC1","-1/3","BART","hom","ber5","s","full",1,1,2
"CRPS","GDPC1","-1/3","BART","hom","ber5","b","full",0,1,1
"CRPS","GDPC1","-1/3","BART","hom","ber5","f","full",0,0,0
"CRPS","GDPC1","-1/3","BART","hom","fou3","s","full",1,1,2
"CRPS","GDPC1","-1/3","BART","hom","fou3","b","full",1,1,2
"CRPS","GDPC1","-1/3","BART","hom","fou3","f","full",0,1,1
"CRPS","GDPC1","-1/3","GP","hom","blu","s","full",1,1,2
"CRPS","GDPC1","-1/3","GP","hom","blu","b","full",0,0,0
"CRPS","GDPC1","-1/3","GP","hom","blu","f","full",0,0,0
"CRPS","GDPC1","-1/3","GP","hom","svd","s","full",0,0,0
"CRPS","GDPC1","-1/3","GP","hom","svd","b","full",0,0,0
"CRPS","GDPC1","-1/3","GP","hom","svd","f","full",0,0,0
"CRPS","GDPC1","-1/3","GP","hom","br","s","full",1,1,2
"CRPS","GDPC1","-1/3","GP","hom","br","b","full",0,0,0
"CRPS","GDPC1","-1/3","GP","hom","br","f","full",0,1,1
"CRPS","GDPC1","-1/3","GP","hom","eq","s","full",0,0,0
"CRPS","GDPC1","-1/3","GP","hom","eq","b","full",0,0,0
"CRPS","GDPC1","-1/3","GP","hom","eq","f","full",0,0,0
"CRPS","GDPC1","-1/3","GP","hom","xalm","s","full",1,1,2
"CRPS","GDPC1","-1/3","GP","hom","xalm","b","full",1,1,2
"CRPS","GDPC1","-1/3","GP","hom","xalm","f","full",0,0,0
"CRPS","GDPC1","-1/3","GP","hom","alm3","s","full",0,0,0
"CRPS","GDPC1","-1/3","GP","hom","alm3","b","full",0,0,0
"CRPS","GDPC1","-1/3","GP","hom","alm3","f","full",0,0,0
"CRPS","GDPC1","-1/3","GP","hom","leg3","s","full",1,1,2
"CRPS","GDPC1","-1/3","GP","hom","leg3","b","full",0,0,0
"CRPS","GDPC1","-1/3","GP","hom","leg3","f","full",0,0,0
"CRPS","GDPC1","-1/3","GP","hom","leg5","s","full",1,1,2
"CRPS","GDPC1","-1/3","GP","hom","leg5","b","full",0,0,0
"CRPS","GDPC1","-1/3","GP","hom","leg5","f","full",0,0,0
"CRPS","GDPC1","-1/3","GP","hom","ber3","s","full",1,1,2
"CRPS","GDPC1","-1/3","GP","hom","ber3","b","full",0,1,1
"CRPS","GDPC1","-1/3","GP","hom","ber3","f","full",1,1,2
"CRPS","GDPC1","-1/3","GP","hom","ber5","s","full",1,1,2
"CRPS","GDPC1","-1/3","GP","hom","ber5","b","full",0,0,0
"CRPS","GDPC1","-1/3","GP","hom","ber5","f","full",0,0,0
"CRPS","GDPC1","-1/3","GP","hom","fou3","s","full",1,1,2
"CRPS","GDPC1","-1/3","GP","hom","fou3","b","full",0,0,0
"CRPS","GDPC1","-1/3","GP","hom","fou3","f","full",1,1,2
"CRPS","GDPC1","-1/3","BLR","sv","blu","s","full",1,1,2
"CRPS","GDPC1","-1/3","BLR","sv","blu","b","full",0,0,0
"CRPS","GDPC1","-1/3","BLR","sv","blu","f","full",0,0,0
"CRPS","GDPC1","-1/3","BLR","sv","svd","s","full",1,1,2
"CRPS","GDPC1","-1/3","BLR","sv","svd","b","full",1,1,2
"CRPS","GDPC1","-1/3","BLR","sv","svd","f","full",0,0,0
"CRPS","GDPC1","-1/3","BLR","sv","br","s","full",1,1,2
"CRPS","GDPC1","-1/3","BLR","sv","br","b","full",0,1,1
"CRPS","GDPC1","-1/3","BLR","sv","br","f","full",1,1,2
"CRPS","GDPC1","-1/3","BLR","sv","eq","s","full",0,1,1
"CRPS","GDPC1","-1/3","BLR","sv","eq","b","full",0,1,1
"CRPS","GDPC1","-1/3","BLR","sv","eq","f","full",0,0,0
"CRPS","GDPC1","-1/3","BLR","sv","xalm","s","full",1,1,2
"CRPS","GDPC1","-1/3","BLR","sv","xalm","b","full",1,1,2
"CRPS","GDPC1","-1/3","BLR","sv","xalm","f","full",1,1,2
"CRPS","GDPC1","-1/3","BLR","sv","alm3","s","full",1,1,2
"CRPS","GDPC1","-1/3","BLR","sv","alm3","b","full",0,0,0
"CRPS","GDPC1","-1/3","BLR","sv","alm3","f","full",0,1,1
"CRPS","GDPC1","-1/3","BLR","sv","leg3","s","full",1,1,2
"CRPS","GDPC1","-1/3","BLR","sv","leg3","b","full",0,0,0
"CRPS","GDPC1","-1/3","BLR","sv","leg3","f","full",0,0,0
"CRPS","GDPC1","-1/3","BLR","sv","leg5","s","full",1,1,2
"CRPS","GDPC1","-1/3","BLR","sv","leg5","b","full",0,1,1
"CRPS","GDPC1","-1/3","BLR","sv","leg5","f","full",0,1,1
"CRPS","GDPC1","-1/3","BLR","sv","ber3","s","full",1,1,2
"CRPS","GDPC1","-1/3","BLR","sv","ber3","b","full",1,1,2
"CRPS","GDPC1","-1/3","BLR","sv","ber3","f","full",1,1,2
"CRPS","GDPC1","-1/3","BLR","sv","ber5","s","full",1,1,2
"CRPS","GDPC1","-1/3","BLR","sv","ber5","b","full",1,1,2
"CRPS","GDPC1","-1/3","BLR","sv","ber5","f","full",1,1,2
"CRPS","GDPC1","-1/3","BLR","sv","fou3","s","full",1,1,2
"CRPS","GDPC1","-1/3","BLR","sv","fou3","b","full",0,0,0
"CRPS","GDPC1","-1/3","BLR","sv","fou3","f","full",0,1,1
"CRPS","GDPC1","-1/3","BART","sv","blu","s","full",0,1,1
"CRPS","GDPC1","-1/3","BART","sv","blu","b","full",0,1,1
"CRPS","GDPC1","-1/3","BART","sv","blu","f","full",0,0,0
"CRPS","GDPC1","-1/3","BART","sv","svd","s","full",0,0,0
"CRPS","GDPC1","-1/3","BART","sv","svd","b","full",0,1,1
"CRPS","GDPC1","-1/3","BART","sv","svd","f","full",0,0,0
"CRPS","GDPC1","-1/3","BART","sv","br","s","full",0,0,0
"CRPS","GDPC1","-1/3","BART","sv","br","b","full",0,0,0
"CRPS","GDPC1","-1/3","BART","sv","br","f","full",0,0,0
"CRPS","GDPC1","-1/3","BART","sv","eq","s","full",0,0,0
"CRPS","GDPC1","-1/3","BART","sv","eq","b","full",0,0,0
"CRPS","GDPC1","-1/3","BART","sv","eq","f","full",0,0,0
"CRPS","GDPC1","-1/3","BART","sv","xalm","s","full",1,1,2
"CRPS","GDPC1","-1/3","BART","sv","xalm","b","full",0,0,0
"CRPS","GDPC1","-1/3","BART","sv","xalm","f","full",0,0,0
"CRPS","GDPC1","-1/3","BART","sv","alm3","s","full",0,0,0
"CRPS","GDPC1","-1/3","BART","sv","alm3","b","full",0,0,0
"CRPS","GDPC1","-1/3","BART","sv","alm3","f","full",0,0,0
"CRPS","GDPC1","-1/3","BART","sv","leg3","s","full",0,0,0
"CRPS","GDPC1","-1/3","BART","sv","leg3","b","full",0,1,1
"CRPS","GDPC1","-1/3","BART","sv","leg3","f","full",0,0,0
"CRPS","GDPC1","-1/3","BART","sv","leg5","s","full",0,0,0
"CRPS","GDPC1","-1/3","BART","sv","leg5","b","full",0,0,0
"CRPS","GDPC1","-1/3","BART","sv","leg5","f","full",0,0,0
"CRPS","GDPC1","-1/3","BART","sv","ber3","s","full",0,1,1
"CRPS","GDPC1","-1/3","BART","sv","ber3","b","full",0,1,1
"CRPS","GDPC1","-1/3","BART","sv","ber3","f","full",0,0,0
"CRPS","GDPC1","-1/3","BART","sv","ber5","s","full",1,1,2
"CRPS","GDPC1","-1/3","BART","sv","ber5","b","full",0,1,1
"CRPS","GDPC1","-1/3","BART","sv","ber5","f","full",0,0,0
"CRPS","GDPC1","-1/3","BART","sv","fou3","s","full",1,1,2
"CRPS","GDPC1","-1/3","BART","sv","fou3","b","full",0,0,0
"CRPS","GDPC1","-1/3","BART","sv","fou3","f","full",0,0,0
"CRPS","GDPC1","-1/3","GP","sv","blu","s","full",1,1,2
"CRPS","GDPC1","-1/3","GP","sv","blu","b","full",0,0,0
"CRPS","GDPC1","-1/3","GP","sv","blu","f","full",0,0,0
"CRPS","GDPC1","-1/3","GP","sv","svd","s","full",0,1,1
"CRPS","GDPC1","-1/3","GP","sv","svd","b","full",0,1,1
"CRPS","GDPC1","-1/3","GP","sv","svd","f","full",0,0,0
"CRPS","GDPC1","-1/3","GP","sv","br","s","full",1,1,2
"CRPS","GDPC1","-1/3","GP","sv","br","b","full",0,1,1
"CRPS","GDPC1","-1/3","GP","sv","br","f","full",1,1,2
"CRPS","GDPC1","-1/3","GP","sv","eq","s","full",0,0,0
"CRPS","GDPC1","-1/3","GP","sv","eq","b","full",0,0,0
"CRPS","GDPC1","-1/3","GP","sv","eq","f","full",0,0,0
"CRPS","GDPC1","-1/3","GP","sv","xalm","s","full",1,1,2
"CRPS","GDPC1","-1/3","GP","sv","xalm","b","full",1,1,2
"CRPS","GDPC1","-1/3","GP","sv","xalm","f","full",1,1,2
"CRPS","GDPC1","-1/3","GP","sv","alm3","s","full",0,1,1
"CRPS","GDPC1","-1/3","GP","sv","alm3","b","full",0,0,0
"CRPS","GDPC1","-1/3","GP","sv","alm3","f","full",0,1,1
"CRPS","GDPC1","-1/3","GP","sv","leg3","s","full",1,1,2
"CRPS","GDPC1","-1/3","GP","sv","leg3","b","full",0,0,0
"CRPS","GDPC1","-1/3","GP","sv","leg3","f","full",0,0,0
"CRPS","GDPC1","-1/3","GP","sv","leg5","s","full",1,1,2
"CRPS","GDPC1","-1/3","GP","sv","leg5","b","full",0,0,0
"CRPS","GDPC1","-1/3","GP","sv","leg5","f","full",0,0,0
"CRPS","GDPC1","-1/3","GP","sv","ber3","s","full",1,1,2
"CRPS","GDPC1","-1/3","GP","sv","ber3","b","full",0,1,1
"CRPS","GDPC1","-1/3","GP","sv","ber3","f","full",0,1,1
"CRPS","GDPC1","-1/3","GP","sv","ber5","s","full",1,1,2
"CRPS","GDPC1","-1/3","GP","sv","ber5","b","full",0,0,0
"CRPS","GDPC1","-1/3","GP","sv","ber5","f","full",0,0,0
"CRPS","GDPC1","-1/3","GP","sv","fou3","s","full",1,1,2
"CRPS","GDPC1","-1/3","GP","sv","fou3","b","full",0,0,0
"CRPS","GDPC1","-1/3","GP","sv","fou3","f","full",0,1,1
"CRPS","GDPC1","-1/3","MFVAR","hom","blu","s","full",1,1,2
"CRPS","GDPC1","-1/3","MFVAR","hom","blu","f","full",0,1,1
"CRPS","GDPC1","-1/3","MFVAR","sv","blu","s","full",0,0,0
"CRPS","GDPC1","-1/3","MFVAR","sv","blu","f","full",0,0,0
"CRPS","GDPCTPI","-1/3","BLR","hom","blu","s","full",0,1,1
"CRPS","GDPCTPI","-1/3","BLR","hom","blu","b","full",0,0,0
"CRPS","GDPCTPI","-1/3","BLR","hom","blu","f","full",0,0,0
"CRPS","GDPCTPI","-1/3","BLR","hom","svd","s","full",0,0,0
"CRPS","GDPCTPI","-1/3","BLR","hom","svd","b","full",0,0,0
"CRPS","GDPCTPI","-1/3","BLR","hom","svd","f","full",0,0,0
"CRPS","GDPCTPI","-1/3","BLR","hom","br","s","full",0,0,0
"CRPS","GDPCTPI","-1/3","BLR","hom","br","b","full",1,1,2
"CRPS","GDPCTPI","-1/3","BLR","hom","br","f","full",0,0,0
"CRPS","GDPCTPI","-1/3","BLR","hom","eq","s","full",0,0,0
"CRPS","GDPCTPI","-1/3","BLR","hom","eq","b","full",0,0,0
"CRPS","GDPCTPI","-1/3","BLR","hom","eq","f","full",0,0,0
"CRPS","GDPCTPI","-1/3","BLR","hom","xalm","s","full",0,0,0
"CRPS","GDPCTPI","-1/3","BLR","hom","xalm","b","full",1,1,2
"CRPS","GDPCTPI","-1/3","BLR","hom","xalm","f","full",0,0,0
"CRPS","GDPCTPI","-1/3","BLR","hom","alm3","s","full",0,0,0
"CRPS","GDPCTPI","-1/3","BLR","hom","alm3","b","full",1,1,2
"CRPS","GDPCTPI","-1/3","BLR","hom","alm3","f","full",0,0,0
"CRPS","GDPCTPI","-1/3","BLR","hom","leg3","s","full",0,1,1
"CRPS","GDPCTPI","-1/3","BLR","hom","leg3","b","full",0,0,0
"CRPS","GDPCTPI","-1/3","BLR","hom","leg3","f","full",0,0,0
"CRPS","GDPCTPI","-1/3","BLR","hom","leg5","s","full",0,0,0
"CRPS","GDPCTPI","-1/3","BLR","hom","leg5","b","full",0,0,0
"CRPS","GDPCTPI","-1/3","BLR","hom","leg5","f","full",0,0,0
"CRPS","GDPCTPI","-1/3","BLR","hom","ber3","s","full",0,0,0
"CRPS","GDPCTPI","-1/3","BLR","hom","ber3","b","full",1,1,2
"CRPS","GDPCTPI","-1/3","BLR","hom","ber3","f","full",0,0,0
"CRPS","GDPCTPI","-1/3","BLR","hom","ber5","s","full",0,0,0
"CRPS","GDPCTPI","-1/3","BLR","hom","ber5","b","full",1,1,2
"CRPS","GDPCTPI","-1/3","BLR","hom","ber5","f","full",0,0,0
"CRPS","GDPCTPI","-1/3","BLR","hom","fou3","s","full",0,0,0
"CRPS","GDPCTPI","-1/3","BLR","hom","fou3","b","full",1,1,2
"CRPS","GDPCTPI","-1/3","BLR","hom","fou3","f","full",0,0,0
"CRPS","GDPCTPI","-1/3","BART","hom","blu","s","full",1,1,2
"CRPS","GDPCTPI","-1/3","BART","hom","blu","b","full",1,1,2
"CRPS","GDPCTPI","-1/3","BART","hom","blu","f","full",0,0,0
"CRPS","GDPCTPI","-1/3","BART","hom","svd","s","full",0,1,1
"CRPS","GDPCTPI","-1/3","BART","hom","svd","b","full",0,0,0
"CRPS","GDPCTPI","-1/3","BART","hom","svd","f","full",0,0,0
"CRPS","GDPCTPI","-1/3","BART","hom","br","s","full",0,0,0
"CRPS","GDPCTPI","-1/3","BART","hom","br","b","full",1,1,2
"CRPS","GDPCTPI","-1/3","BART","hom","br","f","full",0,0,0
"CRPS","GDPCTPI","-1/3","BART","hom","eq","s","full",0,0,0
"CRPS","GDPCTPI","-1/3","BART","hom","eq","b","full",0,0,0
"CRPS","GDPCTPI","-1/3","BART","hom","eq","f","full",0,0,0
"CRPS","GDPCTPI","-1/3","BART","hom","xalm","s","full",0,0,0
"CRPS","GDPCTPI","-1/3","BART","hom","xalm","b","full",0,0,0
"CRPS","GDPCTPI","-1/3","BART","hom","xalm","f","full",0,0,0
"CRPS","GDPCTPI","-1/3","BART","hom","alm3","s","full",0,0,0
"CRPS","GDPCTPI","-1/3","BART","hom","alm3","b","full",0,0,0
"CRPS","GDPCTPI","-1/3","BART","hom","alm3","f","full",0,0,0
"CRPS","GDPCTPI","-1/3","BART","hom","leg3","s","full",0,0,0
"CRPS","GDPCTPI","-1/3","BART","hom","leg3","b","full",1,1,2
"CRPS","GDPCTPI","-1/3","BART","hom","leg3","f","full",0,0,0
"CRPS","GDPCTPI","-1/3","BART","hom","leg5","s","full",0,1,1
"CRPS","GDPCTPI","-1/3","BART","hom","leg5","b","full",0,1,1
"CRPS","GDPCTPI","-1/3","BART","hom","leg5","f","full",0,0,0
"CRPS","GDPCTPI","-1/3","BART","hom","ber3","s","full",1,1,2
"CRPS","GDPCTPI","-1/3","BART","hom","ber3","b","full",1,1,2
"CRPS","GDPCTPI","-1/3","BART","hom","ber3","f","full",0,0,0
"CRPS","GDPCTPI","-1/3","BART","hom","ber5","s","full",1,1,2
"CRPS","GDPCTPI","-1/3","BART","hom","ber5","b","full",1,1,2
"CRPS","GDPCTPI","-1/3","BART","hom","ber5","f","full",0,0,0
"CRPS","GDPCTPI","-1/3","BART","hom","fou3","s","full",0,0,0
"CRPS","GDPCTPI","-1/3","BART","hom","fou3","b","full",1,1,2
"CRPS","GDPCTPI","-1/3","BART","hom","fou3","f","full",0,0,0
"CRPS","GDPCTPI","-1/3","GP","hom","blu","s","full",0,0,0
"CRPS","GDPCTPI","-1/3","GP","hom","blu","b","full",0,0,0
"CRPS","GDPCTPI","-1/3","GP","hom","blu","f","full",0,0,0
"CRPS","GDPCTPI","-1/3","GP","hom","svd","s","full",1,1,2
"CRPS","GDPCTPI","-1/3","GP","hom","svd","b","full",0,1,1
"CRPS","GDPCTPI","-1/3","GP","hom","svd","f","full",0,1,1
"CRPS","GDPCTPI","-1/3","GP","hom","br","s","full",1,1,2
"CRPS","GDPCTPI","-1/3","GP","hom","br","b","full",0,0,0
"CRPS","GDPCTPI","-1/3","GP","hom","br","f","full",0,1,1
"CRPS","GDPCTPI","-1/3","GP","hom","eq","s","full",1,1,2
"CRPS","GDPCTPI","-1/3","GP","hom","eq","b","full",1,1,2
"CRPS","GDPCTPI","-1/3","GP","hom","eq","f","full",1,1,2
"CRPS","GDPCTPI","-1/3","GP","hom","xalm","s","full",1,1,2
"CRPS","GDPCTPI","-1/3","GP","hom","xalm","b","full",1,1,2
"CRPS","GDPCTPI","-1/3","GP","hom","xalm","f","full",0,1,1
"CRPS","GDPCTPI","-1/3","GP","hom","alm3","s","full",0,0,0
"CRPS","GDPCTPI","-1/3","GP","hom","alm3","b","full",0,1,1
"CRPS","GDPCTPI","-1/3","GP","hom","alm3","f","full",0,0,0
"CRPS","GDPCTPI","-1/3","GP","hom","leg3","s","full",0,0,0
"CRPS","GDPCTPI","-1/3","GP","hom","leg3","b","full",0,0,0
"CRPS","GDPCTPI","-1/3","GP","hom","leg3","f","full",0,0,0
"CRPS","GDPCTPI","-1/3","GP","hom","leg5","s","full",0,0,0
"CRPS","GDPCTPI","-1/3","GP","hom","leg5","b","full",0,0,0
"CRPS","GDPCTPI","-1/3","GP","hom","leg5","f","full",0,0,0
"CRPS","GDPCTPI","-1/3","GP","hom","ber3","s","full",1,1,2
"CRPS","GDPCTPI","-1/3","GP","hom","ber3","b","full",1,1,2
"CRPS","GDPCTPI","-1/3","GP","hom","ber3","f","full",0,0,0
"CRPS","GDPCTPI","-1/3","GP","hom","ber5","s","full",1,1,2
"CRPS","GDPCTPI","-1/3","GP","hom","ber5","b","full",1,1,2
"CRPS","GDPCTPI","-1/3","GP","hom","ber5","f","full",0,0,0
"CRPS","GDPCTPI","-1/3","GP","hom","fou3","s","full",0,0,0
"CRPS","GDPCTPI","-1/3","GP","hom","fou3","b","full",1,1,2
"CRPS","GDPCTPI","-1/3","GP","hom","fou3","f","full",0,0,0
"CRPS","GDPCTPI","-1/3","BLR","sv","blu","s","full",1,1,2
"CRPS","GDPCTPI","-1/3","BLR","sv","blu","b","full",0,0,0
"CRPS","GDPCTPI","-1/3","BLR","sv","blu","f","full",1,1,2
"CRPS","GDPCTPI","-1/3","BLR","sv","svd","s","full",1,1,2
"CRPS","GDPCTPI","-1/3","BLR","sv","svd","b","full",1,1,2
"CRPS","GDPCTPI","-1/3","BLR","sv","svd","f","full",1,1,2
"CRPS","GDPCTPI","-1/3","BLR","sv","br","s","full",1,1,2
"CRPS","GDPCTPI","-1/3","BLR","sv","br","b","full",1,1,2
"CRPS","GDPCTPI","-1/3","BLR","sv","br","f","full",1,1,2
"CRPS","GDPCTPI","-1/3","BLR","sv","eq","s","full",1,1,2
"CRPS","GDPCTPI","-1/3","BLR","sv","eq","b","full",1,1,2
"CRPS","GDPCTPI","-1/3","BLR","sv","eq","f","full",1,1,2
"CRPS","GDPCTPI","-1/3","BLR","sv","xalm","s","full",1,1,2
"CRPS","GDPCTPI","-1/3","BLR","sv","xalm","b","full",1,1,2
"CRPS","GDPCTPI","-1/3","BLR","sv","xalm","f","full",0,1,1
"CRPS","GDPCTPI","-1/3","BLR","sv","alm3","s","full",1,1,2
"CRPS","GDPCTPI","-1/3","BLR","sv","alm3","b","full",1,1,2
"CRPS","GDPCTPI","-1/3","BLR","sv","alm3","f","full",0,0,0
"CRPS","GDPCTPI","-1/3","BLR","sv","leg3","s","full",1,1,2
"CRPS","GDPCTPI","-1/3","BLR","sv","leg3","b","full",0,0,0
"CRPS","GDPCTPI","-1/3","BLR","sv","leg3","f","full",1,1,2
"CRPS","GDPCTPI","-1/3","BLR","sv","leg5","s","full",1,1,2
"CRPS","GDPCTPI","-1/3","BLR","sv","leg5","b","full",0,0,0
"CRPS","GDPCTPI","-1/3","BLR","sv","leg5","f","full",0,0,0
"CRPS","GDPCTPI","-1/3","BLR","sv","ber3","s","full",1,1,2
"CRPS","GDPCTPI","-1/3","BLR","sv","ber3","b","full",1,1,2
"CRPS","GDPCTPI","-1/3","BLR","sv","ber3","f","full",1,1,2
"CRPS","GDPCTPI","-1/3","BLR","sv","ber5","s","full",1,1,2
"CRPS","GDPCTPI","-1/3","BLR","sv","ber5","b","full",1,1,2
"CRPS","GDPCTPI","-1/3","BLR","sv","ber5","f","full",1,1,2
"CRPS","GDPCTPI","-1/3","BLR","sv","fou3","s","full",1,1,2
"CRPS","GDPCTPI","-1/3","BLR","sv","fou3","b","full",1,1,2
"CRPS","GDPCTPI","-1/3","BLR","sv","fou3","f","full",1,1,2
"CRPS","GDPCTPI","-1/3","BART","sv","blu","s","full",1,1,2
"CRPS","GDPCTPI","-1/3","BART","sv","blu","b","full",0,0,0
"CRPS","GDPCTPI","-1/3","BART","sv","blu","f","full",0,0,0
"CRPS","GDPCTPI","-1/3","BART","sv","svd","s","full",0,1,1
"CRPS","GDPCTPI","-1/3","BART","sv","svd","b","full",0,0,0
"CRPS","GDPCTPI","-1/3","BART","sv","svd","f","full",0,0,0
"CRPS","GDPCTPI","-1/3","BART","sv","br","s","full",0,0,0
"CRPS","GDPCTPI","-1/3","BART","sv","br","b","full",0,0,0
"CRPS","GDPCTPI","-1/3","BART","sv","br","f","full",0,0,0
"CRPS","GDPCTPI","-1/3","BART","sv","eq","s","full",0,0,0
"CRPS","GDPCTPI","-1/3","BART","sv","eq","b","full",0,0,0
"CRPS","GDPCTPI","-1/3","BART","sv","eq","f","full",0,0,0
"CRPS","GDPCTPI","-1/3","BART","sv","xalm","s","full",0,0,0
"CRPS","GDPCTPI","-1/3","BART","sv","xalm","b","full",0,0,0
"CRPS","GDPCTPI","-1/3","BART","sv","xalm","f","full",0,0,0
"CRPS","GDPCTPI","-1/3","BART","sv","alm3","s","full",0,0,0
"CRPS","GDPCTPI","-1/3","BART","sv","alm3","b","full",0,0,0
"CRPS","GDPCTPI","-1/3","BART","sv","alm3","f","full",0,0,0
"CRPS","GDPCTPI","-1/3","BART","sv","leg3","s","full",0,0,0
"CRPS","GDPCTPI","-1/3","BART","sv","leg3","b","full",0,0,0
"CRPS","GDPCTPI","-1/3","BART","sv","leg3","f","full",0,0,0
"CRPS","GDPCTPI","-1/3","BART","sv","leg5","s","full",0,0,0
"CRPS","GDPCTPI","-1/3","BART","sv","leg5","b","full",0,0,0
"CRPS","GDPCTPI","-1/3","BART","sv","leg5","f","full",0,0,0
"CRPS","GDPCTPI","-1/3","BART","sv","ber3","s","full",1,1,2
"CRPS","GDPCTPI","-1/3","BART","sv","ber3","b","full",0,0,0
"CRPS","GDPCTPI","-1/3","BART","sv","ber3","f","full",0,0,0
"CRPS","GDPCTPI","-1/3","BART","sv","ber5","s","full",1,1,2
"CRPS","GDPCTPI","-1/3","BART","sv","ber5","b","full",0,1,1
"CRPS","GDPCTPI","-1/3","BART","sv","ber5","f","full",0,0,0
"CRPS","GDPCTPI","-1/3","BART","sv","fou3","s","full",0,1,1
"CRPS","GDPCTPI","-1/3","BART","sv","fou3","b","full",0,0,0
"CRPS","GDPCTPI","-1/3","BART","sv","fou3","f","full",0,0,0
"CRPS","GDPCTPI","-1/3","GP","sv","blu","s","full",0,1,1
"CRPS","GDPCTPI","-1/3","GP","sv","blu","b","full",0,1,1
"CRPS","GDPCTPI","-1/3","GP","sv","blu","f","full",0,0,0
"CRPS","GDPCTPI","-1/3","GP","sv","svd","s","full",1,1,2
"CRPS","GDPCTPI","-1/3","GP","sv","svd","b","full",1,1,2
"CRPS","GDPCTPI","-1/3","GP","sv","svd","f","full",1,1,2
"CRPS","GDPCTPI","-1/3","GP","sv","br","s","full",1,1,2
"CRPS","GDPCTPI","-1/3","GP","sv","br","b","full",0,1,1
"CRPS","GDPCTPI","-1/3","GP","sv","br","f","full",1,1,2
"CRPS","GDPCTPI","-1/3","GP","sv","eq","s","full",1,1,2
"CRPS","GDPCTPI","-1/3","GP","sv","eq","b","full",1,1,2
"CRPS","GDPCTPI","-1/3","GP","sv","eq","f","full",0,0,0
"CRPS","GDPCTPI","-1/3","GP","sv","xalm","s","full",1,1,2
"CRPS","GDPCTPI","-1/3","GP","sv","xalm","b","full",1,1,2
"CRPS","GDPCTPI","-1/3","GP","sv","xalm","f","full",1,1,2
"CRPS","GDPCTPI","-1/3","GP","sv","alm3","s","full",1,1,2
"CRPS","GDPCTPI","-1/3","GP","sv","alm3","b","full",1,1,2
"CRPS","GDPCTPI","-1/3","GP","sv","alm3","f","full",0,0,0
"CRPS","GDPCTPI","-1/3","GP","sv","leg3","s","full",0,1,1
"CRPS","GDPCTPI","-1/3","GP","sv","leg3","b","full",0,0,0
"CRPS","GDPCTPI","-1/3","GP","sv","leg3","f","full",0,0,0
"CRPS","GDPCTPI","-1/3","GP","sv","leg5","s","full",1,1,2
"CRPS","GDPCTPI","-1/3","GP","sv","leg5","b","full",0,0,0
"CRPS","GDPCTPI","-1/3","GP","sv","leg5","f","full",0,0,0
"CRPS","GDPCTPI","-1/3","GP","sv","ber3","s","full",1,1,2
"CRPS","GDPCTPI","-1/3","GP","sv","ber3","b","full",1,1,2
"CRPS","GDPCTPI","-1/3","GP","sv","ber3","f","full",0,1,1
"CRPS","GDPCTPI","-1/3","GP","sv","ber5","s","full",1,1,2
"CRPS","GDPCTPI","-1/3","GP","sv","ber5","b","full",1,1,2
"CRPS","GDPCTPI","-1/3","GP","sv","ber5","f","full",0,0,0
"CRPS","GDPCTPI","-1/3","GP","sv","fou3","s","full",1,1,2
"CRPS","GDPCTPI","-1/3","GP","sv","fou3","b","full",1,1,2
"CRPS","GDPCTPI","-1/3","GP","sv","fou3","f","full",0,0,0
"CRPS","GDPCTPI","-1/3","MFVAR","hom","blu","s","full",0,0,0
"CRPS","GDPCTPI","-1/3","MFVAR","hom","blu","f","full",0,0,0
"CRPS","GDPCTPI","-1/3","MFVAR","sv","blu","s","full",0,0,0
"CRPS","GDPCTPI","-1/3","MFVAR","sv","blu","f","full",0,0,0
"CRPS","GDPC1","5/3","BLR","hom","blu","s","full-outl",0,0,0
"CRPS","GDPC1","5/3","BLR","hom","blu","b","full-outl",0,0,0
"CRPS","GDPC1","5/3","BLR","hom","blu","f","full-outl",1,1,2
"CRPS","GDPC1","5/3","BLR","hom","svd","s","full-outl",0,1,1
"CRPS","GDPC1","5/3","BLR","hom","svd","b","full-outl",0,0,0
"CRPS","GDPC1","5/3","BLR","hom","svd","f","full-outl",0,1,1
"CRPS","GDPC1","5/3","BLR","hom","br","s","full-outl",1,1,2
"CRPS","GDPC1","5/3","BLR","hom","br","b","full-outl",0,0,0
"CRPS","GDPC1","5/3","BLR","hom","br","f","full-outl",1,1,2
"CRPS","GDPC1","5/3","BLR","hom","eq","s","full-outl",0,0,0
"CRPS","GDPC1","5/3","BLR","hom","eq","b","full-outl",0,1,1
"CRPS","GDPC1","5/3","BLR","hom","eq","f","full-outl",0,1,1
"CRPS","GDPC1","5/3","BLR","hom","xalm","s","full-outl",0,0,0
"CRPS","GDPC1","5/3","BLR","hom","xalm","b","full-outl",0,0,0
"CRPS","GDPC1","5/3","BLR","hom","xalm","f","full-outl",1,1,2
"CRPS","GDPC1","5/3","BLR","hom","alm3","s","full-outl",0,0,0
"CRPS","GDPC1","5/3","BLR","hom","alm3","b","full-outl",0,0,0
"CRPS","GDPC1","5/3","BLR","hom","alm3","f","full-outl",0,1,1
"CRPS","GDPC1","5/3","BLR","hom","leg3","s","full-outl",0,0,0
"CRPS","GDPC1","5/3","BLR","hom","leg3","b","full-outl",0,0,0
"CRPS","GDPC1","5/3","BLR","hom","leg3","f","full-outl",0,0,0
"CRPS","GDPC1","5/3","BLR","hom","leg5","s","full-outl",1,1,2
"CRPS","GDPC1","5/3","BLR","hom","leg5","b","full-outl",0,0,0
"CRPS","GDPC1","5/3","BLR","hom","leg5","f","full-outl",0,0,0
"CRPS","GDPC1","5/3","BLR","hom","ber3","s","full-outl",0,0,0
"CRPS","GDPC1","5/3","BLR","hom","ber3","b","full-outl",0,0,0
"CRPS","GDPC1","5/3","BLR","hom","ber3","f","full-outl",1,1,2
"CRPS","GDPC1","5/3","BLR","hom","ber5","s","full-outl",0,0,0
"CRPS","GDPC1","5/3","BLR","hom","ber5","b","full-outl",0,0,0
"CRPS","GDPC1","5/3","BLR","hom","ber5","f","full-outl",1,1,2
"CRPS","GDPC1","5/3","BLR","hom","fou3","s","full-outl",0,0,0
"CRPS","GDPC1","5/3","BLR","hom","fou3","b","full-outl",0,0,0
"CRPS","GDPC1","5/3","BLR","hom","fou3","f","full-outl",1,1,2
"CRPS","GDPC1","5/3","BART","hom","blu","s","full-outl",0,1,1
"CRPS","GDPC1","5/3","BART","hom","blu","b","full-outl",0,0,0
"CRPS","GDPC1","5/3","BART","hom","blu","f","full-outl",1,1,2
"CRPS","GDPC1","5/3","BART","hom","svd","s","full-outl",0,0,0
"CRPS","GDPC1","5/3","BART","hom","svd","b","full-outl",0,1,1
"CRPS","GDPC1","5/3","BART","hom","svd","f","full-outl",1,1,2
"CRPS","GDPC1","5/3","BART","hom","br","s","full-outl",0,0,0
"CRPS","GDPC1","5/3","BART","hom","br","b","full-outl",0,0,0
"CRPS","GDPC1","5/3","BART","hom","br","f","full-outl",0,0,0
"CRPS","GDPC1","5/3","BART","hom","eq","s","full-outl",0,1,1
"CRPS","GDPC1","5/3","BART","hom","eq","b","full-outl",1,1,2
"CRPS","GDPC1","5/3","BART","hom","eq","f","full-outl",0,0,0
"CRPS","GDPC1","5/3","BART","hom","xalm","s","full-outl",1,1,2
"CRPS","GDPC1","5/3","BART","hom","xalm","b","full-outl",0,0,0
"CRPS","GDPC1","5/3","BART","hom","xalm","f","full-outl",1,1,2
"CRPS","GDPC1","5/3","BART","hom","alm3","s","full-outl",0,1,1
"CRPS","GDPC1","5/3","BART","hom","alm3","b","full-outl",0,1,1
"CRPS","GDPC1","5/3","BART","hom","alm3","f","full-outl",0,1,1
"CRPS","GDPC1","5/3","BART","hom","leg3","s","full-outl",1,1,2
"CRPS","GDPC1","5/3","BART","hom","leg3","b","full-outl",1,1,2
"CRPS","GDPC1","5/3","BART","hom","leg3","f","full-outl",0,0,0
"CRPS","GDPC1","5/3","BART","hom","leg5","s","full-outl",1,1,2
"CRPS","GDPC1","5/3","BART","hom","leg5","b","full-outl",0,0,0
"CRPS","GDPC1","5/3","BART","hom","leg5","f","full-outl",0,0,0
"CRPS","GDPC1","5/3","BART","hom","ber3","s","full-outl",0,0,0
"CRPS","GDPC1","5/3","BART","hom","ber3","b","full-outl",0,0,0
"CRPS","GDPC1","5/3","BART","hom","ber3","f","full-outl",0,0,0
"CRPS","GDPC1","5/3","BART","hom","ber5","s","full-outl",0,0,0
"CRPS","GDPC1","5/3","BART","hom","ber5","b","full-outl",0,0,0
"CRPS","GDPC1","5/3","BART","hom","ber5","f","full-outl",0,0,0
"CRPS","GDPC1","5/3","BART","hom","fou3","s","full-outl",0,1,1
"CRPS","GDPC1","5/3","BART","hom","fou3","b","full-outl",1,1,2
"CRPS","GDPC1","5/3","BART","hom","fou3","f","full-outl",0,1,1
"CRPS","GDPC1","5/3","GP","hom","blu","s","full-outl",1,1,2
"CRPS","GDPC1","5/3","GP","hom","blu","b","full-outl",1,1,2
"CRPS","GDPC1","5/3","GP","hom","blu","f","full-outl",1,1,2
"CRPS","GDPC1","5/3","GP","hom","svd","s","full-outl",0,0,0
"CRPS","GDPC1","5/3","GP","hom","svd","b","full-outl",0,1,1
"CRPS","GDPC1","5/3","GP","hom","svd","f","full-outl",0,0,0
"CRPS","GDPC1","5/3","GP","hom","br","s","full-outl",1,1,2
"CRPS","GDPC1","5/3","GP","hom","br","b","full-outl",1,1,2
"CRPS","GDPC1","5/3","GP","hom","br","f","full-outl",1,1,2
"CRPS","GDPC1","5/3","GP","hom","eq","s","full-outl",1,1,2
"CRPS","GDPC1","5/3","GP","hom","eq","b","full-outl",1,1,2
"CRPS","GDPC1","5/3","GP","hom","eq","f","full-outl",0,0,0
"CRPS","GDPC1","5/3","GP","hom","xalm","s","full-outl",0,1,1
"CRPS","GDPC1","5/3","GP","hom","xalm","b","full-outl",1,1,2
"CRPS","GDPC1","5/3","GP","hom","xalm","f","full-outl",0,0,0
"CRPS","GDPC1","5/3","GP","hom","alm3","s","full-outl",1,1,2
"CRPS","GDPC1","5/3","GP","hom","alm3","b","full-outl",1,1,2
"CRPS","GDPC1","5/3","GP","hom","alm3","f","full-outl",1,1,2
"CRPS","GDPC1","5/3","GP","hom","leg3","s","full-outl",1,1,2
"CRPS","GDPC1","5/3","GP","hom","leg3","b","full-outl",1,1,2
"CRPS","GDPC1","5/3","GP","hom","leg3","f","full-outl",1,1,2
"CRPS","GDPC1","5/3","GP","hom","leg5","s","full-outl",0,1,1
"CRPS","GDPC1","5/3","GP","hom","leg5","b","full-outl",0,0,0
"CRPS","GDPC1","5/3","GP","hom","leg5","f","full-outl",1,1,2
"CRPS","GDPC1","5/3","GP","hom","ber3","s","full-outl",1,1,2
"CRPS","GDPC1","5/3","GP","hom","ber3","b","full-outl",1,1,2
"CRPS","GDPC1","5/3","GP","hom","ber3","f","full-outl",1,1,2
"CRPS","GDPC1","5/3","GP","hom","ber5","s","full-outl",1,1,2
"CRPS","GDPC1","5/3","GP","hom","ber5","b","full-outl",1,1,2
"CRPS","GDPC1","5/3","GP","hom","ber5","f","full-outl",1,1,2
"CRPS","GDPC1","5/3","GP","hom","fou3","s","full-outl",1,1,2
"CRPS","GDPC1","5/3","GP","hom","fou3","b","full-outl",1,1,2
"CRPS","GDPC1","5/3","GP","hom","fou3","f","full-outl",1,1,2
"CRPS","GDPC1","5/3","BLR","sv","blu","s","full-outl",0,0,0
"CRPS","GDPC1","5/3","BLR","sv","blu","b","full-outl",0,0,0
"CRPS","GDPC1","5/3","BLR","sv","blu","f","full-outl",1,1,2
"CRPS","GDPC1","5/3","BLR","sv","svd","s","full-outl",0,0,0
"CRPS","GDPC1","5/3","BLR","sv","svd","b","full-outl",0,0,0
"CRPS","GDPC1","5/3","BLR","sv","svd","f","full-outl",0,1,1
"CRPS","GDPC1","5/3","BLR","sv","br","s","full-outl",0,1,1
"CRPS","GDPC1","5/3","BLR","sv","br","b","full-outl",0,0,0
"CRPS","GDPC1","5/3","BLR","sv","br","f","full-outl",1,1,2
"CRPS","GDPC1","5/3","BLR","sv","eq","s","full-outl",1,1,2
"CRPS","GDPC1","5/3","BLR","sv","eq","b","full-outl",1,1,2
"CRPS","GDPC1","5/3","BLR","sv","eq","f","full-outl",0,1,1
"CRPS","GDPC1","5/3","BLR","sv","xalm","s","full-outl",0,0,0
"CRPS","GDPC1","5/3","BLR","sv","xalm","b","full-outl",1,1,2
"CRPS","GDPC1","5/3","BLR","sv","xalm","f","full-outl",1,1,2
"CRPS","GDPC1","5/3","BLR","sv","alm3","s","full-outl",1,1,2
"CRPS","GDPC1","5/3","BLR","sv","alm3","b","full-outl",0,0,0
"CRPS","GDPC1","5/3","BLR","sv","alm3","f","full-outl",1,1,2
"CRPS","GDPC1","5/3","BLR","sv","leg3","s","full-outl",0,0,0
"CRPS","GDPC1","5/3","BLR","sv","leg3","b","full-outl",0,0,0
"CRPS","GDPC1","5/3","BLR","sv","leg3","f","full-outl",0,0,0
"CRPS","GDPC1","5/3","BLR","sv","leg5","s","full-outl",0,1,1
"CRPS","GDPC1","5/3","BLR","sv","leg5","b","full-outl",0,0,0
"CRPS","GDPC1","5/3","BLR","sv","leg5","f","full-outl",0,1,1
"CRPS","GDPC1","5/3","BLR","sv","ber3","s","full-outl",0,1,1
"CRPS","GDPC1","5/3","BLR","sv","ber3","b","full-outl",0,0,0
"CRPS","GDPC1","5/3","BLR","sv","ber3","f","full-outl",1,1,2
"CRPS","GDPC1","5/3","BLR","sv","ber5","s","full-outl",0,0,0
"CRPS","GDPC1","5/3","BLR","sv","ber5","b","full-outl",0,0,0
"CRPS","GDPC1","5/3","BLR","sv","ber5","f","full-outl",1,1,2
"CRPS","GDPC1","5/3","BLR","sv","fou3","s","full-outl",1,1,2
"CRPS","GDPC1","5/3","BLR","sv","fou3","b","full-outl",0,0,0
"CRPS","GDPC1","5/3","BLR","sv","fou3","f","full-outl",1,1,2
"CRPS","GDPC1","5/3","BART","sv","blu","s","full-outl",0,1,1
"CRPS","GDPC1","5/3","BART","sv","blu","b","full-outl",1,1,2
"CRPS","GDPC1","5/3","BART","sv","blu","f","full-outl",0,1,1
"CRPS","GDPC1","5/3","BART","sv","svd","s","full-outl",0,0,0
"CRPS","GDPC1","5/3","BART","sv","svd","b","full-outl",0,0,0
"CRPS","GDPC1","5/3","BART","sv","svd","f","full-outl",1,1,2
"CRPS","GDPC1","5/3","BART","sv","br","s","full-outl",0,0,0
"CRPS","GDPC1","5/3","BART","sv","br","b","full-outl",0,0,0
"CRPS","GDPC1","5/3","BART","sv","br","f","full-outl",1,1,2
"CRPS","GDPC1","5/3","BART","sv","eq","s","full-outl",1,1,2
"CRPS","GDPC1","5/3","BART","sv","eq","b","full-outl",1,1,2
"CRPS","GDPC1","5/3","BART","sv","eq","f","full-outl",0,0,0
"CRPS","GDPC1","5/3","BART","sv","xalm","s","full-outl",0,1,1
"CRPS","GDPC1","5/3","BART","sv","xalm","b","full-outl",1,1,2
"CRPS","GDPC1","5/3","BART","sv","xalm","f","full-outl",1,1,2
"CRPS","GDPC1","5/3","BART","sv","alm3","s","full-outl",1,1,2
"CRPS","GDPC1","5/3","BART","sv","alm3","b","full-outl",1,1,2
"CRPS","GDPC1","5/3","BART","sv","alm3","f","full-outl",0,0,0
"CRPS","GDPC1","5/3","BART","sv","leg3","s","full-outl",0,1,1
"CRPS","GDPC1","5/3","BART","sv","leg3","b","full-outl",1,1,2
"CRPS","GDPC1","5/3","BART","sv","leg3","f","full-outl",0,0,0
"CRPS","GDPC1","5/3","BART","sv","leg5","s","full-outl",1,1,2
"CRPS","GDPC1","5/3","BART","sv","leg5","b","full-outl",1,1,2
"CRPS","GDPC1","5/3","BART","sv","leg5","f","full-outl",0,0,0
"CRPS","GDPC1","5/3","BART","sv","ber3","s","full-outl",1,1,2
"CRPS","GDPC1","5/3","BART","sv","ber3","b","full-outl",1,1,2
"CRPS","GDPC1","5/3","BART","sv","ber3","f","full-outl",0,1,1
"CRPS","GDPC1","5/3","BART","sv","ber5","s","full-outl",1,1,2
"CRPS","GDPC1","5/3","BART","sv","ber5","b","full-outl",1,1,2
"CRPS","GDPC1","5/3","BART","sv","ber5","f","full-outl",0,1,1
"CRPS","GDPC1","5/3","BART","sv","fou3","s","full-outl",1,1,2
"CRPS","GDPC1","5/3","BART","sv","fou3","b","full-outl",1,1,2
"CRPS","GDPC1","5/3","BART","sv","fou3","f","full-outl",0,1,1
"CRPS","GDPC1","5/3","GP","sv","blu","s","full-outl",1,1,2
"CRPS","GDPC1","5/3","GP","sv","blu","b","full-outl",1,1,2
"CRPS","GDPC1","5/3","GP","sv","blu","f","full-outl",1,1,2
"CRPS","GDPC1","5/3","GP","sv","svd","s","full-outl",1,1,2
"CRPS","GDPC1","5/3","GP","sv","svd","b","full-outl",1,1,2
"CRPS","GDPC1","5/3","GP","sv","svd","f","full-outl",1,1,2
"CRPS","GDPC1","5/3","GP","sv","br","s","full-outl",1,1,2
"CRPS","GDPC1","5/3","GP","sv","br","b","full-outl",1,1,2
"CRPS","GDPC1","5/3","GP","sv","br","f","full-outl",1,1,2
"CRPS","GDPC1","5/3","GP","sv","eq","s","full-outl",1,1,2
"CRPS","GDPC1","5/3","GP","sv","eq","b","full-outl",1,1,2
"CRPS","GDPC1","5/3","GP","sv","eq","f","full-outl",1,1,2
"CRPS","GDPC1","5/3","GP","sv","xalm","s","full-outl",1,1,2
"CRPS","GDPC1","5/3","GP","sv","xalm","b","full-outl",1,1,2
"CRPS","GDPC1","5/3","GP","sv","xalm","f","full-outl",1,1,2
"CRPS","GDPC1","5/3","GP","sv","alm3","s","full-outl",1,1,2
"CRPS","GDPC1","5/3","GP","sv","alm3","b","full-outl",1,1,2
"CRPS","GDPC1","5/3","GP","sv","alm3","f","full-outl",1,1,2
"CRPS","GDPC1","5/3","GP","sv","leg3","s","full-outl",1,1,2
"CRPS","GDPC1","5/3","GP","sv","leg3","b","full-outl",1,1,2
"CRPS","GDPC1","5/3","GP","sv","leg3","f","full-outl",1,1,2
"CRPS","GDPC1","5/3","GP","sv","leg5","s","full-outl",1,1,2
"CRPS","GDPC1","5/3","GP","sv","leg5","b","full-outl",1,1,2
"CRPS","GDPC1","5/3","GP","sv","leg5","f","full-outl",0,0,0
"CRPS","GDPC1","5/3","GP","sv","ber3","s","full-outl",1,1,2
"CRPS","GDPC1","5/3","GP","sv","ber3","b","full-outl",1,1,2
"CRPS","GDPC1","5/3","GP","sv","ber3","f","full-outl",1,1,2
"CRPS","GDPC1","5/3","GP","sv","ber5","s","full-outl",1,1,2
"CRPS","GDPC1","5/3","GP","sv","ber5","b","full-outl",1,1,2
"CRPS","GDPC1","5/3","GP","sv","ber5","f","full-outl",1,1,2
"CRPS","GDPC1","5/3","GP","sv","fou3","s","full-outl",1,1,2
"CRPS","GDPC1","5/3","GP","sv","fou3","b","full-outl",1,1,2
"CRPS","GDPC1","5/3","GP","sv","fou3","f","full-outl",1,1,2
"CRPS","GDPC1","5/3","MFVAR","hom","blu","s","full-outl",0,0,0
"CRPS","GDPC1","5/3","MFVAR","hom","blu","f","full-outl",0,0,0
"CRPS","GDPC1","5/3","MFVAR","sv","blu","s","full-outl",0,1,1
"CRPS","GDPC1","5/3","MFVAR","sv","blu","f","full-outl",1,1,2
"CRPS","GDPCTPI","5/3","BLR","hom","blu","s","full-outl",0,0,0
"CRPS","GDPCTPI","5/3","BLR","hom","blu","b","full-outl",0,0,0
"CRPS","GDPCTPI","5/3","BLR","hom","blu","f","full-outl",0,0,0
"CRPS","GDPCTPI","5/3","BLR","hom","svd","s","full-outl",0,0,0
"CRPS","GDPCTPI","5/3","BLR","hom","svd","b","full-outl",0,0,0
"CRPS","GDPCTPI","5/3","BLR","hom","svd","f","full-outl",0,0,0
"CRPS","GDPCTPI","5/3","BLR","hom","br","s","full-outl",0,0,0
"CRPS","GDPCTPI","5/3","BLR","hom","br","b","full-outl",0,0,0
"CRPS","GDPCTPI","5/3","BLR","hom","br","f","full-outl",0,0,0
"CRPS","GDPCTPI","5/3","BLR","hom","eq","s","full-outl",1,1,2
"CRPS","GDPCTPI","5/3","BLR","hom","eq","b","full-outl",0,0,0
"CRPS","GDPCTPI","5/3","BLR","hom","eq","f","full-outl",0,0,0
"CRPS","GDPCTPI","5/3","BLR","hom","xalm","s","full-outl",1,1,2
"CRPS","GDPCTPI","5/3","BLR","hom","xalm","b","full-outl",0,0,0
"CRPS","GDPCTPI","5/3","BLR","hom","xalm","f","full-outl",0,1,1
"CRPS","GDPCTPI","5/3","BLR","hom","alm3","s","full-outl",0,1,1
"CRPS","GDPCTPI","5/3","BLR","hom","alm3","b","full-outl",0,0,0
"CRPS","GDPCTPI","5/3","BLR","hom","alm3","f","full-outl",0,0,0
"CRPS","GDPCTPI","5/3","BLR","hom","leg3","s","full-outl",0,0,0
"CRPS","GDPCTPI","5/3","BLR","hom","leg3","b","full-outl",0,0,0
"CRPS","GDPCTPI","5/3","BLR","hom","leg3","f","full-outl",0,0,0
"CRPS","GDPCTPI","5/3","BLR","hom","leg5","s","full-outl",0,0,0
"CRPS","GDPCTPI","5/3","BLR","hom","leg5","b","full-outl",0,0,0
"CRPS","GDPCTPI","5/3","BLR","hom","leg5","f","full-outl",0,0,0
"CRPS","GDPCTPI","5/3","BLR","hom","ber3","s","full-outl",0,1,1
"CRPS","GDPCTPI","5/3","BLR","hom","ber3","b","full-outl",0,0,0
"CRPS","GDPCTPI","5/3","BLR","hom","ber3","f","full-outl",0,0,0
"CRPS","GDPCTPI","5/3","BLR","hom","ber5","s","full-outl",0,1,1
"CRPS","GDPCTPI","5/3","BLR","hom","ber5","b","full-outl",0,0,0
"CRPS","GDPCTPI","5/3","BLR","hom","ber5","f","full-outl",0,0,0
"CRPS","GDPCTPI","5/3","BLR","hom","fou3","s","full-outl",0,1,1
"CRPS","GDPCTPI","5/3","BLR","hom","fou3","b","full-outl",0,0,0
"CRPS","GDPCTPI","5/3","BLR","hom","fou3","f","full-outl",0,0,0
"CRPS","GDPCTPI","5/3","BART","hom","blu","s","full-outl",0,1,1
"CRPS","GDPCTPI","5/3","BART","hom","blu","b","full-outl",0,1,1
"CRPS","GDPCTPI","5/3","BART","hom","blu","f","full-outl",0,0,0
"CRPS","GDPCTPI","5/3","BART","hom","svd","s","full-outl",0,1,1
"CRPS","GDPCTPI","5/3","BART","hom","svd","b","full-outl",1,1,2
"CRPS","GDPCTPI","5/3","BART","hom","svd","f","full-outl",0,1,1
"CRPS","GDPCTPI","5/3","BART","hom","br","s","full-outl",0,1,1
"CRPS","GDPCTPI","5/3","BART","hom","br","b","full-outl",0,0,0
"CRPS","GDPCTPI","5/3","BART","hom","br","f","full-outl",0,0,0
"CRPS","GDPCTPI","5/3","BART","hom","eq","s","full-outl",0,1,1
"CRPS","GDPCTPI","5/3","BART","hom","eq","b","full-outl",0,0,0
"CRPS","GDPCTPI","5/3","BART","hom","eq","f","full-outl",1,1,2
"CRPS","GDPCTPI","5/3","BART","hom","xalm","s","full-outl",0,1,1
"CRPS","GDPCTPI","5/3","BART","hom","xalm","b","full-outl",0,0,0
"CRPS","GDPCTPI","5/3","BART","hom","xalm","f","full-outl",0,1,1
"CRPS","GDPCTPI","5/3","BART","hom","alm3","s","full-outl",0,1,1
"CRPS","GDPCTPI","5/3","BART","hom","alm3","b","full-outl",0,0,0
"CRPS","GDPCTPI","5/3","BART","hom","alm3","f","full-outl",0,0,0
"CRPS","GDPCTPI","5/3","BART","hom","leg3","s","full-outl",0,1,1
"CRPS","GDPCTPI","5/3","BART","hom","leg3","b","full-outl",0,1,1
"CRPS","GDPCTPI","5/3","BART","hom","leg3","f","full-outl",0,0,0
"CRPS","GDPCTPI","5/3","BART","hom","leg5","s","full-outl",0,1,1
"CRPS","GDPCTPI","5/3","BART","hom","leg5","b","full-outl",0,1,1
"CRPS","GDPCTPI","5/3","BART","hom","leg5","f","full-outl",0,0,0
"CRPS","GDPCTPI","5/3","BART","hom","ber3","s","full-outl",0,0,0
"CRPS","GDPCTPI","5/3","BART","hom","ber3","b","full-outl",0,0,0
"CRPS","GDPCTPI","5/3","BART","hom","ber3","f","full-outl",0,0,0
"CRPS","GDPCTPI","5/3","BART","hom","ber5","s","full-outl",0,0,0
"CRPS","GDPCTPI","5/3","BART","hom","ber5","b","full-outl",0,0,0
"CRPS","GDPCTPI","5/3","BART","hom","ber5","f","full-outl",0,0,0
"CRPS","GDPCTPI","5/3","BART","hom","fou3","s","full-outl",0,0,0
"CRPS","GDPCTPI","5/3","BART","hom","fou3","b","full-outl",0,0,0
"CRPS","GDPCTPI","5/3","BART","hom","fou3","f","full-outl",0,0,0
"CRPS","GDPCTPI","5/3","GP","hom","blu","s","full-outl",0,0,0
"CRPS","GDPCTPI","5/3","GP","hom","blu","b","full-outl",0,0,0
"CRPS","GDPCTPI","5/3","GP","hom","blu","f","full-outl",0,0,0
"CRPS","GDPCTPI","5/3","GP","hom","svd","s","full-outl",0,1,1
"CRPS","GDPCTPI","5/3","GP","hom","svd","b","full-outl",1,1,2
"CRPS","GDPCTPI","5/3","GP","hom","svd","f","full-outl",0,0,0
"CRPS","GDPCTPI","5/3","GP","hom","br","s","full-outl",0,1,1
"CRPS","GDPCTPI","5/3","GP","hom","br","b","full-outl",0,1,1
"CRPS","GDPCTPI","5/3","GP","hom","br","f","full-outl",0,0,0
"CRPS","GDPCTPI","5/3","GP","hom","eq","s","full-outl",0,0,0
"CRPS","GDPCTPI","5/3","GP","hom","eq","b","full-outl",0,0,0
"CRPS","GDPCTPI","5/3","GP","hom","eq","f","full-outl",0,0,0
"CRPS","GDPCTPI","5/3","GP","hom","xalm","s","full-outl",0,1,1
"CRPS","GDPCTPI","5/3","GP","hom","xalm","b","full-outl",0,0,0
"CRPS","GDPCTPI","5/3","GP","hom","xalm","f","full-outl",0,0,0
"CRPS","GDPCTPI","5/3","GP","hom","alm3","s","full-outl",0,0,0
"CRPS","GDPCTPI","5/3","GP","hom","alm3","b","full-outl",0,0,0
"CRPS","GDPCTPI","5/3","GP","hom","alm3","f","full-outl",0,0,0
"CRPS","GDPCTPI","5/3","GP","hom","leg3","s","full-outl",0,0,0
"CRPS","GDPCTPI","5/3","GP","hom","leg3","b","full-outl",0,1,1
"CRPS","GDPCTPI","5/3","GP","hom","leg3","f","full-outl",0,0,0
"CRPS","GDPCTPI","5/3","GP","hom","leg5","s","full-outl",0,0,0
"CRPS","GDPCTPI","5/3","GP","hom","leg5","b","full-outl",0,0,0
"CRPS","GDPCTPI","5/3","GP","hom","leg5","f","full-outl",0,0,0
"CRPS","GDPCTPI","5/3","GP","hom","ber3","s","full-outl",0,0,0
"CRPS","GDPCTPI","5/3","GP","hom","ber3","b","full-outl",1,1,2
"CRPS","GDPCTPI","5/3","GP","hom","ber3","f","full-outl",0,0,0
"CRPS","GDPCTPI","5/3","GP","hom","ber5","s","full-outl",0,0,0
"CRPS","GDPCTPI","5/3","GP","hom","ber5","b","full-outl",1,1,2
"CRPS","GDPCTPI","5/3","GP","hom","ber5","f","full-outl",0,0,0
"CRPS","GDPCTPI","5/3","GP","hom","fou3","s","full-outl",0,0,0
"CRPS","GDPCTPI","5/3","GP","hom","fou3","b","full-outl",0,0,0
"CRPS","GDPCTPI","5/3","GP","hom","fou3","f","full-outl",0,0,0
"CRPS","GDPCTPI","5/3","BLR","sv","blu","s","full-outl",1,1,2
"CRPS","GDPCTPI","5/3","BLR","sv","blu","b","full-outl",0,0,0
"CRPS","GDPCTPI","5/3","BLR","sv","blu","f","full-outl",1,1,2
"CRPS","GDPCTPI","5/3","BLR","sv","svd","s","full-outl",1,1,2
"CRPS","GDPCTPI","5/3","BLR","sv","svd","b","full-outl",1,1,2
"CRPS","GDPCTPI","5/3","BLR","sv","svd","f","full-outl",1,1,2
"CRPS","GDPCTPI","5/3","BLR","sv","br","s","full-outl",1,1,2
"CRPS","GDPCTPI","5/3","BLR","sv","br","b","full-outl",1,1,2
"CRPS","GDPCTPI","5/3","BLR","sv","br","f","full-outl",1,1,2
"CRPS","GDPCTPI","5/3","BLR","sv","eq","s","full-outl",1,1,2
"CRPS","GDPCTPI","5/3","BLR","sv","eq","b","full-outl",0,1,1
"CRPS","GDPCTPI","5/3","BLR","sv","eq","f","full-outl",1,1,2
"CRPS","GDPCTPI","5/3","BLR","sv","xalm","s","full-outl",1,1,2
"CRPS","GDPCTPI","5/3","BLR","sv","xalm","b","full-outl",1,1,2
"CRPS","GDPCTPI","5/3","BLR","sv","xalm","f","full-outl",1,1,2
"CRPS","GDPCTPI","5/3","BLR","sv","alm3","s","full-outl",1,1,2
"CRPS","GDPCTPI","5/3","BLR","sv","alm3","b","full-outl",0,0,0
"CRPS","GDPCTPI","5/3","BLR","sv","alm3","f","full-outl",0,1,1
"CRPS","GDPCTPI","5/3","BLR","sv","leg3","s","full-outl",1,1,2
"CRPS","GDPCTPI","5/3","BLR","sv","leg3","b","full-outl",0,0,0
"CRPS","GDPCTPI","5/3","BLR","sv","leg3","f","full-outl",1,1,2
"CRPS","GDPCTPI","5/3","BLR","sv","leg5","s","full-outl",1,1,2
"CRPS","GDPCTPI","5/3","BLR","sv","leg5","b","full-outl",0,0,0
"CRPS","GDPCTPI","5/3","BLR","sv","leg5","f","full-outl",0,1,1
"CRPS","GDPCTPI","5/3","BLR","sv","ber3","s","full-outl",1,1,2
"CRPS","GDPCTPI","5/3","BLR","sv","ber3","b","full-outl",0,0,0
"CRPS","GDPCTPI","5/3","BLR","sv","ber3","f","full-outl",1,1,2
"CRPS","GDPCTPI","5/3","BLR","sv","ber5","s","full-outl",1,1,2
"CRPS","GDPCTPI","5/3","BLR","sv","ber5","b","full-outl",0,0,0
"CRPS","GDPCTPI","5/3","BLR","sv","ber5","f","full-outl",1,1,2
"CRPS","GDPCTPI","5/3","BLR","sv","fou3","s","full-outl",1,1,2
"CRPS","GDPCTPI","5/3","BLR","sv","fou3","b","full-outl",0,0,0
"CRPS","GDPCTPI","5/3","BLR","sv","fou3","f","full-outl",1,1,2
"CRPS","GDPCTPI","5/3","BART","sv","blu","s","full-outl",1,1,2
"CRPS","GDPCTPI","5/3","BART","sv","blu","b","full-outl",0,0,0
"CRPS","GDPCTPI","5/3","BART","sv","blu","f","full-outl",1,1,2
"CRPS","GDPCTPI","5/3","BART","sv","svd","s","full-outl",1,1,2
"CRPS","GDPCTPI","5/3","BART","sv","svd","b","full-outl",1,1,2
"CRPS","GDPCTPI","5/3","BART","sv","svd","f","full-outl",0,1,1
"CRPS","GDPCTPI","5/3","BART","sv","br","s","full-outl",1,1,2
"CRPS","GDPCTPI","5/3","BART","sv","br","b","full-outl",0,0,0
"CRPS","GDPCTPI","5/3","BART","sv","br","f","full-outl",0,1,1
"CRPS","GDPCTPI","5/3","BART","sv","eq","s","full-outl",1,1,2
"CRPS","GDPCTPI","5/3","BART","sv","eq","b","full-outl",0,0,0
"CRPS","GDPCTPI","5/3","BART","sv","eq","f","full-outl",1,1,2
"CRPS","GDPCTPI","5/3","BART","sv","xalm","s","full-outl",1,1,2
"CRPS","GDPCTPI","5/3","BART","sv","xalm","b","full-outl",0,0,0
"CRPS","GDPCTPI","5/3","BART","sv","xalm","f","full-outl",0,1,1
"CRPS","GDPCTPI","5/3","BART","sv","alm3","s","full-outl",0,1,1
"CRPS","GDPCTPI","5/3","BART","sv","alm3","b","full-outl",0,0,0
"CRPS","GDPCTPI","5/3","BART","sv","alm3","f","full-outl",0,0,0
"CRPS","GDPCTPI","5/3","BART","sv","leg3","s","full-outl",1,1,2
"CRPS","GDPCTPI","5/3","BART","sv","leg3","b","full-outl",0,0,0
"CRPS","GDPCTPI","5/3","BART","sv","leg3","f","full-outl",0,1,1
"CRPS","GDPCTPI","5/3","BART","sv","leg5","s","full-outl",0,0,0
"CRPS","GDPCTPI","5/3","BART","sv","leg5","b","full-outl",0,0,0
"CRPS","GDPCTPI","5/3","BART","sv","leg5","f","full-outl",0,1,1
"CRPS","GDPCTPI","5/3","BART","sv","ber3","s","full-outl",0,0,0
"CRPS","GDPCTPI","5/3","BART","sv","ber3","b","full-outl",0,0,0
"CRPS","GDPCTPI","5/3","BART","sv","ber3","f","full-outl",0,1,1
"CRPS","GDPCTPI","5/3","BART","sv","ber5","s","full-outl",0,0,0
"CRPS","GDPCTPI","5/3","BART","sv","ber5","b","full-outl",0,0,0
"CRPS","GDPCTPI","5/3","BART","sv","ber5","f","full-outl",0,1,1
"CRPS","GDPCTPI","5/3","BART","sv","fou3","s","full-outl",0,0,0
"CRPS","GDPCTPI","5/3","BART","sv","fou3","b","full-outl",0,0,0
"CRPS","GDPCTPI","5/3","BART","sv","fou3","f","full-outl",1,1,2
"CRPS","GDPCTPI","5/3","GP","sv","blu","s","full-outl",1,1,2
"CRPS","GDPCTPI","5/3","GP","sv","blu","b","full-outl",1,1,2
"CRPS","GDPCTPI","5/3","GP","sv","blu","f","full-outl",1,1,2
"CRPS","GDPCTPI","5/3","GP","sv","svd","s","full-outl",1,1,2
"CRPS","GDPCTPI","5/3","GP","sv","svd","b","full-outl",1,1,2
"CRPS","GDPCTPI","5/3","GP","sv","svd","f","full-outl",1,1,2
"CRPS","GDPCTPI","5/3","GP","sv","br","s","full-outl",1,1,2
"CRPS","GDPCTPI","5/3","GP","sv","br","b","full-outl",1,1,2
"CRPS","GDPCTPI","5/3","GP","sv","br","f","full-outl",1,1,2
"CRPS","GDPCTPI","5/3","GP","sv","eq","s","full-outl",1,1,2
"CRPS","GDPCTPI","5/3","GP","sv","eq","b","full-outl",1,1,2
"CRPS","GDPCTPI","5/3","GP","sv","eq","f","full-outl",1,1,2
"CRPS","GDPCTPI","5/3","GP","sv","xalm","s","full-outl",1,1,2
"CRPS","GDPCTPI","5/3","GP","sv","xalm","b","full-outl",1,1,2
"CRPS","GDPCTPI","5/3","GP","sv","xalm","f","full-outl",1,1,2
"CRPS","GDPCTPI","5/3","GP","sv","alm3","s","full-outl",0,1,1
"CRPS","GDPCTPI","5/3","GP","sv","alm3","b","full-outl",0,0,0
"CRPS","GDPCTPI","5/3","GP","sv","alm3","f","full-outl",0,0,0
"CRPS","GDPCTPI","5/3","GP","sv","leg3","s","full-outl",0,1,1
"CRPS","GDPCTPI","5/3","GP","sv","leg3","b","full-outl",0,1,1
"CRPS","GDPCTPI","5/3","GP","sv","leg3","f","full-outl",0,0,0
"CRPS","GDPCTPI","5/3","GP","sv","leg5","s","full-outl",0,0,0
"CRPS","GDPCTPI","5/3","GP","sv","leg5","b","full-outl",0,1,1
"CRPS","GDPCTPI","5/3","GP","sv","leg5","f","full-outl",0,1,1
"CRPS","GDPCTPI","5/3","GP","sv","ber3","s","full-outl",1,1,2
"CRPS","GDPCTPI","5/3","GP","sv","ber3","b","full-outl",1,1,2
"CRPS","GDPCTPI","5/3","GP","sv","ber3","f","full-outl",0,0,0
"CRPS","GDPCTPI","5/3","GP","sv","ber5","s","full-outl",1,1,2
"CRPS","GDPCTPI","5/3","GP","sv","ber5","b","full-outl",1,1,2
"CRPS","GDPCTPI","5/3","GP","sv","ber5","f","full-outl",0,0,0
"CRPS","GDPCTPI","5/3","GP","sv","fou3","s","full-outl",0,1,1
"CRPS","GDPCTPI","5/3","GP","sv","fou3","b","full-outl",0,0,0
"CRPS","GDPCTPI","5/3","GP","sv","fou3","f","full-outl",0,0,0
"CRPS","GDPCTPI","5/3","MFVAR","hom","blu","s","full-outl",0,0,0
"CRPS","GDPCTPI","5/3","MFVAR","hom","blu","f","full-outl",0,0,0
"CRPS","GDPCTPI","5/3","MFVAR","sv","blu","s","full-outl",1,1,2
"CRPS","GDPCTPI","5/3","MFVAR","sv","blu","f","full-outl",0,0,0
"CRPS","GDPC1","4/3","BLR","hom","blu","s","full-outl",0,0,0
"CRPS","GDPC1","4/3","BLR","hom","blu","b","full-outl",0,0,0
"CRPS","GDPC1","4/3","BLR","hom","blu","f","full-outl",0,1,1
"CRPS","GDPC1","4/3","BLR","hom","svd","s","full-outl",0,0,0
"CRPS","GDPC1","4/3","BLR","hom","svd","b","full-outl",0,0,0
"CRPS","GDPC1","4/3","BLR","hom","svd","f","full-outl",0,0,0
"CRPS","GDPC1","4/3","BLR","hom","br","s","full-outl",0,0,0
"CRPS","GDPC1","4/3","BLR","hom","br","b","full-outl",0,0,0
"CRPS","GDPC1","4/3","BLR","hom","br","f","full-outl",0,0,0
"CRPS","GDPC1","4/3","BLR","hom","eq","s","full-outl",1,1,2
"CRPS","GDPC1","4/3","BLR","hom","eq","b","full-outl",1,1,2
"CRPS","GDPC1","4/3","BLR","hom","eq","f","full-outl",1,1,2
"CRPS","GDPC1","4/3","BLR","hom","xalm","s","full-outl",0,0,0
"CRPS","GDPC1","4/3","BLR","hom","xalm","b","full-outl",1,1,2
"CRPS","GDPC1","4/3","BLR","hom","xalm","f","full-outl",1,1,2
"CRPS","GDPC1","4/3","BLR","hom","alm3","s","full-outl",1,1,2
"CRPS","GDPC1","4/3","BLR","hom","alm3","b","full-outl",1,1,2
"CRPS","GDPC1","4/3","BLR","hom","alm3","f","full-outl",1,1,2
"CRPS","GDPC1","4/3","BLR","hom","leg3","s","full-outl",0,1,1
"CRPS","GDPC1","4/3","BLR","hom","leg3","b","full-outl",1,1,2
"CRPS","GDPC1","4/3","BLR","hom","leg3","f","full-outl",0,1,1
"CRPS","GDPC1","4/3","BLR","hom","leg5","s","full-outl",1,1,2
"CRPS","GDPC1","4/3","BLR","hom","leg5","b","full-outl",0,0,0
"CRPS","GDPC1","4/3","BLR","hom","leg5","f","full-outl",0,0,0
"CRPS","GDPC1","4/3","BLR","hom","ber3","s","full-outl",1,1,2
"CRPS","GDPC1","4/3","BLR","hom","ber3","b","full-outl",0,0,0
"CRPS","GDPC1","4/3","BLR","hom","ber3","f","full-outl",1,1,2
"CRPS","GDPC1","4/3","BLR","hom","ber5","s","full-outl",1,1,2
"CRPS","GDPC1","4/3","BLR","hom","ber5","b","full-outl",1,1,2
"CRPS","GDPC1","4/3","BLR","hom","ber5","f","full-outl",1,1,2
"CRPS","GDPC1","4/3","BLR","hom","fou3","s","full-outl",1,1,2
"CRPS","GDPC1","4/3","BLR","hom","fou3","b","full-outl",1,1,2
"CRPS","GDPC1","4/3","BLR","hom","fou3","f","full-outl",1,1,2
"CRPS","GDPC1","4/3","BART","hom","blu","s","full-outl",0,0,0
"CRPS","GDPC1","4/3","BART","hom","blu","b","full-outl",0,0,0
"CRPS","GDPC1","4/3","BART","hom","blu","f","full-outl",1,1,2
"CRPS","GDPC1","4/3","BART","hom","svd","s","full-outl",0,0,0
"CRPS","GDPC1","4/3","BART","hom","svd","b","full-outl",0,1,1
"CRPS","GDPC1","4/3","BART","hom","svd","f","full-outl",0,0,0
"CRPS","GDPC1","4/3","BART","hom","br","s","full-outl",1,1,2
"CRPS","GDPC1","4/3","BART","hom","br","b","full-outl",0,1,1
"CRPS","GDPC1","4/3","BART","hom","br","f","full-outl",0,0,0
"CRPS","GDPC1","4/3","BART","hom","eq","s","full-outl",0,0,0
"CRPS","GDPC1","4/3","BART","hom","eq","b","full-outl",0,0,0
"CRPS","GDPC1","4/3","BART","hom","eq","f","full-outl",0,1,1
"CRPS","GDPC1","4/3","BART","hom","xalm","s","full-outl",0,0,0
"CRPS","GDPC1","4/3","BART","hom","xalm","b","full-outl",0,0,0
"CRPS","GDPC1","4/3","BART","hom","xalm","f","full-outl",1,1,2
"CRPS","GDPC1","4/3","BART","hom","alm3","s","full-outl",0,0,0
"CRPS","GDPC1","4/3","BART","hom","alm3","b","full-outl",0,0,0
"CRPS","GDPC1","4/3","BART","hom","alm3","f","full-outl",0,0,0
"CRPS","GDPC1","4/3","BART","hom","leg3","s","full-outl",1,1,2
"CRPS","GDPC1","4/3","BART","hom","leg3","b","full-outl",1,1,2
"CRPS","GDPC1","4/3","BART","hom","leg3","f","full-outl",0,1,1
"CRPS","GDPC1","4/3","BART","hom","leg5","s","full-outl",1,1,2
"CRPS","GDPC1","4/3","BART","hom","leg5","b","full-outl",1,1,2
"CRPS","GDPC1","4/3","BART","hom","leg5","f","full-outl",1,1,2
"CRPS","GDPC1","4/3","BART","hom","ber3","s","full-outl",1,1,2
"CRPS","GDPC1","4/3","BART","hom","ber3","b","full-outl",0,1,1
"CRPS","GDPC1","4/3","BART","hom","ber3","f","full-outl",0,0,0
"CRPS","GDPC1","4/3","BART","hom","ber5","s","full-outl",0,1,1
"CRPS","GDPC1","4/3","BART","hom","ber5","b","full-outl",1,1,2
"CRPS","GDPC1","4/3","BART","hom","ber5","f","full-outl",0,0,0
"CRPS","GDPC1","4/3","BART","hom","fou3","s","full-outl",0,0,0
"CRPS","GDPC1","4/3","BART","hom","fou3","b","full-outl",0,1,1
"CRPS","GDPC1","4/3","BART","hom","fou3","f","full-outl",0,0,0
"CRPS","GDPC1","4/3","GP","hom","blu","s","full-outl",1,1,2
"CRPS","GDPC1","4/3","GP","hom","blu","b","full-outl",1,1,2
"CRPS","GDPC1","4/3","GP","hom","blu","f","full-outl",1,1,2
"CRPS","GDPC1","4/3","GP","hom","svd","s","full-outl",0,0,0
"CRPS","GDPC1","4/3","GP","hom","svd","b","full-outl",0,1,1
"CRPS","GDPC1","4/3","GP","hom","svd","f","full-outl",0,0,0
"CRPS","GDPC1","4/3","GP","hom","br","s","full-outl",1,1,2
"CRPS","GDPC1","4/3","GP","hom","br","b","full-outl",1,1,2
"CRPS","GDPC1","4/3","GP","hom","br","f","full-outl",1,1,2
"CRPS","GDPC1","4/3","GP","hom","eq","s","full-outl",1,1,2
"CRPS","GDPC1","4/3","GP","hom","eq","b","full-outl",1,1,2
"CRPS","GDPC1","4/3","GP","hom","eq","f","full-outl",0,0,0
"CRPS","GDPC1","4/3","GP","hom","xalm","s","full-outl",0,0,0
"CRPS","GDPC1","4/3","GP","hom","xalm","b","full-outl",1,1,2
"CRPS","GDPC1","4/3","GP","hom","xalm","f","full-outl",0,0,0
"CRPS","GDPC1","4/3","GP","hom","alm3","s","full-outl",1,1,2
"CRPS","GDPC1","4/3","GP","hom","alm3","b","full-outl",1,1,2
"CRPS","GDPC1","4/3","GP","hom","alm3","f","full-outl",1,1,2
"CRPS","GDPC1","4/3","GP","hom","leg3","s","full-outl",1,1,2
"CRPS","GDPC1","4/3","GP","hom","leg3","b","full-outl",1,1,2
"CRPS","GDPC1","4/3","GP","hom","leg3","f","full-outl",1,1,2
"CRPS","GDPC1","4/3","GP","hom","leg5","s","full-outl",0,1,1
"CRPS","GDPC1","4/3","GP","hom","leg5","b","full-outl",0,1,1
"CRPS","GDPC1","4/3","GP","hom","leg5","f","full-outl",0,1,1
"CRPS","GDPC1","4/3","GP","hom","ber3","s","full-outl",1,1,2
"CRPS","GDPC1","4/3","GP","hom","ber3","b","full-outl",1,1,2
"CRPS","GDPC1","4/3","GP","hom","ber3","f","full-outl",1,1,2
"CRPS","GDPC1","4/3","GP","hom","ber5","s","full-outl",1,1,2
"CRPS","GDPC1","4/3","GP","hom","ber5","b","full-outl",1,1,2
"CRPS","GDPC1","4/3","GP","hom","ber5","f","full-outl",1,1,2
"CRPS","GDPC1","4/3","GP","hom","fou3","s","full-outl",1,1,2
"CRPS","GDPC1","4/3","GP","hom","fou3","b","full-outl",1,1,2
"CRPS","GDPC1","4/3","GP","hom","fou3","f","full-outl",1,1,2
"CRPS","GDPC1","4/3","BLR","sv","blu","s","full-outl",0,0,0
"CRPS","GDPC1","4/3","BLR","sv","blu","b","full-outl",0,0,0
"CRPS","GDPC1","4/3","BLR","sv","blu","f","full-outl",1,1,2
"CRPS","GDPC1","4/3","BLR","sv","svd","s","full-outl",0,0,0
"CRPS","GDPC1","4/3","BLR","sv","svd","b","full-outl",0,1,1
"CRPS","GDPC1","4/3","BLR","sv","svd","f","full-outl",0,1,1
"CRPS","GDPC1","4/3","BLR","sv","br","s","full-outl",0,0,0
"CRPS","GDPC1","4/3","BLR","sv","br","b","full-outl",0,0,0
"CRPS","GDPC1","4/3","BLR","sv","br","f","full-outl",1,1,2
"CRPS","GDPC1","4/3","BLR","sv","eq","s","full-outl",1,1,2
"CRPS","GDPC1","4/3","BLR","sv","eq","b","full-outl",1,1,2
"CRPS","GDPC1","4/3","BLR","sv","eq","f","full-outl",0,0,0
"CRPS","GDPC1","4/3","BLR","sv","xalm","s","full-outl",1,1,2
"CRPS","GDPC1","4/3","BLR","sv","xalm","b","full-outl",1,1,2
"CRPS","GDPC1","4/3","BLR","sv","xalm","f","full-outl",1,1,2
"CRPS","GDPC1","4/3","BLR","sv","alm3","s","full-outl",1,1,2
"CRPS","GDPC1","4/3","BLR","sv","alm3","b","full-outl",0,0,0
"CRPS","GDPC1","4/3","BLR","sv","alm3","f","full-outl",0,1,1
"CRPS","GDPC1","4/3","BLR","sv","leg3","s","full-outl",1,1,2
"CRPS","GDPC1","4/3","BLR","sv","leg3","b","full-outl",0,0,0
"CRPS","GDPC1","4/3","BLR","sv","leg3","f","full-outl",0,1,1
"CRPS","GDPC1","4/3","BLR","sv","leg5","s","full-outl",0,1,1
"CRPS","GDPC1","4/3","BLR","sv","leg5","b","full-outl",0,0,0
"CRPS","GDPC1","4/3","BLR","sv","leg5","f","full-outl",0,0,0
"CRPS","GDPC1","4/3","BLR","sv","ber3","s","full-outl",1,1,2
"CRPS","GDPC1","4/3","BLR","sv","ber3","b","full-outl",0,0,0
"CRPS","GDPC1","4/3","BLR","sv","ber3","f","full-outl",1,1,2
"CRPS","GDPC1","4/3","BLR","sv","ber5","s","full-outl",1,1,2
"CRPS","GDPC1","4/3","BLR","sv","ber5","b","full-outl",0,0,0
"CRPS","GDPC1","4/3","BLR","sv","ber5","f","full-outl",1,1,2
"CRPS","GDPC1","4/3","BLR","sv","fou3","s","full-outl",1,1,2
"CRPS","GDPC1","4/3","BLR","sv","fou3","b","full-outl",0,0,0
"CRPS","GDPC1","4/3","BLR","sv","fou3","f","full-outl",1,1,2
"CRPS","GDPC1","4/3","BART","sv","blu","s","full-outl",1,1,2
"CRPS","GDPC1","4/3","BART","sv","blu","b","full-outl",1,1,2
"CRPS","GDPC1","4/3","BART","sv","blu","f","full-outl",0,1,1
"CRPS","GDPC1","4/3","BART","sv","svd","s","full-outl",0,0,0
"CRPS","GDPC1","4/3","BART","sv","svd","b","full-outl",0,1,1
"CRPS","GDPC1","4/3","BART","sv","svd","f","full-outl",0,0,0
"CRPS","GDPC1","4/3","BART","sv","br","s","full-outl",1,1,2
"CRPS","GDPC1","4/3","BART","sv","br","b","full-outl",1,1,2
"CRPS","GDPC1","4/3","BART","sv","br","f","full-outl",0,0,0
"CRPS","GDPC1","4/3","BART","sv","eq","s","full-outl",0,1,1
"CRPS","GDPC1","4/3","BART","sv","eq","b","full-outl",1,1,2
"CRPS","GDPC1","4/3","BART","sv","eq","f","full-outl",0,0,0
"CRPS","GDPC1","4/3","BART","sv","xalm","s","full-outl",0,1,1
"CRPS","GDPC1","4/3","BART","sv","xalm","b","full-outl",0,1,1
"CRPS","GDPC1","4/3","BART","sv","xalm","f","full-outl",0,0,0
"CRPS","GDPC1","4/3","BART","sv","alm3","s","full-outl",0,1,1
"CRPS","GDPC1","4/3","BART","sv","alm3","b","full-outl",0,0,0
"CRPS","GDPC1","4/3","BART","sv","alm3","f","full-outl",0,0,0
"CRPS","GDPC1","4/3","BART","sv","leg3","s","full-outl",1,1,2
"CRPS","GDPC1","4/3","BART","sv","leg3","b","full-outl",1,1,2
"CRPS","GDPC1","4/3","BART","sv","leg3","f","full-outl",0,0,0
"CRPS","GDPC1","4/3","BART","sv","leg5","s","full-outl",1,1,2
"CRPS","GDPC1","4/3","BART","sv","leg5","b","full-outl",1,1,2
"CRPS","GDPC1","4/3","BART","sv","leg5","f","full-outl",0,0,0
"CRPS","GDPC1","4/3","BART","sv","ber3","s","full-outl",0,1,1
"CRPS","GDPC1","4/3","BART","sv","ber3","b","full-outl",1,1,2
"CRPS","GDPC1","4/3","BART","sv","ber3","f","full-outl",0,1,1
"CRPS","GDPC1","4/3","BART","sv","ber5","s","full-outl",0,1,1
"CRPS","GDPC1","4/3","BART","sv","ber5","b","full-outl",1,1,2
"CRPS","GDPC1","4/3","BART","sv","ber5","f","full-outl",0,0,0
"CRPS","GDPC1","4/3","BART","sv","fou3","s","full-outl",0,1,1
"CRPS","GDPC1","4/3","BART","sv","fou3","b","full-outl",1,1,2
"CRPS","GDPC1","4/3","BART","sv","fou3","f","full-outl",0,0,0
"CRPS","GDPC1","4/3","GP","sv","blu","s","full-outl",1,1,2
"CRPS","GDPC1","4/3","GP","sv","blu","b","full-outl",1,1,2
"CRPS","GDPC1","4/3","GP","sv","blu","f","full-outl",1,1,2
"CRPS","GDPC1","4/3","GP","sv","svd","s","full-outl",1,1,2
"CRPS","GDPC1","4/3","GP","sv","svd","b","full-outl",1,1,2
"CRPS","GDPC1","4/3","GP","sv","svd","f","full-outl",1,1,2
"CRPS","GDPC1","4/3","GP","sv","br","s","full-outl",1,1,2
"CRPS","GDPC1","4/3","GP","sv","br","b","full-outl",1,1,2
"CRPS","GDPC1","4/3","GP","sv","br","f","full-outl",1,1,2
"CRPS","GDPC1","4/3","GP","sv","eq","s","full-outl",1,1,2
"CRPS","GDPC1","4/3","GP","sv","eq","b","full-outl",1,1,2
"CRPS","GDPC1","4/3","GP","sv","eq","f","full-outl",1,1,2
"CRPS","GDPC1","4/3","GP","sv","xalm","s","full-outl",1,1,2
"CRPS","GDPC1","4/3","GP","sv","xalm","b","full-outl",1,1,2
"CRPS","GDPC1","4/3","GP","sv","xalm","f","full-outl",1,1,2
"CRPS","GDPC1","4/3","GP","sv","alm3","s","full-outl",1,1,2
"CRPS","GDPC1","4/3","GP","sv","alm3","b","full-outl",1,1,2
"CRPS","GDPC1","4/3","GP","sv","alm3","f","full-outl",1,1,2
"CRPS","GDPC1","4/3","GP","sv","leg3","s","full-outl",1,1,2
"CRPS","GDPC1","4/3","GP","sv","leg3","b","full-outl",1,1,2
"CRPS","GDPC1","4/3","GP","sv","leg3","f","full-outl",1,1,2
"CRPS","GDPC1","4/3","GP","sv","leg5","s","full-outl",1,1,2
"CRPS","GDPC1","4/3","GP","sv","leg5","b","full-outl",0,0,0
"CRPS","GDPC1","4/3","GP","sv","leg5","f","full-outl",0,1,1
"CRPS","GDPC1","4/3","GP","sv","ber3","s","full-outl",1,1,2
"CRPS","GDPC1","4/3","GP","sv","ber3","b","full-outl",1,1,2
"CRPS","GDPC1","4/3","GP","sv","ber3","f","full-outl",1,1,2
"CRPS","GDPC1","4/3","GP","sv","ber5","s","full-outl",1,1,2
"CRPS","GDPC1","4/3","GP","sv","ber5","b","full-outl",1,1,2
"CRPS","GDPC1","4/3","GP","sv","ber5","f","full-outl",1,1,2
"CRPS","GDPC1","4/3","GP","sv","fou3","s","full-outl",1,1,2
"CRPS","GDPC1","4/3","GP","sv","fou3","b","full-outl",1,1,2
"CRPS","GDPC1","4/3","GP","sv","fou3","f","full-outl",1,1,2
"CRPS","GDPC1","4/3","MFVAR","hom","blu","s","full-outl",0,0,0
"CRPS","GDPC1","4/3","MFVAR","hom","blu","f","full-outl",0,1,1
"CRPS","GDPC1","4/3","MFVAR","sv","blu","s","full-outl",1,1,2
"CRPS","GDPC1","4/3","MFVAR","sv","blu","f","full-outl",1,1,2
"CRPS","GDPCTPI","4/3","BLR","hom","blu","s","full-outl",0,1,1
"CRPS","GDPCTPI","4/3","BLR","hom","blu","b","full-outl",0,0,0
"CRPS","GDPCTPI","4/3","BLR","hom","blu","f","full-outl",0,0,0
"CRPS","GDPCTPI","4/3","BLR","hom","svd","s","full-outl",0,0,0
"CRPS","GDPCTPI","4/3","BLR","hom","svd","b","full-outl",0,1,1
"CRPS","GDPCTPI","4/3","BLR","hom","svd","f","full-outl",0,0,0
"CRPS","GDPCTPI","4/3","BLR","hom","br","s","full-outl",0,1,1
"CRPS","GDPCTPI","4/3","BLR","hom","br","b","full-outl",0,0,0
"CRPS","GDPCTPI","4/3","BLR","hom","br","f","full-outl",0,0,0
"CRPS","GDPCTPI","4/3","BLR","hom","eq","s","full-outl",0,1,1
"CRPS","GDPCTPI","4/3","BLR","hom","eq","b","full-outl",0,0,0
"CRPS","GDPCTPI","4/3","BLR","hom","eq","f","full-outl",0,0,0
"CRPS","GDPCTPI","4/3","BLR","hom","xalm","s","full-outl",0,0,0
"CRPS","GDPCTPI","4/3","BLR","hom","xalm","b","full-outl",0,0,0
"CRPS","GDPCTPI","4/3","BLR","hom","xalm","f","full-outl",0,1,1
"CRPS","GDPCTPI","4/3","BLR","hom","alm3","s","full-outl",0,0,0
"CRPS","GDPCTPI","4/3","BLR","hom","alm3","b","full-outl",0,0,0
"CRPS","GDPCTPI","4/3","BLR","hom","alm3","f","full-outl",1,1,2
"CRPS","GDPCTPI","4/3","BLR","hom","leg3","s","full-outl",0,0,0
"CRPS","GDPCTPI","4/3","BLR","hom","leg3","b","full-outl",0,0,0
"CRPS","GDPCTPI","4/3","BLR","hom","leg3","f","full-outl",0,0,0
"CRPS","GDPCTPI","4/3","BLR","hom","leg5","s","full-outl",0,0,0
"CRPS","GDPCTPI","4/3","BLR","hom","leg5","b","full-outl",0,0,0
"CRPS","GDPCTPI","4/3","BLR","hom","leg5","f","full-outl",0,0,0
"CRPS","GDPCTPI","4/3","BLR","hom","ber3","s","full-outl",0,1,1
"CRPS","GDPCTPI","4/3","BLR","hom","ber3","b","full-outl",0,0,0
"CRPS","GDPCTPI","4/3","BLR","hom","ber3","f","full-outl",0,0,0
"CRPS","GDPCTPI","4/3","BLR","hom","ber5","s","full-outl",0,1,1
"CRPS","GDPCTPI","4/3","BLR","hom","ber5","b","full-outl",0,0,0
"CRPS","GDPCTPI","4/3","BLR","hom","ber5","f","full-outl",0,0,0
"CRPS","GDPCTPI","4/3","BLR","hom","fou3","s","full-outl",0,0,0
"CRPS","GDPCTPI","4/3","BLR","hom","fou3","b","full-outl",0,0,0
"CRPS","GDPCTPI","4/3","BLR","hom","fou3","f","full-outl",0,0,0
"CRPS","GDPCTPI","4/3","BART","hom","blu","s","full-outl",1,1,2
"CRPS","GDPCTPI","4/3","BART","hom","blu","b","full-outl",1,1,2
"CRPS","GDPCTPI","4/3","BART","hom","blu","f","full-outl",0,1,1
"CRPS","GDPCTPI","4/3","BART","hom","svd","s","full-outl",0,1,1
"CRPS","GDPCTPI","4/3","BART","hom","svd","b","full-outl",1,1,2
"CRPS","GDPCTPI","4/3","BART","hom","svd","f","full-outl",0,1,1
"CRPS","GDPCTPI","4/3","BART","hom","br","s","full-outl",0,1,1
"CRPS","GDPCTPI","4/3","BART","hom","br","b","full-outl",0,0,0
"CRPS","GDPCTPI","4/3","BART","hom","br","f","full-outl",0,0,0
"CRPS","GDPCTPI","4/3","BART","hom","eq","s","full-outl",1,1,2
"CRPS","GDPCTPI","4/3","BART","hom","eq","b","full-outl",0,0,0
"CRPS","GDPCTPI","4/3","BART","hom","eq","f","full-outl",0,1,1
"CRPS","GDPCTPI","4/3","BART","hom","xalm","s","full-outl",0,1,1
"CRPS","GDPCTPI","4/3","BART","hom","xalm","b","full-outl",0,0,0
"CRPS","GDPCTPI","4/3","BART","hom","xalm","f","full-outl",0,1,1
"CRPS","GDPCTPI","4/3","BART","hom","alm3","s","full-outl",1,1,2
"CRPS","GDPCTPI","4/3","BART","hom","alm3","b","full-outl",0,0,0
"CRPS","GDPCTPI","4/3","BART","hom","alm3","f","full-outl",0,0,0
"CRPS","GDPCTPI","4/3","BART","hom","leg3","s","full-outl",0,1,1
"CRPS","GDPCTPI","4/3","BART","hom","leg3","b","full-outl",1,1,2
"CRPS","GDPCTPI","4/3","BART","hom","leg3","f","full-outl",0,1,1
"CRPS","GDPCTPI","4/3","BART","hom","leg5","s","full-outl",0,1,1
"CRPS","GDPCTPI","4/3","BART","hom","leg5","b","full-outl",1,1,2
"CRPS","GDPCTPI","4/3","BART","hom","leg5","f","full-outl",1,1,2
"CRPS","GDPCTPI","4/3","BART","hom","ber3","s","full-outl",0,0,0
"CRPS","GDPCTPI","4/3","BART","hom","ber3","b","full-outl",0,0,0
"CRPS","GDPCTPI","4/3","BART","hom","ber3","f","full-outl",0,0,0
"CRPS","GDPCTPI","4/3","BART","hom","ber5","s","full-outl",0,0,0
"CRPS","GDPCTPI","4/3","BART","hom","ber5","b","full-outl",0,0,0
"CRPS","GDPCTPI","4/3","BART","hom","ber5","f","full-outl",0,0,0
"CRPS","GDPCTPI","4/3","BART","hom","fou3","s","full-outl",0,0,0
"CRPS","GDPCTPI","4/3","BART","hom","fou3","b","full-outl",0,0,0
"CRPS","GDPCTPI","4/3","BART","hom","fou3","f","full-outl",0,0,0
"CRPS","GDPCTPI","4/3","GP","hom","blu","s","full-outl",0,0,0
"CRPS","GDPCTPI","4/3","GP","hom","blu","b","full-outl",0,0,0
"CRPS","GDPCTPI","4/3","GP","hom","blu","f","full-outl",1,1,2
"CRPS","GDPCTPI","4/3","GP","hom","svd","s","full-outl",1,1,2
"CRPS","GDPCTPI","4/3","GP","hom","svd","b","full-outl",1,1,2
"CRPS","GDPCTPI","4/3","GP","hom","svd","f","full-outl",0,1,1
"CRPS","GDPCTPI","4/3","GP","hom","br","s","full-outl",0,1,1
"CRPS","GDPCTPI","4/3","GP","hom","br","b","full-outl",0,1,1
"CRPS","GDPCTPI","4/3","GP","hom","br","f","full-outl",0,0,0
"CRPS","GDPCTPI","4/3","GP","hom","eq","s","full-outl",0,0,0
"CRPS","GDPCTPI","4/3","GP","hom","eq","b","full-outl",0,1,1
"CRPS","GDPCTPI","4/3","GP","hom","eq","f","full-outl",0,1,1
"CRPS","GDPCTPI","4/3","GP","hom","xalm","s","full-outl",1,1,2
"CRPS","GDPCTPI","4/3","GP","hom","xalm","b","full-outl",0,0,0
"CRPS","GDPCTPI","4/3","GP","hom","xalm","f","full-outl",1,1,2
"CRPS","GDPCTPI","4/3","GP","hom","alm3","s","full-outl",0,0,0
"CRPS","GDPCTPI","4/3","GP","hom","alm3","b","full-outl",0,0,0
"CRPS","GDPCTPI","4/3","GP","hom","alm3","f","full-outl",0,0,0
"CRPS","GDPCTPI","4/3","GP","hom","leg3","s","full-outl",0,0,0
"CRPS","GDPCTPI","4/3","GP","hom","leg3","b","full-outl",0,0,0
"CRPS","GDPCTPI","4/3","GP","hom","leg3","f","full-outl",0,0,0
"CRPS","GDPCTPI","4/3","GP","hom","leg5","s","full-outl",0,0,0
"CRPS","GDPCTPI","4/3","GP","hom","leg5","b","full-outl",0,0,0
"CRPS","GDPCTPI","4/3","GP","hom","leg5","f","full-outl",0,0,0
"CRPS","GDPCTPI","4/3","GP","hom","ber3","s","full-outl",0,0,0
"CRPS","GDPCTPI","4/3","GP","hom","ber3","b","full-outl",0,0,0
"CRPS","GDPCTPI","4/3","GP","hom","ber3","f","full-outl",0,0,0
"CRPS","GDPCTPI","4/3","GP","hom","ber5","s","full-outl",0,0,0
"CRPS","GDPCTPI","4/3","GP","hom","ber5","b","full-outl",0,0,0
"CRPS","GDPCTPI","4/3","GP","hom","ber5","f","full-outl",0,0,0
"CRPS","GDPCTPI","4/3","GP","hom","fou3","s","full-outl",0,0,0
"CRPS","GDPCTPI","4/3","GP","hom","fou3","b","full-outl",0,0,0
"CRPS","GDPCTPI","4/3","GP","hom","fou3","f","full-outl",0,0,0
"CRPS","GDPCTPI","4/3","BLR","sv","blu","s","full-outl",1,1,2
"CRPS","GDPCTPI","4/3","BLR","sv","blu","b","full-outl",0,0,0
"CRPS","GDPCTPI","4/3","BLR","sv","blu","f","full-outl",1,1,2
"CRPS","GDPCTPI","4/3","BLR","sv","svd","s","full-outl",1,1,2
"CRPS","GDPCTPI","4/3","BLR","sv","svd","b","full-outl",1,1,2
"CRPS","GDPCTPI","4/3","BLR","sv","svd","f","full-outl",1,1,2
"CRPS","GDPCTPI","4/3","BLR","sv","br","s","full-outl",1,1,2
"CRPS","GDPCTPI","4/3","BLR","sv","br","b","full-outl",0,1,1
"CRPS","GDPCTPI","4/3","BLR","sv","br","f","full-outl",1,1,2
"CRPS","GDPCTPI","4/3","BLR","sv","eq","s","full-outl",1,1,2
"CRPS","GDPCTPI","4/3","BLR","sv","eq","b","full-outl",1,1,2
"CRPS","GDPCTPI","4/3","BLR","sv","eq","f","full-outl",1,1,2
"CRPS","GDPCTPI","4/3","BLR","sv","xalm","s","full-outl",1,1,2
"CRPS","GDPCTPI","4/3","BLR","sv","xalm","b","full-outl",1,1,2
"CRPS","GDPCTPI","4/3","BLR","sv","xalm","f","full-outl",1,1,2
"CRPS","GDPCTPI","4/3","BLR","sv","alm3","s","full-outl",1,1,2
"CRPS","GDPCTPI","4/3","BLR","sv","alm3","b","full-outl",0,0,0
"CRPS","GDPCTPI","4/3","BLR","sv","alm3","f","full-outl",1,1,2
"CRPS","GDPCTPI","4/3","BLR","sv","leg3","s","full-outl",1,1,2
"CRPS","GDPCTPI","4/3","BLR","sv","leg3","b","full-outl",0,1,1
"CRPS","GDPCTPI","4/3","BLR","sv","leg3","f","full-outl",1,1,2
"CRPS","GDPCTPI","4/3","BLR","sv","leg5","s","full-outl",1,1,2
"CRPS","GDPCTPI","4/3","BLR","sv","leg5","b","full-outl",0,0,0
"CRPS","GDPCTPI","4/3","BLR","sv","leg5","f","full-outl",1,1,2
"CRPS","GDPCTPI","4/3","BLR","sv","ber3","s","full-outl",1,1,2
"CRPS","GDPCTPI","4/3","BLR","sv","ber3","b","full-outl",0,0,0
"CRPS","GDPCTPI","4/3","BLR","sv","ber3","f","full-outl",1,1,2
"CRPS","GDPCTPI","4/3","BLR","sv","ber5","s","full-outl",1,1,2
"CRPS","GDPCTPI","4/3","BLR","sv","ber5","b","full-outl",0,0,0
"CRPS","GDPCTPI","4/3","BLR","sv","ber5","f","full-outl",1,1,2
"CRPS","GDPCTPI","4/3","BLR","sv","fou3","s","full-outl",1,1,2
"CRPS","GDPCTPI","4/3","BLR","sv","fou3","b","full-outl",0,0,0
"CRPS","GDPCTPI","4/3","BLR","sv","fou3","f","full-outl",1,1,2
"CRPS","GDPCTPI","4/3","BART","sv","blu","s","full-outl",1,1,2
"CRPS","GDPCTPI","4/3","BART","sv","blu","b","full-outl",1,1,2
"CRPS","GDPCTPI","4/3","BART","sv","blu","f","full-outl",1,1,2
"CRPS","GDPCTPI","4/3","BART","sv","svd","s","full-outl",0,1,1
"CRPS","GDPCTPI","4/3","BART","sv","svd","b","full-outl",1,1,2
"CRPS","GDPCTPI","4/3","BART","sv","svd","f","full-outl",1,1,2
"CRPS","GDPCTPI","4/3","BART","sv","br","s","full-outl",1,1,2
"CRPS","GDPCTPI","4/3","BART","sv","br","b","full-outl",0,0,0
"CRPS","GDPCTPI","4/3","BART","sv","br","f","full-outl",0,0,0
"CRPS","GDPCTPI","4/3","BART","sv","eq","s","full-outl",1,1,2
"CRPS","GDPCTPI","4/3","BART","sv","eq","b","full-outl",1,1,2
"CRPS","GDPCTPI","4/3","BART","sv","eq","f","full-outl",0,0,0
"CRPS","GDPCTPI","4/3","BART","sv","xalm","s","full-outl",0,0,0
"CRPS","GDPCTPI","4/3","BART","sv","xalm","b","full-outl",1,1,2
"CRPS","GDPCTPI","4/3","BART","sv","xalm","f","full-outl",0,1,1
"CRPS","GDPCTPI","4/3","BART","sv","alm3","s","full-outl",0,0,0
"CRPS","GDPCTPI","4/3","BART","sv","alm3","b","full-outl",1,1,2
"CRPS","GDPCTPI","4/3","BART","sv","alm3","f","full-outl",1,1,2
"CRPS","GDPCTPI","4/3","BART","sv","leg3","s","full-outl",0,1,1
"CRPS","GDPCTPI","4/3","BART","sv","leg3","b","full-outl",1,1,2
"CRPS","GDPCTPI","4/3","BART","sv","leg3","f","full-outl",1,1,2
"CRPS","GDPCTPI","4/3","BART","sv","leg5","s","full-outl",1,1,2
"CRPS","GDPCTPI","4/3","BART","sv","leg5","b","full-outl",1,1,2
"CRPS","GDPCTPI","4/3","BART","sv","leg5","f","full-outl",1,1,2
"CRPS","GDPCTPI","4/3","BART","sv","ber3","s","full-outl",0,0,0
"CRPS","GDPCTPI","4/3","BART","sv","ber3","b","full-outl",0,0,0
"CRPS","GDPCTPI","4/3","BART","sv","ber3","f","full-outl",1,1,2
"CRPS","GDPCTPI","4/3","BART","sv","ber5","s","full-outl",0,1,1
"CRPS","GDPCTPI","4/3","BART","sv","ber5","b","full-outl",0,0,0
"CRPS","GDPCTPI","4/3","BART","sv","ber5","f","full-outl",1,1,2
"CRPS","GDPCTPI","4/3","BART","sv","fou3","s","full-outl",0,0,0
"CRPS","GDPCTPI","4/3","BART","sv","fou3","b","full-outl",0,0,0
"CRPS","GDPCTPI","4/3","BART","sv","fou3","f","full-outl",1,1,2
"CRPS","GDPCTPI","4/3","GP","sv","blu","s","full-outl",1,1,2
"CRPS","GDPCTPI","4/3","GP","sv","blu","b","full-outl",1,1,2
"CRPS","GDPCTPI","4/3","GP","sv","blu","f","full-outl",1,1,2
"CRPS","GDPCTPI","4/3","GP","sv","svd","s","full-outl",1,1,2
"CRPS","GDPCTPI","4/3","GP","sv","svd","b","full-outl",1,1,2
"CRPS","GDPCTPI","4/3","GP","sv","svd","f","full-outl",1,1,2
"CRPS","GDPCTPI","4/3","GP","sv","br","s","full-outl",1,1,2
"CRPS","GDPCTPI","4/3","GP","sv","br","b","full-outl",1,1,2
"CRPS","GDPCTPI","4/3","GP","sv","br","f","full-outl",1,1,2
"CRPS","GDPCTPI","4/3","GP","sv","eq","s","full-outl",1,1,2
"CRPS","GDPCTPI","4/3","GP","sv","eq","b","full-outl",1,1,2
"CRPS","GDPCTPI","4/3","GP","sv","eq","f","full-outl",1,1,2
"CRPS","GDPCTPI","4/3","GP","sv","xalm","s","full-outl",1,1,2
"CRPS","GDPCTPI","4/3","GP","sv","xalm","b","full-outl",1,1,2
"CRPS","GDPCTPI","4/3","GP","sv","xalm","f","full-outl",1,1,2
"CRPS","GDPCTPI","4/3","GP","sv","alm3","s","full-outl",0,0,0
"CRPS","GDPCTPI","4/3","GP","sv","alm3","b","full-outl",0,0,0
"CRPS","GDPCTPI","4/3","GP","sv","alm3","f","full-outl",0,0,0
"CRPS","GDPCTPI","4/3","GP","sv","leg3","s","full-outl",0,0,0
"CRPS","GDPCTPI","4/3","GP","sv","leg3","b","full-outl",0,0,0
"CRPS","GDPCTPI","4/3","GP","sv","leg3","f","full-outl",0,0,0
"CRPS","GDPCTPI","4/3","GP","sv","leg5","s","full-outl",0,1,1
"CRPS","GDPCTPI","4/3","GP","sv","leg5","b","full-outl",0,0,0
"CRPS","GDPCTPI","4/3","GP","sv","leg5","f","full-outl",1,1,2
"CRPS","GDPCTPI","4/3","GP","sv","ber3","s","full-outl",0,1,1
"CRPS","GDPCTPI","4/3","GP","sv","ber3","b","full-outl",0,0,0
"CRPS","GDPCTPI","4/3","GP","sv","ber3","f","full-outl",0,0,0
"CRPS","GDPCTPI","4/3","GP","sv","ber5","s","full-outl",1,1,2
"CRPS","GDPCTPI","4/3","GP","sv","ber5","b","full-outl",0,1,1
"CRPS","GDPCTPI","4/3","GP","sv","ber5","f","full-outl",0,0,0
"CRPS","GDPCTPI","4/3","GP","sv","fou3","s","full-outl",0,0,0
"CRPS","GDPCTPI","4/3","GP","sv","fou3","b","full-outl",0,0,0
"CRPS","GDPCTPI","4/3","GP","sv","fou3","f","full-outl",0,0,0
"CRPS","GDPCTPI","4/3","MFVAR","hom","blu","s","full-outl",0,0,0
"CRPS","GDPCTPI","4/3","MFVAR","hom","blu","f","full-outl",0,0,0
"CRPS","GDPCTPI","4/3","MFVAR","sv","blu","s","full-outl",1,1,2
"CRPS","GDPCTPI","4/3","MFVAR","sv","blu","f","full-outl",0,0,0
"CRPS","GDPC1","1","BLR","hom","blu","s","full-outl",0,0,0
"CRPS","GDPC1","1","BLR","hom","blu","b","full-outl",0,0,0
"CRPS","GDPC1","1","BLR","hom","blu","f","full-outl",1,1,2
"CRPS","GDPC1","1","BLR","hom","svd","s","full-outl",0,0,0
"CRPS","GDPC1","1","BLR","hom","svd","b","full-outl",0,0,0
"CRPS","GDPC1","1","BLR","hom","svd","f","full-outl",0,0,0
"CRPS","GDPC1","1","BLR","hom","br","s","full-outl",0,0,0
"CRPS","GDPC1","1","BLR","hom","br","b","full-outl",0,0,0
"CRPS","GDPC1","1","BLR","hom","br","f","full-outl",1,1,2
"CRPS","GDPC1","1","BLR","hom","eq","s","full-outl",0,1,1
"CRPS","GDPC1","1","BLR","hom","eq","b","full-outl",1,1,2
"CRPS","GDPC1","1","BLR","hom","eq","f","full-outl",0,0,0
"CRPS","GDPC1","1","BLR","hom","xalm","s","full-outl",0,0,0
"CRPS","GDPC1","1","BLR","hom","xalm","b","full-outl",0,1,1
"CRPS","GDPC1","1","BLR","hom","xalm","f","full-outl",1,1,2
"CRPS","GDPC1","1","BLR","hom","alm3","s","full-outl",0,0,0
"CRPS","GDPC1","1","BLR","hom","alm3","b","full-outl",0,0,0
"CRPS","GDPC1","1","BLR","hom","alm3","f","full-outl",0,0,0
"CRPS","GDPC1","1","BLR","hom","leg3","s","full-outl",1,1,2
"CRPS","GDPC1","1","BLR","hom","leg3","b","full-outl",0,1,1
"CRPS","GDPC1","1","BLR","hom","leg3","f","full-outl",1,1,2
"CRPS","GDPC1","1","BLR","hom","leg5","s","full-outl",1,1,2
"CRPS","GDPC1","1","BLR","hom","leg5","b","full-outl",0,0,0
"CRPS","GDPC1","1","BLR","hom","leg5","f","full-outl",1,1,2
"CRPS","GDPC1","1","BLR","hom","ber3","s","full-outl",0,0,0
"CRPS","GDPC1","1","BLR","hom","ber3","b","full-outl",0,0,0
"CRPS","GDPC1","1","BLR","hom","ber3","f","full-outl",1,1,2
"CRPS","GDPC1","1","BLR","hom","ber5","s","full-outl",0,0,0
"CRPS","GDPC1","1","BLR","hom","ber5","b","full-outl",0,0,0
"CRPS","GDPC1","1","BLR","hom","ber5","f","full-outl",1,1,2
"CRPS","GDPC1","1","BLR","hom","fou3","s","full-outl",1,1,2
"CRPS","GDPC1","1","BLR","hom","fou3","b","full-outl",1,1,2
"CRPS","GDPC1","1","BLR","hom","fou3","f","full-outl",0,0,0
"CRPS","GDPC1","1","BART","hom","blu","s","full-outl",1,1,2
"CRPS","GDPC1","1","BART","hom","blu","b","full-outl",1,1,2
"CRPS","GDPC1","1","BART","hom","blu","f","full-outl",1,1,2
"CRPS","GDPC1","1","BART","hom","svd","s","full-outl",0,0,0
"CRPS","GDPC1","1","BART","hom","svd","b","full-outl",0,0,0
"CRPS","GDPC1","1","BART","hom","svd","f","full-outl",0,0,0
"CRPS","GDPC1","1","BART","hom","br","s","full-outl",0,0,0
"CRPS","GDPC1","1","BART","hom","br","b","full-outl",0,0,0
"CRPS","GDPC1","1","BART","hom","br","f","full-outl",0,0,0
"CRPS","GDPC1","1","BART","hom","eq","s","full-outl",0,0,0
"CRPS","GDPC1","1","BART","hom","eq","b","full-outl",0,0,0
"CRPS","GDPC1","1","BART","hom","eq","f","full-outl",0,0,0
"CRPS","GDPC1","1","BART","hom","xalm","s","full-outl",1,1,2
"CRPS","GDPC1","1","BART","hom","xalm","b","full-outl",0,0,0
"CRPS","GDPC1","1","BART","hom","xalm","f","full-outl",0,0,0
"CRPS","GDPC1","1","BART","hom","alm3","s","full-outl",0,0,0
"CRPS","GDPC1","1","BART","hom","alm3","b","full-outl",0,0,0
"CRPS","GDPC1","1","BART","hom","alm3","f","full-outl",0,0,0
"CRPS","GDPC1","1","BART","hom","leg3","s","full-outl",0,0,0
"CRPS","GDPC1","1","BART","hom","leg3","b","full-outl",0,0,0
"CRPS","GDPC1","1","BART","hom","leg3","f","full-outl",0,0,0
"CRPS","GDPC1","1","BART","hom","leg5","s","full-outl",1,1,2
"CRPS","GDPC1","1","BART","hom","leg5","b","full-outl",0,1,1
"CRPS","GDPC1","1","BART","hom","leg5","f","full-outl",0,0,0
"CRPS","GDPC1","1","BART","hom","ber3","s","full-outl",0,1,1
"CRPS","GDPC1","1","BART","hom","ber3","b","full-outl",0,0,0
"CRPS","GDPC1","1","BART","hom","ber3","f","full-outl",0,0,0
"CRPS","GDPC1","1","BART","hom","ber5","s","full-outl",0,0,0
"CRPS","GDPC1","1","BART","hom","ber5","b","full-outl",0,0,0
"CRPS","GDPC1","1","BART","hom","ber5","f","full-outl",0,0,0
"CRPS","GDPC1","1","BART","hom","fou3","s","full-outl",0,0,0
"CRPS","GDPC1","1","BART","hom","fou3","b","full-outl",0,1,1
"CRPS","GDPC1","1","BART","hom","fou3","f","full-outl",0,0,0
"CRPS","GDPC1","1","GP","hom","blu","s","full-outl",1,1,2
"CRPS","GDPC1","1","GP","hom","blu","b","full-outl",1,1,2
"CRPS","GDPC1","1","GP","hom","blu","f","full-outl",1,1,2
"CRPS","GDPC1","1","GP","hom","svd","s","full-outl",0,0,0
"CRPS","GDPC1","1","GP","hom","svd","b","full-outl",0,0,0
"CRPS","GDPC1","1","GP","hom","svd","f","full-outl",0,0,0
"CRPS","GDPC1","1","GP","hom","br","s","full-outl",1,1,2
"CRPS","GDPC1","1","GP","hom","br","b","full-outl",1,1,2
"CRPS","GDPC1","1","GP","hom","br","f","full-outl",1,1,2
"CRPS","GDPC1","1","GP","hom","eq","s","full-outl",0,1,1
"CRPS","GDPC1","1","GP","hom","eq","b","full-outl",1,1,2
"CRPS","GDPC1","1","GP","hom","eq","f","full-outl",0,0,0
"CRPS","GDPC1","1","GP","hom","xalm","s","full-outl",0,0,0
"CRPS","GDPC1","1","GP","hom","xalm","b","full-outl",0,1,1
"CRPS","GDPC1","1","GP","hom","xalm","f","full-outl",0,0,0
"CRPS","GDPC1","1","GP","hom","alm3","s","full-outl",1,1,2
"CRPS","GDPC1","1","GP","hom","alm3","b","full-outl",1,1,2
"CRPS","GDPC1","1","GP","hom","alm3","f","full-outl",1,1,2
"CRPS","GDPC1","1","GP","hom","leg3","s","full-outl",0,1,1
"CRPS","GDPC1","1","GP","hom","leg3","b","full-outl",1,1,2
"CRPS","GDPC1","1","GP","hom","leg3","f","full-outl",1,1,2
"CRPS","GDPC1","1","GP","hom","leg5","s","full-outl",1,1,2
"CRPS","GDPC1","1","GP","hom","leg5","b","full-outl",1,1,2
"CRPS","GDPC1","1","GP","hom","leg5","f","full-outl",1,1,2
"CRPS","GDPC1","1","GP","hom","ber3","s","full-outl",1,1,2
"CRPS","GDPC1","1","GP","hom","ber3","b","full-outl",1,1,2
"CRPS","GDPC1","1","GP","hom","ber3","f","full-outl",1,1,2
"CRPS","GDPC1","1","GP","hom","ber5","s","full-outl",1,1,2
"CRPS","GDPC1","1","GP","hom","ber5","b","full-outl",1,1,2
"CRPS","GDPC1","1","GP","hom","ber5","f","full-outl",1,1,2
"CRPS","GDPC1","1","GP","hom","fou3","s","full-outl",1,1,2
"CRPS","GDPC1","1","GP","hom","fou3","b","full-outl",1,1,2
"CRPS","GDPC1","1","GP","hom","fou3","f","full-outl",1,1,2
"CRPS","GDPC1","1","BLR","sv","blu","s","full-outl",0,0,0
"CRPS","GDPC1","1","BLR","sv","blu","b","full-outl",0,0,0
"CRPS","GDPC1","1","BLR","sv","blu","f","full-outl",1,1,2
"CRPS","GDPC1","1","BLR","sv","svd","s","full-outl",0,0,0
"CRPS","GDPC1","1","BLR","sv","svd","b","full-outl",0,0,0
"CRPS","GDPC1","1","BLR","sv","svd","f","full-outl",0,0,0
"CRPS","GDPC1","1","BLR","sv","br","s","full-outl",0,0,0
"CRPS","GDPC1","1","BLR","sv","br","b","full-outl",0,0,0
"CRPS","GDPC1","1","BLR","sv","br","f","full-outl",1,1,2
"CRPS","GDPC1","1","BLR","sv","eq","s","full-outl",1,1,2
"CRPS","GDPC1","1","BLR","sv","eq","b","full-outl",1,1,2
"CRPS","GDPC1","1","BLR","sv","eq","f","full-outl",0,0,0
"CRPS","GDPC1","1","BLR","sv","xalm","s","full-outl",1,1,2
"CRPS","GDPC1","1","BLR","sv","xalm","b","full-outl",1,1,2
"CRPS","GDPC1","1","BLR","sv","xalm","f","full-outl",1,1,2
"CRPS","GDPC1","1","BLR","sv","alm3","s","full-outl",1,1,2
"CRPS","GDPC1","1","BLR","sv","alm3","b","full-outl",0,1,1
"CRPS","GDPC1","1","BLR","sv","alm3","f","full-outl",0,0,0
"CRPS","GDPC1","1","BLR","sv","leg3","s","full-outl",1,1,2
"CRPS","GDPC1","1","BLR","sv","leg3","b","full-outl",0,0,0
"CRPS","GDPC1","1","BLR","sv","leg3","f","full-outl",1,1,2
"CRPS","GDPC1","1","BLR","sv","leg5","s","full-outl",0,1,1
"CRPS","GDPC1","1","BLR","sv","leg5","b","full-outl",0,1,1
"CRPS","GDPC1","1","BLR","sv","leg5","f","full-outl",1,1,2
"CRPS","GDPC1","1","BLR","sv","ber3","s","full-outl",1,1,2
"CRPS","GDPC1","1","BLR","sv","ber3","b","full-outl",0,1,1
"CRPS","GDPC1","1","BLR","sv","ber3","f","full-outl",1,1,2
"CRPS","GDPC1","1","BLR","sv","ber5","s","full-outl",1,1,2
"CRPS","GDPC1","1","BLR","sv","ber5","b","full-outl",0,0,0
"CRPS","GDPC1","1","BLR","sv","ber5","f","full-outl",1,1,2
"CRPS","GDPC1","1","BLR","sv","fou3","s","full-outl",1,1,2
"CRPS","GDPC1","1","BLR","sv","fou3","b","full-outl",1,1,2
"CRPS","GDPC1","1","BLR","sv","fou3","f","full-outl",1,1,2
"CRPS","GDPC1","1","BART","sv","blu","s","full-outl",0,1,1
"CRPS","GDPC1","1","BART","sv","blu","b","full-outl",1,1,2
"CRPS","GDPC1","1","BART","sv","blu","f","full-outl",1,1,2
"CRPS","GDPC1","1","BART","sv","svd","s","full-outl",0,0,0
"CRPS","GDPC1","1","BART","sv","svd","b","full-outl",0,0,0
"CRPS","GDPC1","1","BART","sv","svd","f","full-outl",0,0,0
"CRPS","GDPC1","1","BART","sv","br","s","full-outl",0,0,0
"CRPS","GDPC1","1","BART","sv","br","b","full-outl",0,0,0
"CRPS","GDPC1","1","BART","sv","br","f","full-outl",0,0,0
"CRPS","GDPC1","1","BART","sv","eq","s","full-outl",1,1,2
"CRPS","GDPC1","1","BART","sv","eq","b","full-outl",1,1,2
"CRPS","GDPC1","1","BART","sv","eq","f","full-outl",0,0,0
"CRPS","GDPC1","1","BART","sv","xalm","s","full-outl",1,1,2
"CRPS","GDPC1","1","BART","sv","xalm","b","full-outl",0,1,1
"CRPS","GDPC1","1","BART","sv","xalm","f","full-outl",0,0,0
"CRPS","GDPC1","1","BART","sv","alm3","s","full-outl",1,1,2
"CRPS","GDPC1","1","BART","sv","alm3","b","full-outl",1,1,2
"CRPS","GDPC1","1","BART","sv","alm3","f","full-outl",0,0,0
"CRPS","GDPC1","1","BART","sv","leg3","s","full-outl",0,0,0
"CRPS","GDPC1","1","BART","sv","leg3","b","full-outl",1,1,2
"CRPS","GDPC1","1","BART","sv","leg3","f","full-outl",0,0,0
"CRPS","GDPC1","1","BART","sv","leg5","s","full-outl",1,1,2
"CRPS","GDPC1","1","BART","sv","leg5","b","full-outl",1,1,2
"CRPS","GDPC1","1","BART","sv","leg5","f","full-outl",0,0,0
"CRPS","GDPC1","1","BART","sv","ber3","s","full-outl",1,1,2
"CRPS","GDPC1","1","BART","sv","ber3","b","full-outl",1,1,2
"CRPS","GDPC1","1","BART","sv","ber3","f","full-outl",0,0,0
"CRPS","GDPC1","1","BART","sv","ber5","s","full-outl",0,1,1
"CRPS","GDPC1","1","BART","sv","ber5","b","full-outl",1,1,2
"CRPS","GDPC1","1","BART","sv","ber5","f","full-outl",0,0,0
"CRPS","GDPC1","1","BART","sv","fou3","s","full-outl",1,1,2
"CRPS","GDPC1","1","BART","sv","fou3","b","full-outl",1,1,2
"CRPS","GDPC1","1","BART","sv","fou3","f","full-outl",0,0,0
"CRPS","GDPC1","1","GP","sv","blu","s","full-outl",1,1,2
"CRPS","GDPC1","1","GP","sv","blu","b","full-outl",1,1,2
"CRPS","GDPC1","1","GP","sv","blu","f","full-outl",1,1,2
"CRPS","GDPC1","1","GP","sv","svd","s","full-outl",1,1,2
"CRPS","GDPC1","1","GP","sv","svd","b","full-outl",0,1,1
"CRPS","GDPC1","1","GP","sv","svd","f","full-outl",0,0,0
"CRPS","GDPC1","1","GP","sv","br","s","full-outl",1,1,2
"CRPS","GDPC1","1","GP","sv","br","b","full-outl",0,0,0
"CRPS","GDPC1","1","GP","sv","br","f","full-outl",1,1,2
"CRPS","GDPC1","1","GP","sv","eq","s","full-outl",1,1,2
"CRPS","GDPC1","1","GP","sv","eq","b","full-outl",1,1,2
"CRPS","GDPC1","1","GP","sv","eq","f","full-outl",1,1,2
"CRPS","GDPC1","1","GP","sv","xalm","s","full-outl",1,1,2
"CRPS","GDPC1","1","GP","sv","xalm","b","full-outl",1,1,2
"CRPS","GDPC1","1","GP","sv","xalm","f","full-outl",1,1,2
"CRPS","GDPC1","1","GP","sv","alm3","s","full-outl",1,1,2
"CRPS","GDPC1","1","GP","sv","alm3","b","full-outl",1,1,2
"CRPS","GDPC1","1","GP","sv","alm3","f","full-outl",1,1,2
"CRPS","GDPC1","1","GP","sv","leg3","s","full-outl",1,1,2
"CRPS","GDPC1","1","GP","sv","leg3","b","full-outl",1,1,2
"CRPS","GDPC1","1","GP","sv","leg3","f","full-outl",1,1,2
"CRPS","GDPC1","1","GP","sv","leg5","s","full-outl",1,1,2
"CRPS","GDPC1","1","GP","sv","leg5","b","full-outl",1,1,2
"CRPS","GDPC1","1","GP","sv","leg5","f","full-outl",1,1,2
"CRPS","GDPC1","1","GP","sv","ber3","s","full-outl",1,1,2
"CRPS","GDPC1","1","GP","sv","ber3","b","full-outl",1,1,2
"CRPS","GDPC1","1","GP","sv","ber3","f","full-outl",1,1,2
"CRPS","GDPC1","1","GP","sv","ber5","s","full-outl",1,1,2
"CRPS","GDPC1","1","GP","sv","ber5","b","full-outl",1,1,2
"CRPS","GDPC1","1","GP","sv","ber5","f","full-outl",1,1,2
"CRPS","GDPC1","1","GP","sv","fou3","s","full-outl",1,1,2
"CRPS","GDPC1","1","GP","sv","fou3","b","full-outl",1,1,2
"CRPS","GDPC1","1","GP","sv","fou3","f","full-outl",1,1,2
"CRPS","GDPC1","1","MFVAR","hom","blu","s","full-outl",0,1,1
"CRPS","GDPC1","1","MFVAR","hom","blu","f","full-outl",1,1,2
"CRPS","GDPC1","1","MFVAR","sv","blu","s","full-outl",0,1,1
"CRPS","GDPC1","1","MFVAR","sv","blu","f","full-outl",1,1,2
"CRPS","GDPCTPI","1","BLR","hom","blu","s","full-outl",0,0,0
"CRPS","GDPCTPI","1","BLR","hom","blu","b","full-outl",0,0,0
"CRPS","GDPCTPI","1","BLR","hom","blu","f","full-outl",0,0,0
"CRPS","GDPCTPI","1","BLR","hom","svd","s","full-outl",0,0,0
"CRPS","GDPCTPI","1","BLR","hom","svd","b","full-outl",0,1,1
"CRPS","GDPCTPI","1","BLR","hom","svd","f","full-outl",1,1,2
"CRPS","GDPCTPI","1","BLR","hom","br","s","full-outl",0,1,1
"CRPS","GDPCTPI","1","BLR","hom","br","b","full-outl",0,0,0
"CRPS","GDPCTPI","1","BLR","hom","br","f","full-outl",0,0,0
"CRPS","GDPCTPI","1","BLR","hom","eq","s","full-outl",1,1,2
"CRPS","GDPCTPI","1","BLR","hom","eq","b","full-outl",0,0,0
"CRPS","GDPCTPI","1","BLR","hom","eq","f","full-outl",0,0,0
"CRPS","GDPCTPI","1","BLR","hom","xalm","s","full-outl",0,0,0
"CRPS","GDPCTPI","1","BLR","hom","xalm","b","full-outl",0,0,0
"CRPS","GDPCTPI","1","BLR","hom","xalm","f","full-outl",1,1,2
"CRPS","GDPCTPI","1","BLR","hom","alm3","s","full-outl",0,0,0
"CRPS","GDPCTPI","1","BLR","hom","alm3","b","full-outl",0,0,0
"CRPS","GDPCTPI","1","BLR","hom","alm3","f","full-outl",1,1,2
"CRPS","GDPCTPI","1","BLR","hom","leg3","s","full-outl",0,0,0
"CRPS","GDPCTPI","1","BLR","hom","leg3","b","full-outl",0,0,0
"CRPS","GDPCTPI","1","BLR","hom","leg3","f","full-outl",0,1,1
"CRPS","GDPCTPI","1","BLR","hom","leg5","s","full-outl",0,0,0
"CRPS","GDPCTPI","1","BLR","hom","leg5","b","full-outl",0,0,0
"CRPS","GDPCTPI","1","BLR","hom","leg5","f","full-outl",0,1,1
"CRPS","GDPCTPI","1","BLR","hom","ber3","s","full-outl",0,0,0
"CRPS","GDPCTPI","1","BLR","hom","ber3","b","full-outl",0,0,0
"CRPS","GDPCTPI","1","BLR","hom","ber3","f","full-outl",0,1,1
"CRPS","GDPCTPI","1","BLR","hom","ber5","s","full-outl",0,0,0
"CRPS","GDPCTPI","1","BLR","hom","ber5","b","full-outl",0,0,0
"CRPS","GDPCTPI","1","BLR","hom","ber5","f","full-outl",0,1,1
"CRPS","GDPCTPI","1","BLR","hom","fou3","s","full-outl",0,0,0
"CRPS","GDPCTPI","1","BLR","hom","fou3","b","full-outl",0,0,0
"CRPS","GDPCTPI","1","BLR","hom","fou3","f","full-outl",0,1,1
"CRPS","GDPCTPI","1","BART","hom","blu","s","full-outl",1,1,2
"CRPS","GDPCTPI","1","BART","hom","blu","b","full-outl",1,1,2
"CRPS","GDPCTPI","1","BART","hom","blu","f","full-outl",0,1,1
"CRPS","GDPCTPI","1","BART","hom","svd","s","full-outl",0,1,1
"CRPS","GDPCTPI","1","BART","hom","svd","b","full-outl",0,0,0
"CRPS","GDPCTPI","1","BART","hom","svd","f","full-outl",1,1,2
"CRPS","GDPCTPI","1","BART","hom","br","s","full-outl",0,1,1
"CRPS","GDPCTPI","1","BART","hom","br","b","full-outl",0,0,0
"CRPS","GDPCTPI","1","BART","hom","br","f","full-outl",0,0,0
"CRPS","GDPCTPI","1","BART","hom","eq","s","full-outl",0,1,1
"CRPS","GDPCTPI","1","BART","hom","eq","b","full-outl",1,1,2
"CRPS","GDPCTPI","1","BART","hom","eq","f","full-outl",0,1,1
"CRPS","GDPCTPI","1","BART","hom","xalm","s","full-outl",0,0,0
"CRPS","GDPCTPI","1","BART","hom","xalm","b","full-outl",0,1,1
"CRPS","GDPCTPI","1","BART","hom","xalm","f","full-outl",0,1,1
"CRPS","GDPCTPI","1","BART","hom","alm3","s","full-outl",1,1,2
"CRPS","GDPCTPI","1","BART","hom","alm3","b","full-outl",0,0,0
"CRPS","GDPCTPI","1","BART","hom","alm3","f","full-outl",0,1,1
"CRPS","GDPCTPI","1","BART","hom","leg3","s","full-outl",1,1,2
"CRPS","GDPCTPI","1","BART","hom","leg3","b","full-outl",1,1,2
"CRPS","GDPCTPI","1","BART","hom","leg3","f","full-outl",1,1,2
"CRPS","GDPCTPI","1","BART","hom","leg5","s","full-outl",1,1,2
"CRPS","GDPCTPI","1","BART","hom","leg5","b","full-outl",1,1,2
"CRPS","GDPCTPI","1","BART","hom","leg5","f","full-outl",1,1,2
"CRPS","GDPCTPI","1","BART","hom","ber3","s","full-outl",0,1,1
"CRPS","GDPCTPI","1","BART","hom","ber3","b","full-outl",0,0,0
"CRPS","GDPCTPI","1","BART","hom","ber3","f","full-outl",0,0,0
"CRPS","GDPCTPI","1","BART","hom","ber5","s","full-outl",0,1,1
"CRPS","GDPCTPI","1","BART","hom","ber5","b","full-outl",0,0,0
"CRPS","GDPCTPI","1","BART","hom","ber5","f","full-outl",0,0,0
"CRPS","GDPCTPI","1","BART","hom","fou3","s","full-outl",0,0,0
"CRPS","GDPCTPI","1","BART","hom","fou3","b","full-outl",0,0,0
"CRPS","GDPCTPI","1","BART","hom","fou3","f","full-outl",0,0,0
"CRPS","GDPCTPI","1","GP","hom","blu","s","full-outl",0,0,0
"CRPS","GDPCTPI","1","GP","hom","blu","b","full-outl",0,0,0
"CRPS","GDPCTPI","1","GP","hom","blu","f","full-outl",0,0,0
"CRPS","GDPCTPI","1","GP","hom","svd","s","full-outl",1,1,2
"CRPS","GDPCTPI","1","GP","hom","svd","b","full-outl",1,1,2
"CRPS","GDPCTPI","1","GP","hom","svd","f","full-outl",1,1,2
"CRPS","GDPCTPI","1","GP","hom","br","s","full-outl",0,0,0
"CRPS","GDPCTPI","1","GP","hom","br","b","full-outl",1,1,2
"CRPS","GDPCTPI","1","GP","hom","br","f","full-outl",0,1,1
"CRPS","GDPCTPI","1","GP","hom","eq","s","full-outl",1,1,2
"CRPS","GDPCTPI","1","GP","hom","eq","b","full-outl",0,0,0
"CRPS","GDPCTPI","1","GP","hom","eq","f","full-outl",0,0,0
"CRPS","GDPCTPI","1","GP","hom","xalm","s","full-outl",1,1,2
"CRPS","GDPCTPI","1","GP","hom","xalm","b","full-outl",0,0,0
"CRPS","GDPCTPI","1","GP","hom","xalm","f","full-outl",1,1,2
"CRPS","GDPCTPI","1","GP","hom","alm3","s","full-outl",0,0,0
"CRPS","GDPCTPI","1","GP","hom","alm3","b","full-outl",0,0,0
"CRPS","GDPCTPI","1","GP","hom","alm3","f","full-outl",0,0,0
"CRPS","GDPCTPI","1","GP","hom","leg3","s","full-outl",0,0,0
"CRPS","GDPCTPI","1","GP","hom","leg3","b","full-outl",0,1,1
"CRPS","GDPCTPI","1","GP","hom","leg3","f","full-outl",0,0,0
"CRPS","GDPCTPI","1","GP","hom","leg5","s","full-outl",0,0,0
"CRPS","GDPCTPI","1","GP","hom","leg5","b","full-outl",1,1,2
"CRPS","GDPCTPI","1","GP","hom","leg5","f","full-outl",0,0,0
"CRPS","GDPCTPI","1","GP","hom","ber3","s","full-outl",0,0,0
"CRPS","GDPCTPI","1","GP","hom","ber3","b","full-outl",1,1,2
"CRPS","GDPCTPI","1","GP","hom","ber3","f","full-outl",0,0,0
"CRPS","GDPCTPI","1","GP","hom","ber5","s","full-outl",0,0,0
"CRPS","GDPCTPI","1","GP","hom","ber5","b","full-outl",1,1,2
"CRPS","GDPCTPI","1","GP","hom","ber5","f","full-outl",0,0,0
"CRPS","GDPCTPI","1","GP","hom","fou3","s","full-outl",0,0,0
"CRPS","GDPCTPI","1","GP","hom","fou3","b","full-outl",0,0,0
"CRPS","GDPCTPI","1","GP","hom","fou3","f","full-outl",0,0,0
"CRPS","GDPCTPI","1","BLR","sv","blu","s","full-outl",1,1,2
"CRPS","GDPCTPI","1","BLR","sv","blu","b","full-outl",0,0,0
"CRPS","GDPCTPI","1","BLR","sv","blu","f","full-outl",1,1,2
"CRPS","GDPCTPI","1","BLR","sv","svd","s","full-outl",1,1,2
"CRPS","GDPCTPI","1","BLR","sv","svd","b","full-outl",1,1,2
"CRPS","GDPCTPI","1","BLR","sv","svd","f","full-outl",1,1,2
"CRPS","GDPCTPI","1","BLR","sv","br","s","full-outl",1,1,2
"CRPS","GDPCTPI","1","BLR","sv","br","b","full-outl",1,1,2
"CRPS","GDPCTPI","1","BLR","sv","br","f","full-outl",1,1,2
"CRPS","GDPCTPI","1","BLR","sv","eq","s","full-outl",1,1,2
"CRPS","GDPCTPI","1","BLR","sv","eq","b","full-outl",1,1,2
"CRPS","GDPCTPI","1","BLR","sv","eq","f","full-outl",1,1,2
"CRPS","GDPCTPI","1","BLR","sv","xalm","s","full-outl",1,1,2
"CRPS","GDPCTPI","1","BLR","sv","xalm","b","full-outl",1,1,2
"CRPS","GDPCTPI","1","BLR","sv","xalm","f","full-outl",1,1,2
"CRPS","GDPCTPI","1","BLR","sv","alm3","s","full-outl",1,1,2
"CRPS","GDPCTPI","1","BLR","sv","alm3","b","full-outl",1,1,2
"CRPS","GDPCTPI","1","BLR","sv","alm3","f","full-outl",1,1,2
"CRPS","GDPCTPI","1","BLR","sv","leg3","s","full-outl",1,1,2
"CRPS","GDPCTPI","1","BLR","sv","leg3","b","full-outl",0,0,0
"CRPS","GDPCTPI","1","BLR","sv","leg3","f","full-outl",1,1,2
"CRPS","GDPCTPI","1","BLR","sv","leg5","s","full-outl",1,1,2
"CRPS","GDPCTPI","1","BLR","sv","leg5","b","full-outl",0,0,0
"CRPS","GDPCTPI","1","BLR","sv","leg5","f","full-outl",1,1,2
"CRPS","GDPCTPI","1","BLR","sv","ber3","s","full-outl",1,1,2
"CRPS","GDPCTPI","1","BLR","sv","ber3","b","full-outl",0,0,0
"CRPS","GDPCTPI","1","BLR","sv","ber3","f","full-outl",1,1,2
"CRPS","GDPCTPI","1","BLR","sv","ber5","s","full-outl",1,1,2
"CRPS","GDPCTPI","1","BLR","sv","ber5","b","full-outl",0,0,0
"CRPS","GDPCTPI","1","BLR","sv","ber5","f","full-outl",1,1,2
"CRPS","GDPCTPI","1","BLR","sv","fou3","s","full-outl",1,1,2
"CRPS","GDPCTPI","1","BLR","sv","fou3","b","full-outl",0,0,0
"CRPS","GDPCTPI","1","BLR","sv","fou3","f","full-outl",1,1,2
"CRPS","GDPCTPI","1","BART","sv","blu","s","full-outl",0,0,0
"CRPS","GDPCTPI","1","BART","sv","blu","b","full-outl",1,1,2
"CRPS","GDPCTPI","1","BART","sv","blu","f","full-outl",1,1,2
"CRPS","GDPCTPI","1","BART","sv","svd","s","full-outl",0,1,1
"CRPS","GDPCTPI","1","BART","sv","svd","b","full-outl",0,1,1
"CRPS","GDPCTPI","1","BART","sv","svd","f","full-outl",1,1,2
"CRPS","GDPCTPI","1","BART","sv","br","s","full-outl",0,1,1
"CRPS","GDPCTPI","1","BART","sv","br","b","full-outl",0,0,0
"CRPS","GDPCTPI","1","BART","sv","br","f","full-outl",1,1,2
"CRPS","GDPCTPI","1","BART","sv","eq","s","full-outl",1,1,2
"CRPS","GDPCTPI","1","BART","sv","eq","b","full-outl",1,1,2
"CRPS","GDPCTPI","1","BART","sv","eq","f","full-outl",0,0,0
"CRPS","GDPCTPI","1","BART","sv","xalm","s","full-outl",0,1,1
"CRPS","GDPCTPI","1","BART","sv","xalm","b","full-outl",0,0,0
"CRPS","GDPCTPI","1","BART","sv","xalm","f","full-outl",0,0,0
"CRPS","GDPCTPI","1","BART","sv","alm3","s","full-outl",0,1,1
"CRPS","GDPCTPI","1","BART","sv","alm3","b","full-outl",0,0,0
"CRPS","GDPCTPI","1","BART","sv","alm3","f","full-outl",0,0,0
"CRPS","GDPCTPI","1","BART","sv","leg3","s","full-outl",1,1,2
"CRPS","GDPCTPI","1","BART","sv","leg3","b","full-outl",0,0,0
"CRPS","GDPCTPI","1","BART","sv","leg3","f","full-outl",1,1,2
"CRPS","GDPCTPI","1","BART","sv","leg5","s","full-outl",1,1,2
"CRPS","GDPCTPI","1","BART","sv","leg5","b","full-outl",1,1,2
"CRPS","GDPCTPI","1","BART","sv","leg5","f","full-outl",1,1,2
"CRPS","GDPCTPI","1","BART","sv","ber3","s","full-outl",1,1,2
"CRPS","GDPCTPI","1","BART","sv","ber3","b","full-outl",0,0,0
"CRPS","GDPCTPI","1","BART","sv","ber3","f","full-outl",0,0,0
"CRPS","GDPCTPI","1","BART","sv","ber5","s","full-outl",1,1,2
"CRPS","GDPCTPI","1","BART","sv","ber5","b","full-outl",0,0,0
"CRPS","GDPCTPI","1","BART","sv","ber5","f","full-outl",1,1,2
"CRPS","GDPCTPI","1","BART","sv","fou3","s","full-outl",0,1,1
"CRPS","GDPCTPI","1","BART","sv","fou3","b","full-outl",0,0,0
"CRPS","GDPCTPI","1","BART","sv","fou3","f","full-outl",0,0,0
"CRPS","GDPCTPI","1","GP","sv","blu","s","full-outl",1,1,2
"CRPS","GDPCTPI","1","GP","sv","blu","b","full-outl",1,1,2
"CRPS","GDPCTPI","1","GP","sv","blu","f","full-outl",1,1,2
"CRPS","GDPCTPI","1","GP","sv","svd","s","full-outl",1,1,2
"CRPS","GDPCTPI","1","GP","sv","svd","b","full-outl",1,1,2
"CRPS","GDPCTPI","1","GP","sv","svd","f","full-outl",1,1,2
"CRPS","GDPCTPI","1","GP","sv","br","s","full-outl",1,1,2
"CRPS","GDPCTPI","1","GP","sv","br","b","full-outl",1,1,2
"CRPS","GDPCTPI","1","GP","sv","br","f","full-outl",1,1,2
"CRPS","GDPCTPI","1","GP","sv","eq","s","full-outl",1,1,2
"CRPS","GDPCTPI","1","GP","sv","eq","b","full-outl",1,1,2
"CRPS","GDPCTPI","1","GP","sv","eq","f","full-outl",1,1,2
"CRPS","GDPCTPI","1","GP","sv","xalm","s","full-outl",1,1,2
"CRPS","GDPCTPI","1","GP","sv","xalm","b","full-outl",1,1,2
"CRPS","GDPCTPI","1","GP","sv","xalm","f","full-outl",1,1,2
"CRPS","GDPCTPI","1","GP","sv","alm3","s","full-outl",1,1,2
"CRPS","GDPCTPI","1","GP","sv","alm3","b","full-outl",0,0,0
"CRPS","GDPCTPI","1","GP","sv","alm3","f","full-outl",0,0,0
"CRPS","GDPCTPI","1","GP","sv","leg3","s","full-outl",1,1,2
"CRPS","GDPCTPI","1","GP","sv","leg3","b","full-outl",1,1,2
"CRPS","GDPCTPI","1","GP","sv","leg3","f","full-outl",0,0,0
"CRPS","GDPCTPI","1","GP","sv","leg5","s","full-outl",1,1,2
"CRPS","GDPCTPI","1","GP","sv","leg5","b","full-outl",1,1,2
"CRPS","GDPCTPI","1","GP","sv","leg5","f","full-outl",1,1,2
"CRPS","GDPCTPI","1","GP","sv","ber3","s","full-outl",1,1,2
"CRPS","GDPCTPI","1","GP","sv","ber3","b","full-outl",1,1,2
"CRPS","GDPCTPI","1","GP","sv","ber3","f","full-outl",0,0,0
"CRPS","GDPCTPI","1","GP","sv","ber5","s","full-outl",1,1,2
"CRPS","GDPCTPI","1","GP","sv","ber5","b","full-outl",0,1,1
"CRPS","GDPCTPI","1","GP","sv","ber5","f","full-outl",0,0,0
"CRPS","GDPCTPI","1","GP","sv","fou3","s","full-outl",1,1,2
"CRPS","GDPCTPI","1","GP","sv","fou3","b","full-outl",0,0,0
"CRPS","GDPCTPI","1","GP","sv","fou3","f","full-outl",0,0,0
"CRPS","GDPCTPI","1","MFVAR","hom","blu","s","full-outl",0,1,1
"CRPS","GDPCTPI","1","MFVAR","hom","blu","f","full-outl",0,0,0
"CRPS","GDPCTPI","1","MFVAR","sv","blu","s","full-outl",1,1,2
"CRPS","GDPCTPI","1","MFVAR","sv","blu","f","full-outl",0,0,0
"CRPS","GDPC1","2/3","BLR","hom","blu","s","full-outl",0,1,1
"CRPS","GDPC1","2/3","BLR","hom","blu","b","full-outl",0,0,0
"CRPS","GDPC1","2/3","BLR","hom","blu","f","full-outl",1,1,2
"CRPS","GDPC1","2/3","BLR","hom","svd","s","full-outl",0,0,0
"CRPS","GDPC1","2/3","BLR","hom","svd","b","full-outl",0,0,0
"CRPS","GDPC1","2/3","BLR","hom","svd","f","full-outl",0,0,0
"CRPS","GDPC1","2/3","BLR","hom","br","s","full-outl",1,1,2
"CRPS","GDPC1","2/3","BLR","hom","br","b","full-outl",0,0,0
"CRPS","GDPC1","2/3","BLR","hom","br","f","full-outl",1,1,2
"CRPS","GDPC1","2/3","BLR","hom","eq","s","full-outl",1,1,2
"CRPS","GDPC1","2/3","BLR","hom","eq","b","full-outl",1,1,2
"CRPS","GDPC1","2/3","BLR","hom","eq","f","full-outl",0,0,0
"CRPS","GDPC1","2/3","BLR","hom","xalm","s","full-outl",1,1,2
"CRPS","GDPC1","2/3","BLR","hom","xalm","b","full-outl",1,1,2
"CRPS","GDPC1","2/3","BLR","hom","xalm","f","full-outl",1,1,2
"CRPS","GDPC1","2/3","BLR","hom","alm3","s","full-outl",1,1,2
"CRPS","GDPC1","2/3","BLR","hom","alm3","b","full-outl",0,0,0
"CRPS","GDPC1","2/3","BLR","hom","alm3","f","full-outl",0,1,1
"CRPS","GDPC1","2/3","BLR","hom","leg3","s","full-outl",1,1,2
"CRPS","GDPC1","2/3","BLR","hom","leg3","b","full-outl",1,1,2
"CRPS","GDPC1","2/3","BLR","hom","leg3","f","full-outl",1,1,2
"CRPS","GDPC1","2/3","BLR","hom","leg5","s","full-outl",1,1,2
"CRPS","GDPC1","2/3","BLR","hom","leg5","b","full-outl",0,0,0
"CRPS","GDPC1","2/3","BLR","hom","leg5","f","full-outl",1,1,2
"CRPS","GDPC1","2/3","BLR","hom","ber3","s","full-outl",1,1,2
"CRPS","GDPC1","2/3","BLR","hom","ber3","b","full-outl",0,1,1
"CRPS","GDPC1","2/3","BLR","hom","ber3","f","full-outl",1,1,2
"CRPS","GDPC1","2/3","BLR","hom","ber5","s","full-outl",1,1,2
"CRPS","GDPC1","2/3","BLR","hom","ber5","b","full-outl",0,0,0
"CRPS","GDPC1","2/3","BLR","hom","ber5","f","full-outl",1,1,2
"CRPS","GDPC1","2/3","BLR","hom","fou3","s","full-outl",1,1,2
"CRPS","GDPC1","2/3","BLR","hom","fou3","b","full-outl",0,0,0
"CRPS","GDPC1","2/3","BLR","hom","fou3","f","full-outl",1,1,2
"CRPS","GDPC1","2/3","BART","hom","blu","s","full-outl",0,0,0
"CRPS","GDPC1","2/3","BART","hom","blu","b","full-outl",1,1,2
"CRPS","GDPC1","2/3","BART","hom","blu","f","full-outl",1,1,2
"CRPS","GDPC1","2/3","BART","hom","svd","s","full-outl",0,0,0
"CRPS","GDPC1","2/3","BART","hom","svd","b","full-outl",0,1,1
"CRPS","GDPC1","2/3","BART","hom","svd","f","full-outl",0,0,0
"CRPS","GDPC1","2/3","BART","hom","br","s","full-outl",1,1,2
"CRPS","GDPC1","2/3","BART","hom","br","b","full-outl",0,0,0
"CRPS","GDPC1","2/3","BART","hom","br","f","full-outl",0,0,0
"CRPS","GDPC1","2/3","BART","hom","eq","s","full-outl",1,1,2
"CRPS","GDPC1","2/3","BART","hom","eq","b","full-outl",0,0,0
"CRPS","GDPC1","2/3","BART","hom","eq","f","full-outl",0,1,1
"CRPS","GDPC1","2/3","BART","hom","xalm","s","full-outl",1,1,2
"CRPS","GDPC1","2/3","BART","hom","xalm","b","full-outl",0,0,0
"CRPS","GDPC1","2/3","BART","hom","xalm","f","full-outl",1,1,2
"CRPS","GDPC1","2/3","BART","hom","alm3","s","full-outl",0,0,0
"CRPS","GDPC1","2/3","BART","hom","alm3","b","full-outl",0,0,0
"CRPS","GDPC1","2/3","BART","hom","alm3","f","full-outl",0,0,0
"CRPS","GDPC1","2/3","BART","hom","leg3","s","full-outl",1,1,2
"CRPS","GDPC1","2/3","BART","hom","leg3","b","full-outl",1,1,2
"CRPS","GDPC1","2/3","BART","hom","leg3","f","full-outl",0,0,0
"CRPS","GDPC1","2/3","BART","hom","leg5","s","full-outl",1,1,2
"CRPS","GDPC1","2/3","BART","hom","leg5","b","full-outl",1,1,2
"CRPS","GDPC1","2/3","BART","hom","leg5","f","full-outl",0,1,1
"CRPS","GDPC1","2/3","BART","hom","ber3","s","full-outl",1,1,2
"CRPS","GDPC1","2/3","BART","hom","ber3","b","full-outl",0,1,1
"CRPS","GDPC1","2/3","BART","hom","ber3","f","full-outl",0,0,0
"CRPS","GDPC1","2/3","BART","hom","ber5","s","full-outl",0,0,0
"CRPS","GDPC1","2/3","BART","hom","ber5","b","full-outl",0,0,0
"CRPS","GDPC1","2/3","BART","hom","ber5","f","full-outl",0,0,0
"CRPS","GDPC1","2/3","BART","hom","fou3","s","full-outl",0,0,0
"CRPS","GDPC1","2/3","BART","hom","fou3","b","full-outl",0,1,1
"CRPS","GDPC1","2/3","BART","hom","fou3","f","full-outl",0,0,0
"CRPS","GDPC1","2/3","GP","hom","blu","s","full-outl",1,1,2
"CRPS","GDPC1","2/3","GP","hom","blu","b","full-outl",0,1,1
"CRPS","GDPC1","2/3","GP","hom","blu","f","full-outl",0,1,1
"CRPS","GDPC1","2/3","GP","hom","svd","s","full-outl",0,0,0
"CRPS","GDPC1","2/3","GP","hom","svd","b","full-outl",0,0,0
"CRPS","GDPC1","2/3","GP","hom","svd","f","full-outl",0,0,0
"CRPS","GDPC1","2/3","GP","hom","br","s","full-outl",1,1,2
"CRPS","GDPC1","2/3","GP","hom","br","b","full-outl",0,0,0
"CRPS","GDPC1","2/3","GP","hom","br","f","full-outl",1,1,2
"CRPS","GDPC1","2/3","GP","hom","eq","s","full-outl",1,1,2
"CRPS","GDPC1","2/3","GP","hom","eq","b","full-outl",0,0,0
"CRPS","GDPC1","2/3","GP","hom","eq","f","full-outl",0,0,0
"CRPS","GDPC1","2/3","GP","hom","xalm","s","full-outl",1,1,2
"CRPS","GDPC1","2/3","GP","hom","xalm","b","full-outl",1,1,2
"CRPS","GDPC1","2/3","GP","hom","xalm","f","full-outl",1,1,2
"CRPS","GDPC1","2/3","GP","hom","alm3","s","full-outl",0,0,0
"CRPS","GDPC1","2/3","GP","hom","alm3","b","full-outl",1,1,2
"CRPS","GDPC1","2/3","GP","hom","alm3","f","full-outl",0,0,0
"CRPS","GDPC1","2/3","GP","hom","leg3","s","full-outl",1,1,2
"CRPS","GDPC1","2/3","GP","hom","leg3","b","full-outl",0,0,0
"CRPS","GDPC1","2/3","GP","hom","leg3","f","full-outl",1,1,2
"CRPS","GDPC1","2/3","GP","hom","leg5","s","full-outl",1,1,2
"CRPS","GDPC1","2/3","GP","hom","leg5","b","full-outl",1,1,2
"CRPS","GDPC1","2/3","GP","hom","leg5","f","full-outl",0,0,0
"CRPS","GDPC1","2/3","GP","hom","ber3","s","full-outl",1,1,2
"CRPS","GDPC1","2/3","GP","hom","ber3","b","full-outl",1,1,2
"CRPS","GDPC1","2/3","GP","hom","ber3","f","full-outl",1,1,2
"CRPS","GDPC1","2/3","GP","hom","ber5","s","full-outl",1,1,2
"CRPS","GDPC1","2/3","GP","hom","ber5","b","full-outl",0,1,1
"CRPS","GDPC1","2/3","GP","hom","ber5","f","full-outl",1,1,2
"CRPS","GDPC1","2/3","GP","hom","fou3","s","full-outl",0,1,1
"CRPS","GDPC1","2/3","GP","hom","fou3","b","full-outl",0,1,1
"CRPS","GDPC1","2/3","GP","hom","fou3","f","full-outl",1,1,2
"CRPS","GDPC1","2/3","BLR","sv","blu","s","full-outl",0,1,1
"CRPS","GDPC1","2/3","BLR","sv","blu","b","full-outl",0,0,0
"CRPS","GDPC1","2/3","BLR","sv","blu","f","full-outl",1,1,2
"CRPS","GDPC1","2/3","BLR","sv","svd","s","full-outl",0,0,0
"CRPS","GDPC1","2/3","BLR","sv","svd","b","full-outl",0,0,0
"CRPS","GDPC1","2/3","BLR","sv","svd","f","full-outl",0,0,0
"CRPS","GDPC1","2/3","BLR","sv","br","s","full-outl",1,1,2
"CRPS","GDPC1","2/3","BLR","sv","br","b","full-outl",0,1,1
"CRPS","GDPC1","2/3","BLR","sv","br","f","full-outl",1,1,2
"CRPS","GDPC1","2/3","BLR","sv","eq","s","full-outl",1,1,2
"CRPS","GDPC1","2/3","BLR","sv","eq","b","full-outl",1,1,2
"CRPS","GDPC1","2/3","BLR","sv","eq","f","full-outl",0,1,1
"CRPS","GDPC1","2/3","BLR","sv","xalm","s","full-outl",1,1,2
"CRPS","GDPC1","2/3","BLR","sv","xalm","b","full-outl",1,1,2
"CRPS","GDPC1","2/3","BLR","sv","xalm","f","full-outl",1,1,2
"CRPS","GDPC1","2/3","BLR","sv","alm3","s","full-outl",1,1,2
"CRPS","GDPC1","2/3","BLR","sv","alm3","b","full-outl",0,0,0
"CRPS","GDPC1","2/3","BLR","sv","alm3","f","full-outl",1,1,2
"CRPS","GDPC1","2/3","BLR","sv","leg3","s","full-outl",1,1,2
"CRPS","GDPC1","2/3","BLR","sv","leg3","b","full-outl",0,1,1
"CRPS","GDPC1","2/3","BLR","sv","leg3","f","full-outl",1,1,2
"CRPS","GDPC1","2/3","BLR","sv","leg5","s","full-outl",1,1,2
"CRPS","GDPC1","2/3","BLR","sv","leg5","b","full-outl",0,0,0
"CRPS","GDPC1","2/3","BLR","sv","leg5","f","full-outl",1,1,2
"CRPS","GDPC1","2/3","BLR","sv","ber3","s","full-outl",1,1,2
"CRPS","GDPC1","2/3","BLR","sv","ber3","b","full-outl",0,0,0
"CRPS","GDPC1","2/3","BLR","sv","ber3","f","full-outl",1,1,2
"CRPS","GDPC1","2/3","BLR","sv","ber5","s","full-outl",1,1,2
"CRPS","GDPC1","2/3","BLR","sv","ber5","b","full-outl",0,0,0
"CRPS","GDPC1","2/3","BLR","sv","ber5","f","full-outl",1,1,2
"CRPS","GDPC1","2/3","BLR","sv","fou3","s","full-outl",1,1,2
"CRPS","GDPC1","2/3","BLR","sv","fou3","b","full-outl",0,0,0
"CRPS","GDPC1","2/3","BLR","sv","fou3","f","full-outl",1,1,2
"CRPS","GDPC1","2/3","BART","sv","blu","s","full-outl",0,0,0
"CRPS","GDPC1","2/3","BART","sv","blu","b","full-outl",1,1,2
"CRPS","GDPC1","2/3","BART","sv","blu","f","full-outl",1,1,2
"CRPS","GDPC1","2/3","BART","sv","svd","s","full-outl",0,1,1
"CRPS","GDPC1","2/3","BART","sv","svd","b","full-outl",0,0,0
"CRPS","GDPC1","2/3","BART","sv","svd","f","full-outl",0,1,1
"CRPS","GDPC1","2/3","BART","sv","br","s","full-outl",1,1,2
"CRPS","GDPC1","2/3","BART","sv","br","b","full-outl",0,0,0
"CRPS","GDPC1","2/3","BART","sv","br","f","full-outl",0,0,0
"CRPS","GDPC1","2/3","BART","sv","eq","s","full-outl",1,1,2
"CRPS","GDPC1","2/3","BART","sv","eq","b","full-outl",0,0,0
"CRPS","GDPC1","2/3","BART","sv","eq","f","full-outl",0,1,1
"CRPS","GDPC1","2/3","BART","sv","xalm","s","full-outl",0,0,0
"CRPS","GDPC1","2/3","BART","sv","xalm","b","full-outl",0,0,0
"CRPS","GDPC1","2/3","BART","sv","xalm","f","full-outl",0,0,0
"CRPS","GDPC1","2/3","BART","sv","alm3","s","full-outl",0,1,1
"CRPS","GDPC1","2/3","BART","sv","alm3","b","full-outl",0,0,0
"CRPS","GDPC1","2/3","BART","sv","alm3","f","full-outl",0,0,0
"CRPS","GDPC1","2/3","BART","sv","leg3","s","full-outl",1,1,2
"CRPS","GDPC1","2/3","BART","sv","leg3","b","full-outl",0,1,1
"CRPS","GDPC1","2/3","BART","sv","leg3","f","full-outl",0,1,1
"CRPS","GDPC1","2/3","BART","sv","leg5","s","full-outl",1,1,2
"CRPS","GDPC1","2/3","BART","sv","leg5","b","full-outl",1,1,2
"CRPS","GDPC1","2/3","BART","sv","leg5","f","full-outl",0,1,1
"CRPS","GDPC1","2/3","BART","sv","ber3","s","full-outl",0,1,1
"CRPS","GDPC1","2/3","BART","sv","ber3","b","full-outl",0,1,1
"CRPS","GDPC1","2/3","BART","sv","ber3","f","full-outl",0,1,1
"CRPS","GDPC1","2/3","BART","sv","ber5","s","full-outl",0,0,0
"CRPS","GDPC1","2/3","BART","sv","ber5","b","full-outl",0,0,0
"CRPS","GDPC1","2/3","BART","sv","ber5","f","full-outl",0,0,0
"CRPS","GDPC1","2/3","BART","sv","fou3","s","full-outl",0,1,1
"CRPS","GDPC1","2/3","BART","sv","fou3","b","full-outl",0,0,0
"CRPS","GDPC1","2/3","BART","sv","fou3","f","full-outl",0,0,0
"CRPS","GDPC1","2/3","GP","sv","blu","s","full-outl",1,1,2
"CRPS","GDPC1","2/3","GP","sv","blu","b","full-outl",1,1,2
"CRPS","GDPC1","2/3","GP","sv","blu","f","full-outl",1,1,2
"CRPS","GDPC1","2/3","GP","sv","svd","s","full-outl",1,1,2
"CRPS","GDPC1","2/3","GP","sv","svd","b","full-outl",1,1,2
"CRPS","GDPC1","2/3","GP","sv","svd","f","full-outl",1,1,2
"CRPS","GDPC1","2/3","GP","sv","br","s","full-outl",1,1,2
"CRPS","GDPC1","2/3","GP","sv","br","b","full-outl",1,1,2
"CRPS","GDPC1","2/3","GP","sv","br","f","full-outl",1,1,2
"CRPS","GDPC1","2/3","GP","sv","eq","s","full-outl",1,1,2
"CRPS","GDPC1","2/3","GP","sv","eq","b","full-outl",1,1,2
"CRPS","GDPC1","2/3","GP","sv","eq","f","full-outl",1,1,2
"CRPS","GDPC1","2/3","GP","sv","xalm","s","full-outl",1,1,2
"CRPS","GDPC1","2/3","GP","sv","xalm","b","full-outl",1,1,2
"CRPS","GDPC1","2/3","GP","sv","xalm","f","full-outl",1,1,2
"CRPS","GDPC1","2/3","GP","sv","alm3","s","full-outl",1,1,2
"CRPS","GDPC1","2/3","GP","sv","alm3","b","full-outl",1,1,2
"CRPS","GDPC1","2/3","GP","sv","alm3","f","full-outl",1,1,2
"CRPS","GDPC1","2/3","GP","sv","leg3","s","full-outl",1,1,2
"CRPS","GDPC1","2/3","GP","sv","leg3","b","full-outl",1,1,2
"CRPS","GDPC1","2/3","GP","sv","leg3","f","full-outl",1,1,2
"CRPS","GDPC1","2/3","GP","sv","leg5","s","full-outl",1,1,2
"CRPS","GDPC1","2/3","GP","sv","leg5","b","full-outl",1,1,2
"CRPS","GDPC1","2/3","GP","sv","leg5","f","full-outl",1,1,2
"CRPS","GDPC1","2/3","GP","sv","ber3","s","full-outl",1,1,2
"CRPS","GDPC1","2/3","GP","sv","ber3","b","full-outl",1,1,2
"CRPS","GDPC1","2/3","GP","sv","ber3","f","full-outl",1,1,2
"CRPS","GDPC1","2/3","GP","sv","ber5","s","full-outl",1,1,2
"CRPS","GDPC1","2/3","GP","sv","ber5","b","full-outl",1,1,2
"CRPS","GDPC1","2/3","GP","sv","ber5","f","full-outl",1,1,2
"CRPS","GDPC1","2/3","GP","sv","fou3","s","full-outl",1,1,2
"CRPS","GDPC1","2/3","GP","sv","fou3","b","full-outl",1,1,2
"CRPS","GDPC1","2/3","GP","sv","fou3","f","full-outl",1,1,2
"CRPS","GDPC1","2/3","MFVAR","hom","blu","s","full-outl",1,1,2
"CRPS","GDPC1","2/3","MFVAR","hom","blu","f","full-outl",1,1,2
"CRPS","GDPC1","2/3","MFVAR","sv","blu","s","full-outl",1,1,2
"CRPS","GDPC1","2/3","MFVAR","sv","blu","f","full-outl",1,1,2
"CRPS","GDPCTPI","2/3","BLR","hom","blu","s","full-outl",1,1,2
"CRPS","GDPCTPI","2/3","BLR","hom","blu","b","full-outl",0,0,0
"CRPS","GDPCTPI","2/3","BLR","hom","blu","f","full-outl",1,1,2
"CRPS","GDPCTPI","2/3","BLR","hom","svd","s","full-outl",0,0,0
"CRPS","GDPCTPI","2/3","BLR","hom","svd","b","full-outl",0,0,0
"CRPS","GDPCTPI","2/3","BLR","hom","svd","f","full-outl",1,1,2
"CRPS","GDPCTPI","2/3","BLR","hom","br","s","full-outl",0,0,0
"CRPS","GDPCTPI","2/3","BLR","hom","br","b","full-outl",0,1,1
"CRPS","GDPCTPI","2/3","BLR","hom","br","f","full-outl",0,0,0
"CRPS","GDPCTPI","2/3","BLR","hom","eq","s","full-outl",1,1,2
"CRPS","GDPCTPI","2/3","BLR","hom","eq","b","full-outl",1,1,2
"CRPS","GDPCTPI","2/3","BLR","hom","eq","f","full-outl",0,1,1
"CRPS","GDPCTPI","2/3","BLR","hom","xalm","s","full-outl",1,1,2
"CRPS","GDPCTPI","2/3","BLR","hom","xalm","b","full-outl",1,1,2
"CRPS","GDPCTPI","2/3","BLR","hom","xalm","f","full-outl",1,1,2
"CRPS","GDPCTPI","2/3","BLR","hom","alm3","s","full-outl",0,0,0
"CRPS","GDPCTPI","2/3","BLR","hom","alm3","b","full-outl",0,0,0
"CRPS","GDPCTPI","2/3","BLR","hom","alm3","f","full-outl",0,0,0
"CRPS","GDPCTPI","2/3","BLR","hom","leg3","s","full-outl",1,1,2
"CRPS","GDPCTPI","2/3","BLR","hom","leg3","b","full-outl",0,0,0
"CRPS","GDPCTPI","2/3","BLR","hom","leg3","f","full-outl",1,1,2
"CRPS","GDPCTPI","2/3","BLR","hom","leg5","s","full-outl",1,1,2
"CRPS","GDPCTPI","2/3","BLR","hom","leg5","b","full-outl",0,0,0
"CRPS","GDPCTPI","2/3","BLR","hom","leg5","f","full-outl",1,1,2
"CRPS","GDPCTPI","2/3","BLR","hom","ber3","s","full-outl",0,0,0
"CRPS","GDPCTPI","2/3","BLR","hom","ber3","b","full-outl",0,1,1
"CRPS","GDPCTPI","2/3","BLR","hom","ber3","f","full-outl",1,1,2
"CRPS","GDPCTPI","2/3","BLR","hom","ber5","s","full-outl",1,1,2
"CRPS","GDPCTPI","2/3","BLR","hom","ber5","b","full-outl",0,0,0
"CRPS","GDPCTPI","2/3","BLR","hom","ber5","f","full-outl",1,1,2
"CRPS","GDPCTPI","2/3","BLR","hom","fou3","s","full-outl",0,0,0
"CRPS","GDPCTPI","2/3","BLR","hom","fou3","b","full-outl",0,0,0
"CRPS","GDPCTPI","2/3","BLR","hom","fou3","f","full-outl",0,1,1
"CRPS","GDPCTPI","2/3","BART","hom","blu","s","full-outl",0,1,1
"CRPS","GDPCTPI","2/3","BART","hom","blu","b","full-outl",1,1,2
"CRPS","GDPCTPI","2/3","BART","hom","blu","f","full-outl",0,0,0
"CRPS","GDPCTPI","2/3","BART","hom","svd","s","full-outl",0,0,0
"CRPS","GDPCTPI","2/3","BART","hom","svd","b","full-outl",0,0,0
"CRPS","GDPCTPI","2/3","BART","hom","svd","f","full-outl",0,0,0
"CRPS","GDPCTPI","2/3","BART","hom","br","s","full-outl",0,0,0
"CRPS","GDPCTPI","2/3","BART","hom","br","b","full-outl",1,1,2
"CRPS","GDPCTPI","2/3","BART","hom","br","f","full-outl",0,0,0
"CRPS","GDPCTPI","2/3","BART","hom","eq","s","full-outl",0,0,0
"CRPS","GDPCTPI","2/3","BART","hom","eq","b","full-outl",1,1,2
"CRPS","GDPCTPI","2/3","BART","hom","eq","f","full-outl",0,0,0
"CRPS","GDPCTPI","2/3","BART","hom","xalm","s","full-outl",0,0,0
"CRPS","GDPCTPI","2/3","BART","hom","xalm","b","full-outl",1,1,2
"CRPS","GDPCTPI","2/3","BART","hom","xalm","f","full-outl",0,0,0
"CRPS","GDPCTPI","2/3","BART","hom","alm3","s","full-outl",0,0,0
"CRPS","GDPCTPI","2/3","BART","hom","alm3","b","full-outl",1,1,2
"CRPS","GDPCTPI","2/3","BART","hom","alm3","f","full-outl",0,0,0
"CRPS","GDPCTPI","2/3","BART","hom","leg3","s","full-outl",0,1,1
"CRPS","GDPCTPI","2/3","BART","hom","leg3","b","full-outl",1,1,2
"CRPS","GDPCTPI","2/3","BART","hom","leg3","f","full-outl",0,1,1
"CRPS","GDPCTPI","2/3","BART","hom","leg5","s","full-outl",0,0,0
"CRPS","GDPCTPI","2/3","BART","hom","leg5","b","full-outl",1,1,2
"CRPS","GDPCTPI","2/3","BART","hom","leg5","f","full-outl",0,1,1
"CRPS","GDPCTPI","2/3","BART","hom","ber3","s","full-outl",1,1,2
"CRPS","GDPCTPI","2/3","BART","hom","ber3","b","full-outl",1,1,2
"CRPS","GDPCTPI","2/3","BART","hom","ber3","f","full-outl",0,1,1
"CRPS","GDPCTPI","2/3","BART","hom","ber5","s","full-outl",0,1,1
"CRPS","GDPCTPI","2/3","BART","hom","ber5","b","full-outl",1,1,2
"CRPS","GDPCTPI","2/3","BART","hom","ber5","f","full-outl",0,0,0
"CRPS","GDPCTPI","2/3","BART","hom","fou3","s","full-outl",0,1,1
"CRPS","GDPCTPI","2/3","BART","hom","fou3","b","full-outl",1,1,2
"CRPS","GDPCTPI","2/3","BART","hom","fou3","f","full-outl",0,0,0
"CRPS","GDPCTPI","2/3","GP","hom","blu","s","full-outl",0,0,0
"CRPS","GDPCTPI","2/3","GP","hom","blu","b","full-outl",0,0,0
"CRPS","GDPCTPI","2/3","GP","hom","blu","f","full-outl",0,0,0
"CRPS","GDPCTPI","2/3","GP","hom","svd","s","full-outl",1,1,2
"CRPS","GDPCTPI","2/3","GP","hom","svd","b","full-outl",1,1,2
"CRPS","GDPCTPI","2/3","GP","hom","svd","f","full-outl",1,1,2
"CRPS","GDPCTPI","2/3","GP","hom","br","s","full-outl",0,0,0
"CRPS","GDPCTPI","2/3","GP","hom","br","b","full-outl",0,0,0
"CRPS","GDPCTPI","2/3","GP","hom","br","f","full-outl",1,1,2
"CRPS","GDPCTPI","2/3","GP","hom","eq","s","full-outl",1,1,2
"CRPS","GDPCTPI","2/3","GP","hom","eq","b","full-outl",1,1,2
"CRPS","GDPCTPI","2/3","GP","hom","eq","f","full-outl",1,1,2
"CRPS","GDPCTPI","2/3","GP","hom","xalm","s","full-outl",1,1,2
"CRPS","GDPCTPI","2/3","GP","hom","xalm","b","full-outl",1,1,2
"CRPS","GDPCTPI","2/3","GP","hom","xalm","f","full-outl",1,1,2
"CRPS","GDPCTPI","2/3","GP","hom","alm3","s","full-outl",0,0,0
"CRPS","GDPCTPI","2/3","GP","hom","alm3","b","full-outl",1,1,2
"CRPS","GDPCTPI","2/3","GP","hom","alm3","f","full-outl",1,1,2
"CRPS","GDPCTPI","2/3","GP","hom","leg3","s","full-outl",0,0,0
"CRPS","GDPCTPI","2/3","GP","hom","leg3","b","full-outl",0,0,0
"CRPS","GDPCTPI","2/3","GP","hom","leg3","f","full-outl",0,1,1
"CRPS","GDPCTPI","2/3","GP","hom","leg5","s","full-outl",0,0,0
"CRPS","GDPCTPI","2/3","GP","hom","leg5","b","full-outl",0,0,0
"CRPS","GDPCTPI","2/3","GP","hom","leg5","f","full-outl",0,0,0
"CRPS","GDPCTPI","2/3","GP","hom","ber3","s","full-outl",0,0,0
"CRPS","GDPCTPI","2/3","GP","hom","ber3","b","full-outl",1,1,2
"CRPS","GDPCTPI","2/3","GP","hom","ber3","f","full-outl",1,1,2
"CRPS","GDPCTPI","2/3","GP","hom","ber5","s","full-outl",0,0,0
"CRPS","GDPCTPI","2/3","GP","hom","ber5","b","full-outl",0,0,0
"CRPS","GDPCTPI","2/3","GP","hom","ber5","f","full-outl",1,1,2
"CRPS","GDPCTPI","2/3","GP","hom","fou3","s","full-outl",0,0,0
"CRPS","GDPCTPI","2/3","GP","hom","fou3","b","full-outl",1,1,2
"CRPS","GDPCTPI","2/3","GP","hom","fou3","f","full-outl",0,1,1
"CRPS","GDPCTPI","2/3","BLR","sv","blu","s","full-outl",1,1,2
"CRPS","GDPCTPI","2/3","BLR","sv","blu","b","full-outl",0,0,0
"CRPS","GDPCTPI","2/3","BLR","sv","blu","f","full-outl",1,1,2
"CRPS","GDPCTPI","2/3","BLR","sv","svd","s","full-outl",1,1,2
"CRPS","GDPCTPI","2/3","BLR","sv","svd","b","full-outl",1,1,2
"CRPS","GDPCTPI","2/3","BLR","sv","svd","f","full-outl",1,1,2
"CRPS","GDPCTPI","2/3","BLR","sv","br","s","full-outl",1,1,2
"CRPS","GDPCTPI","2/3","BLR","sv","br","b","full-outl",1,1,2
"CRPS","GDPCTPI","2/3","BLR","sv","br","f","full-outl",1,1,2
"CRPS","GDPCTPI","2/3","BLR","sv","eq","s","full-outl",1,1,2
"CRPS","GDPCTPI","2/3","BLR","sv","eq","b","full-outl",1,1,2
"CRPS","GDPCTPI","2/3","BLR","sv","eq","f","full-outl",1,1,2
"CRPS","GDPCTPI","2/3","BLR","sv","xalm","s","full-outl",1,1,2
"CRPS","GDPCTPI","2/3","BLR","sv","xalm","b","full-outl",1,1,2
"CRPS","GDPCTPI","2/3","BLR","sv","xalm","f","full-outl",1,1,2
"CRPS","GDPCTPI","2/3","BLR","sv","alm3","s","full-outl",0,1,1
"CRPS","GDPCTPI","2/3","BLR","sv","alm3","b","full-outl",1,1,2
"CRPS","GDPCTPI","2/3","BLR","sv","alm3","f","full-outl",1,1,2
"CRPS","GDPCTPI","2/3","BLR","sv","leg3","s","full-outl",1,1,2
"CRPS","GDPCTPI","2/3","BLR","sv","leg3","b","full-outl",1,1,2
"CRPS","GDPCTPI","2/3","BLR","sv","leg3","f","full-outl",1,1,2
"CRPS","GDPCTPI","2/3","BLR","sv","leg5","s","full-outl",1,1,2
"CRPS","GDPCTPI","2/3","BLR","sv","leg5","b","full-outl",0,0,0
"CRPS","GDPCTPI","2/3","BLR","sv","leg5","f","full-outl",1,1,2
"CRPS","GDPCTPI","2/3","BLR","sv","ber3","s","full-outl",0,1,1
"CRPS","GDPCTPI","2/3","BLR","sv","ber3","b","full-outl",1,1,2
"CRPS","GDPCTPI","2/3","BLR","sv","ber3","f","full-outl",1,1,2
"CRPS","GDPCTPI","2/3","BLR","sv","ber5","s","full-outl",1,1,2
"CRPS","GDPCTPI","2/3","BLR","sv","ber5","b","full-outl",0,1,1
"CRPS","GDPCTPI","2/3","BLR","sv","ber5","f","full-outl",1,1,2
"CRPS","GDPCTPI","2/3","BLR","sv","fou3","s","full-outl",1,1,2
"CRPS","GDPCTPI","2/3","BLR","sv","fou3","b","full-outl",1,1,2
"CRPS","GDPCTPI","2/3","BLR","sv","fou3","f","full-outl",1,1,2
"CRPS","GDPCTPI","2/3","BART","sv","blu","s","full-outl",0,0,0
"CRPS","GDPCTPI","2/3","BART","sv","blu","b","full-outl",0,0,0
"CRPS","GDPCTPI","2/3","BART","sv","blu","f","full-outl",0,0,0
"CRPS","GDPCTPI","2/3","BART","sv","svd","s","full-outl",0,0,0
"CRPS","GDPCTPI","2/3","BART","sv","svd","b","full-outl",0,0,0
"CRPS","GDPCTPI","2/3","BART","sv","svd","f","full-outl",0,0,0
"CRPS","GDPCTPI","2/3","BART","sv","br","s","full-outl",0,0,0
"CRPS","GDPCTPI","2/3","BART","sv","br","b","full-outl",0,0,0
"CRPS","GDPCTPI","2/3","BART","sv","br","f","full-outl",0,0,0
"CRPS","GDPCTPI","2/3","BART","sv","eq","s","full-outl",0,0,0
"CRPS","GDPCTPI","2/3","BART","sv","eq","b","full-outl",1,1,2
"CRPS","GDPCTPI","2/3","BART","sv","eq","f","full-outl",0,0,0
"CRPS","GDPCTPI","2/3","BART","sv","xalm","s","full-outl",0,1,1
"CRPS","GDPCTPI","2/3","BART","sv","xalm","b","full-outl",1,1,2
"CRPS","GDPCTPI","2/3","BART","sv","xalm","f","full-outl",0,1,1
"CRPS","GDPCTPI","2/3","BART","sv","alm3","s","full-outl",0,0,0
"CRPS","GDPCTPI","2/3","BART","sv","alm3","b","full-outl",0,1,1
"CRPS","GDPCTPI","2/3","BART","sv","alm3","f","full-outl",0,0,0
"CRPS","GDPCTPI","2/3","BART","sv","leg3","s","full-outl",0,0,0
"CRPS","GDPCTPI","2/3","BART","sv","leg3","b","full-outl",0,0,0
"CRPS","GDPCTPI","2/3","BART","sv","leg3","f","full-outl",0,0,0
"CRPS","GDPCTPI","2/3","BART","sv","leg5","s","full-outl",0,0,0
"CRPS","GDPCTPI","2/3","BART","sv","leg5","b","full-outl",1,1,2
"CRPS","GDPCTPI","2/3","BART","sv","leg5","f","full-outl",1,1,2
"CRPS","GDPCTPI","2/3","BART","sv","ber3","s","full-outl",1,1,2
"CRPS","GDPCTPI","2/3","BART","sv","ber3","b","full-outl",0,0,0
"CRPS","GDPCTPI","2/3","BART","sv","ber3","f","full-outl",0,1,1
"CRPS","GDPCTPI","2/3","BART","sv","ber5","s","full-outl",0,1,1
"CRPS","GDPCTPI","2/3","BART","sv","ber5","b","full-outl",0,0,0
"CRPS","GDPCTPI","2/3","BART","sv","ber5","f","full-outl",0,0,0
"CRPS","GDPCTPI","2/3","BART","sv","fou3","s","full-outl",0,1,1
"CRPS","GDPCTPI","2/3","BART","sv","fou3","b","full-outl",1,1,2
"CRPS","GDPCTPI","2/3","BART","sv","fou3","f","full-outl",0,0,0
"CRPS","GDPCTPI","2/3","GP","sv","blu","s","full-outl",0,0,0
"CRPS","GDPCTPI","2/3","GP","sv","blu","b","full-outl",0,0,0
"CRPS","GDPCTPI","2/3","GP","sv","blu","f","full-outl",0,0,0
"CRPS","GDPCTPI","2/3","GP","sv","svd","s","full-outl",1,1,2
"CRPS","GDPCTPI","2/3","GP","sv","svd","b","full-outl",1,1,2
"CRPS","GDPCTPI","2/3","GP","sv","svd","f","full-outl",1,1,2
"CRPS","GDPCTPI","2/3","GP","sv","br","s","full-outl",0,1,1
"CRPS","GDPCTPI","2/3","GP","sv","br","b","full-outl",0,1,1
"CRPS","GDPCTPI","2/3","GP","sv","br","f","full-outl",1,1,2
"CRPS","GDPCTPI","2/3","GP","sv","eq","s","full-outl",1,1,2
"CRPS","GDPCTPI","2/3","GP","sv","eq","b","full-outl",1,1,2
"CRPS","GDPCTPI","2/3","GP","sv","eq","f","full-outl",1,1,2
"CRPS","GDPCTPI","2/3","GP","sv","xalm","s","full-outl",1,1,2
"CRPS","GDPCTPI","2/3","GP","sv","xalm","b","full-outl",1,1,2
"CRPS","GDPCTPI","2/3","GP","sv","xalm","f","full-outl",1,1,2
"CRPS","GDPCTPI","2/3","GP","sv","alm3","s","full-outl",0,0,0
"CRPS","GDPCTPI","2/3","GP","sv","alm3","b","full-outl",1,1,2
"CRPS","GDPCTPI","2/3","GP","sv","alm3","f","full-outl",0,0,0
"CRPS","GDPCTPI","2/3","GP","sv","leg3","s","full-outl",0,1,1
"CRPS","GDPCTPI","2/3","GP","sv","leg3","b","full-outl",0,0,0
"CRPS","GDPCTPI","2/3","GP","sv","leg3","f","full-outl",0,1,1
"CRPS","GDPCTPI","2/3","GP","sv","leg5","s","full-outl",0,0,0
"CRPS","GDPCTPI","2/3","GP","sv","leg5","b","full-outl",0,0,0
"CRPS","GDPCTPI","2/3","GP","sv","leg5","f","full-outl",0,1,1
"CRPS","GDPCTPI","2/3","GP","sv","ber3","s","full-outl",0,1,1
"CRPS","GDPCTPI","2/3","GP","sv","ber3","b","full-outl",1,1,2
"CRPS","GDPCTPI","2/3","GP","sv","ber3","f","full-outl",1,1,2
"CRPS","GDPCTPI","2/3","GP","sv","ber5","s","full-outl",1,1,2
"CRPS","GDPCTPI","2/3","GP","sv","ber5","b","full-outl",1,1,2
"CRPS","GDPCTPI","2/3","GP","sv","ber5","f","full-outl",1,1,2
"CRPS","GDPCTPI","2/3","GP","sv","fou3","s","full-outl",0,0,0
"CRPS","GDPCTPI","2/3","GP","sv","fou3","b","full-outl",1,1,2
"CRPS","GDPCTPI","2/3","GP","sv","fou3","f","full-outl",0,1,1
"CRPS","GDPCTPI","2/3","MFVAR","hom","blu","s","full-outl",0,0,0
"CRPS","GDPCTPI","2/3","MFVAR","hom","blu","f","full-outl",0,0,0
"CRPS","GDPCTPI","2/3","MFVAR","sv","blu","s","full-outl",0,0,0
"CRPS","GDPCTPI","2/3","MFVAR","sv","blu","f","full-outl",0,0,0
"CRPS","GDPC1","1/3","BLR","hom","blu","s","full-outl",1,1,2
"CRPS","GDPC1","1/3","BLR","hom","blu","b","full-outl",0,0,0
"CRPS","GDPC1","1/3","BLR","hom","blu","f","full-outl",0,1,1
"CRPS","GDPC1","1/3","BLR","hom","svd","s","full-outl",0,0,0
"CRPS","GDPC1","1/3","BLR","hom","svd","b","full-outl",0,0,0
"CRPS","GDPC1","1/3","BLR","hom","svd","f","full-outl",0,0,0
"CRPS","GDPC1","1/3","BLR","hom","br","s","full-outl",1,1,2
"CRPS","GDPC1","1/3","BLR","hom","br","b","full-outl",0,1,1
"CRPS","GDPC1","1/3","BLR","hom","br","f","full-outl",0,1,1
"CRPS","GDPC1","1/3","BLR","hom","eq","s","full-outl",1,1,2
"CRPS","GDPC1","1/3","BLR","hom","eq","b","full-outl",1,1,2
"CRPS","GDPC1","1/3","BLR","hom","eq","f","full-outl",0,1,1
"CRPS","GDPC1","1/3","BLR","hom","xalm","s","full-outl",1,1,2
"CRPS","GDPC1","1/3","BLR","hom","xalm","b","full-outl",1,1,2
"CRPS","GDPC1","1/3","BLR","hom","xalm","f","full-outl",0,0,0
"CRPS","GDPC1","1/3","BLR","hom","alm3","s","full-outl",1,1,2
"CRPS","GDPC1","1/3","BLR","hom","alm3","b","full-outl",0,0,0
"CRPS","GDPC1","1/3","BLR","hom","alm3","f","full-outl",0,1,1
"CRPS","GDPC1","1/3","BLR","hom","leg3","s","full-outl",1,1,2
"CRPS","GDPC1","1/3","BLR","hom","leg3","b","full-outl",1,1,2
"CRPS","GDPC1","1/3","BLR","hom","leg3","f","full-outl",0,0,0
"CRPS","GDPC1","1/3","BLR","hom","leg5","s","full-outl",1,1,2
"CRPS","GDPC1","1/3","BLR","hom","leg5","b","full-outl",0,0,0
"CRPS","GDPC1","1/3","BLR","hom","leg5","f","full-outl",0,0,0
"CRPS","GDPC1","1/3","BLR","hom","ber3","s","full-outl",1,1,2
"CRPS","GDPC1","1/3","BLR","hom","ber3","b","full-outl",1,1,2
"CRPS","GDPC1","1/3","BLR","hom","ber3","f","full-outl",1,1,2
"CRPS","GDPC1","1/3","BLR","hom","ber5","s","full-outl",1,1,2
"CRPS","GDPC1","1/3","BLR","hom","ber5","b","full-outl",1,1,2
"CRPS","GDPC1","1/3","BLR","hom","ber5","f","full-outl",1,1,2
"CRPS","GDPC1","1/3","BLR","hom","fou3","s","full-outl",1,1,2
"CRPS","GDPC1","1/3","BLR","hom","fou3","b","full-outl",0,0,0
"CRPS","GDPC1","1/3","BLR","hom","fou3","f","full-outl",0,1,1
"CRPS","GDPC1","1/3","BART","hom","blu","s","full-outl",1,1,2
"CRPS","GDPC1","1/3","BART","hom","blu","b","full-outl",0,1,1
"CRPS","GDPC1","1/3","BART","hom","blu","f","full-outl",1,1,2
"CRPS","GDPC1","1/3","BART","hom","svd","s","full-outl",0,0,0
"CRPS","GDPC1","1/3","BART","hom","svd","b","full-outl",0,0,0
"CRPS","GDPC1","1/3","BART","hom","svd","f","full-outl",0,0,0
"CRPS","GDPC1","1/3","BART","hom","br","s","full-outl",1,1,2
"CRPS","GDPC1","1/3","BART","hom","br","b","full-outl",0,1,1
"CRPS","GDPC1","1/3","BART","hom","br","f","full-outl",0,1,1
"CRPS","GDPC1","1/3","BART","hom","eq","s","full-outl",0,1,1
"CRPS","GDPC1","1/3","BART","hom","eq","b","full-outl",0,0,0
"CRPS","GDPC1","1/3","BART","hom","eq","f","full-outl",0,0,0
"CRPS","GDPC1","1/3","BART","hom","xalm","s","full-outl",1,1,2
"CRPS","GDPC1","1/3","BART","hom","xalm","b","full-outl",0,1,1
"CRPS","GDPC1","1/3","BART","hom","xalm","f","full-outl",0,1,1
"CRPS","GDPC1","1/3","BART","hom","alm3","s","full-outl",0,0,0
"CRPS","GDPC1","1/3","BART","hom","alm3","b","full-outl",0,0,0
"CRPS","GDPC1","1/3","BART","hom","alm3","f","full-outl",0,0,0
"CRPS","GDPC1","1/3","BART","hom","leg3","s","full-outl",0,0,0
"CRPS","GDPC1","1/3","BART","hom","leg3","b","full-outl",0,1,1
"CRPS","GDPC1","1/3","BART","hom","leg3","f","full-outl",0,0,0
"CRPS","GDPC1","1/3","BART","hom","leg5","s","full-outl",0,0,0
"CRPS","GDPC1","1/3","BART","hom","leg5","b","full-outl",0,1,1
"CRPS","GDPC1","1/3","BART","hom","leg5","f","full-outl",0,0,0
"CRPS","GDPC1","1/3","BART","hom","ber3","s","full-outl",1,1,2
"CRPS","GDPC1","1/3","BART","hom","ber3","b","full-outl",0,0,0
"CRPS","GDPC1","1/3","BART","hom","ber3","f","full-outl",0,1,1
"CRPS","GDPC1","1/3","BART","hom","ber5","s","full-outl",1,1,2
"CRPS","GDPC1","1/3","BART","hom","ber5","b","full-outl",0,0,0
"CRPS","GDPC1","1/3","BART","hom","ber5","f","full-outl",0,1,1
"CRPS","GDPC1","1/3","BART","hom","fou3","s","full-outl",1,1,2
"CRPS","GDPC1","1/3","BART","hom","fou3","b","full-outl",0,1,1
"CRPS","GDPC1","1/3","BART","hom","fou3","f","full-outl",0,0,0
"CRPS","GDPC1","1/3","GP","hom","blu","s","full-outl",1,1,2
"CRPS","GDPC1","1/3","GP","hom","blu","b","full-outl",0,0,0
"CRPS","GDPC1","1/3","GP","hom","blu","f","full-outl",0,0,0
"CRPS","GDPC1","1/3","GP","hom","svd","s","full-outl",0,0,0
"CRPS","GDPC1","1/3","GP","hom","svd","b","full-outl",0,0,0
"CRPS","GDPC1","1/3","GP","hom","svd","f","full-outl",0,0,0
"CRPS","GDPC1","1/3","GP","hom","br","s","full-outl",1,1,2
"CRPS","GDPC1","1/3","GP","hom","br","b","full-outl",0,0,0
"CRPS","GDPC1","1/3","GP","hom","br","f","full-outl",0,1,1
"CRPS","GDPC1","1/3","GP","hom","eq","s","full-outl",1,1,2
"CRPS","GDPC1","1/3","GP","hom","eq","b","full-outl",0,1,1
"CRPS","GDPC1","1/3","GP","hom","eq","f","full-outl",0,0,0
"CRPS","GDPC1","1/3","GP","hom","xalm","s","full-outl",1,1,2
"CRPS","GDPC1","1/3","GP","hom","xalm","b","full-outl",0,1,1
"CRPS","GDPC1","1/3","GP","hom","xalm","f","full-outl",0,0,0
"CRPS","GDPC1","1/3","GP","hom","alm3","s","full-outl",0,0,0
"CRPS","GDPC1","1/3","GP","hom","alm3","b","full-outl",0,0,0
"CRPS","GDPC1","1/3","GP","hom","alm3","f","full-outl",0,0,0
"CRPS","GDPC1","1/3","GP","hom","leg3","s","full-outl",1,1,2
"CRPS","GDPC1","1/3","GP","hom","leg3","b","full-outl",1,1,2
"CRPS","GDPC1","1/3","GP","hom","leg3","f","full-outl",0,0,0
"CRPS","GDPC1","1/3","GP","hom","leg5","s","full-outl",1,1,2
"CRPS","GDPC1","1/3","GP","hom","leg5","b","full-outl",0,0,0
"CRPS","GDPC1","1/3","GP","hom","leg5","f","full-outl",0,0,0
"CRPS","GDPC1","1/3","GP","hom","ber3","s","full-outl",1,1,2
"CRPS","GDPC1","1/3","GP","hom","ber3","b","full-outl",0,1,1
"CRPS","GDPC1","1/3","GP","hom","ber3","f","full-outl",0,1,1
"CRPS","GDPC1","1/3","GP","hom","ber5","s","full-outl",1,1,2
"CRPS","GDPC1","1/3","GP","hom","ber5","b","full-outl",0,1,1
"CRPS","GDPC1","1/3","GP","hom","ber5","f","full-outl",0,1,1
"CRPS","GDPC1","1/3","GP","hom","fou3","s","full-outl",0,1,1
"CRPS","GDPC1","1/3","GP","hom","fou3","b","full-outl",0,0,0
"CRPS","GDPC1","1/3","GP","hom","fou3","f","full-outl",0,0,0
"CRPS","GDPC1","1/3","BLR","sv","blu","s","full-outl",1,1,2
"CRPS","GDPC1","1/3","BLR","sv","blu","b","full-outl",0,0,0
"CRPS","GDPC1","1/3","BLR","sv","blu","f","full-outl",0,1,1
"CRPS","GDPC1","1/3","BLR","sv","svd","s","full-outl",0,0,0
"CRPS","GDPC1","1/3","BLR","sv","svd","b","full-outl",0,0,0
"CRPS","GDPC1","1/3","BLR","sv","svd","f","full-outl",0,0,0
"CRPS","GDPC1","1/3","BLR","sv","br","s","full-outl",1,1,2
"CRPS","GDPC1","1/3","BLR","sv","br","b","full-outl",0,1,1
"CRPS","GDPC1","1/3","BLR","sv","br","f","full-outl",0,1,1
"CRPS","GDPC1","1/3","BLR","sv","eq","s","full-outl",1,1,2
"CRPS","GDPC1","1/3","BLR","sv","eq","b","full-outl",1,1,2
"CRPS","GDPC1","1/3","BLR","sv","eq","f","full-outl",0,1,1
"CRPS","GDPC1","1/3","BLR","sv","xalm","s","full-outl",1,1,2
"CRPS","GDPC1","1/3","BLR","sv","xalm","b","full-outl",1,1,2
"CRPS","GDPC1","1/3","BLR","sv","xalm","f","full-outl",0,0,0
"CRPS","GDPC1","1/3","BLR","sv","alm3","s","full-outl",1,1,2
"CRPS","GDPC1","1/3","BLR","sv","alm3","b","full-outl",0,0,0
"CRPS","GDPC1","1/3","BLR","sv","alm3","f","full-outl",0,1,1
"CRPS","GDPC1","1/3","BLR","sv","leg3","s","full-outl",1,1,2
"CRPS","GDPC1","1/3","BLR","sv","leg3","b","full-outl",1,1,2
"CRPS","GDPC1","1/3","BLR","sv","leg3","f","full-outl",0,0,0
"CRPS","GDPC1","1/3","BLR","sv","leg5","s","full-outl",1,1,2
"CRPS","GDPC1","1/3","BLR","sv","leg5","b","full-outl",0,0,0
"CRPS","GDPC1","1/3","BLR","sv","leg5","f","full-outl",0,0,0
"CRPS","GDPC1","1/3","BLR","sv","ber3","s","full-outl",1,1,2
"CRPS","GDPC1","1/3","BLR","sv","ber3","b","full-outl",1,1,2
"CRPS","GDPC1","1/3","BLR","sv","ber3","f","full-outl",1,1,2
"CRPS","GDPC1","1/3","BLR","sv","ber5","s","full-outl",1,1,2
"CRPS","GDPC1","1/3","BLR","sv","ber5","b","full-outl",1,1,2
"CRPS","GDPC1","1/3","BLR","sv","ber5","f","full-outl",1,1,2
"CRPS","GDPC1","1/3","BLR","sv","fou3","s","full-outl",1,1,2
"CRPS","GDPC1","1/3","BLR","sv","fou3","b","full-outl",0,1,1
"CRPS","GDPC1","1/3","BLR","sv","fou3","f","full-outl",0,1,1
"CRPS","GDPC1","1/3","BART","sv","blu","s","full-outl",1,1,2
"CRPS","GDPC1","1/3","BART","sv","blu","b","full-outl",0,1,1
"CRPS","GDPC1","1/3","BART","sv","blu","f","full-outl",1,1,2
"CRPS","GDPC1","1/3","BART","sv","svd","s","full-outl",0,0,0
"CRPS","GDPC1","1/3","BART","sv","svd","b","full-outl",0,0,0
"CRPS","GDPC1","1/3","BART","sv","svd","f","full-outl",0,0,0
"CRPS","GDPC1","1/3","BART","sv","br","s","full-outl",1,1,2
"CRPS","GDPC1","1/3","BART","sv","br","b","full-outl",0,0,0
"CRPS","GDPC1","1/3","BART","sv","br","f","full-outl",0,1,1
"CRPS","GDPC1","1/3","BART","sv","eq","s","full-outl",0,0,0
"CRPS","GDPC1","1/3","BART","sv","eq","b","full-outl",0,0,0
"CRPS","GDPC1","1/3","BART","sv","eq","f","full-outl",0,0,0
"CRPS","GDPC1","1/3","BART","sv","xalm","s","full-outl",1,1,2
"CRPS","GDPC1","1/3","BART","sv","xalm","b","full-outl",0,1,1
"CRPS","GDPC1","1/3","BART","sv","xalm","f","full-outl",0,0,0
"CRPS","GDPC1","1/3","BART","sv","alm3","s","full-outl",0,0,0
"CRPS","GDPC1","1/3","BART","sv","alm3","b","full-outl",0,0,0
"CRPS","GDPC1","1/3","BART","sv","alm3","f","full-outl",0,0,0
"CRPS","GDPC1","1/3","BART","sv","leg3","s","full-outl",0,0,0
"CRPS","GDPC1","1/3","BART","sv","leg3","b","full-outl",1,1,2
"CRPS","GDPC1","1/3","BART","sv","leg3","f","full-outl",0,0,0
"CRPS","GDPC1","1/3","BART","sv","leg5","s","full-outl",0,1,1
"CRPS","GDPC1","1/3","BART","sv","leg5","b","full-outl",1,1,2
"CRPS","GDPC1","1/3","BART","sv","leg5","f","full-outl",0,0,0
"CRPS","GDPC1","1/3","BART","sv","ber3","s","full-outl",1,1,2
"CRPS","GDPC1","1/3","BART","sv","ber3","b","full-outl",0,1,1
"CRPS","GDPC1","1/3","BART","sv","ber3","f","full-outl",0,1,1
"CRPS","GDPC1","1/3","BART","sv","ber5","s","full-outl",1,1,2
"CRPS","GDPC1","1/3","BART","sv","ber5","b","full-outl",0,1,1
"CRPS","GDPC1","1/3","BART","sv","ber5","f","full-outl",0,1,1
"CRPS","GDPC1","1/3","BART","sv","fou3","s","full-outl",0,1,1
"CRPS","GDPC1","1/3","BART","sv","fou3","b","full-outl",0,1,1
"CRPS","GDPC1","1/3","BART","sv","fou3","f","full-outl",0,0,0
"CRPS","GDPC1","1/3","GP","sv","blu","s","full-outl",0,1,1
"CRPS","GDPC1","1/3","GP","sv","blu","b","full-outl",0,0,0
"CRPS","GDPC1","1/3","GP","sv","blu","f","full-outl",0,0,0
"CRPS","GDPC1","1/3","GP","sv","svd","s","full-outl",0,0,0
"CRPS","GDPC1","1/3","GP","sv","svd","b","full-outl",0,0,0
"CRPS","GDPC1","1/3","GP","sv","svd","f","full-outl",0,0,0
"CRPS","GDPC1","1/3","GP","sv","br","s","full-outl",1,1,2
"CRPS","GDPC1","1/3","GP","sv","br","b","full-outl",0,0,0
"CRPS","GDPC1","1/3","GP","sv","br","f","full-outl",0,1,1
"CRPS","GDPC1","1/3","GP","sv","eq","s","full-outl",1,1,2
"CRPS","GDPC1","1/3","GP","sv","eq","b","full-outl",0,1,1
"CRPS","GDPC1","1/3","GP","sv","eq","f","full-outl",0,1,1
"CRPS","GDPC1","1/3","GP","sv","xalm","s","full-outl",1,1,2
"CRPS","GDPC1","1/3","GP","sv","xalm","b","full-outl",1,1,2
"CRPS","GDPC1","1/3","GP","sv","xalm","f","full-outl",0,1,1
"CRPS","GDPC1","1/3","GP","sv","alm3","s","full-outl",0,0,0
"CRPS","GDPC1","1/3","GP","sv","alm3","b","full-outl",0,0,0
"CRPS","GDPC1","1/3","GP","sv","alm3","f","full-outl",0,1,1
"CRPS","GDPC1","1/3","GP","sv","leg3","s","full-outl",1,1,2
"CRPS","GDPC1","1/3","GP","sv","leg3","b","full-outl",0,1,1
"CRPS","GDPC1","1/3","GP","sv","leg3","f","full-outl",0,0,0
"CRPS","GDPC1","1/3","GP","sv","leg5","s","full-outl",1,1,2
"CRPS","GDPC1","1/3","GP","sv","leg5","b","full-outl",0,0,0
"CRPS","GDPC1","1/3","GP","sv","leg5","f","full-outl",0,0,0
"CRPS","GDPC1","1/3","GP","sv","ber3","s","full-outl",1,1,2
"CRPS","GDPC1","1/3","GP","sv","ber3","b","full-outl",0,1,1
"CRPS","GDPC1","1/3","GP","sv","ber3","f","full-outl",0,1,1
"CRPS","GDPC1","1/3","GP","sv","ber5","s","full-outl",1,1,2
"CRPS","GDPC1","1/3","GP","sv","ber5","b","full-outl",0,1,1
"CRPS","GDPC1","1/3","GP","sv","ber5","f","full-outl",0,1,1
"CRPS","GDPC1","1/3","GP","sv","fou3","s","full-outl",0,0,0
"CRPS","GDPC1","1/3","GP","sv","fou3","b","full-outl",0,0,0
"CRPS","GDPC1","1/3","GP","sv","fou3","f","full-outl",0,1,1
"CRPS","GDPC1","1/3","MFVAR","hom","blu","s","full-outl",1,1,2
"CRPS","GDPC1","1/3","MFVAR","hom","blu","f","full-outl",1,1,2
"CRPS","GDPC1","1/3","MFVAR","sv","blu","s","full-outl",0,0,0
"CRPS","GDPC1","1/3","MFVAR","sv","blu","f","full-outl",0,1,1
"CRPS","GDPCTPI","1/3","BLR","hom","blu","s","full-outl",0,0,0
"CRPS","GDPCTPI","1/3","BLR","hom","blu","b","full-outl",0,0,0
"CRPS","GDPCTPI","1/3","BLR","hom","blu","f","full-outl",1,1,2
"CRPS","GDPCTPI","1/3","BLR","hom","svd","s","full-outl",0,0,0
"CRPS","GDPCTPI","1/3","BLR","hom","svd","b","full-outl",0,0,0
"CRPS","GDPCTPI","1/3","BLR","hom","svd","f","full-outl",0,0,0
"CRPS","GDPCTPI","1/3","BLR","hom","br","s","full-outl",0,0,0
"CRPS","GDPCTPI","1/3","BLR","hom","br","b","full-outl",1,1,2
"CRPS","GDPCTPI","1/3","BLR","hom","br","f","full-outl",1,1,2
"CRPS","GDPCTPI","1/3","BLR","hom","eq","s","full-outl",0,0,0
"CRPS","GDPCTPI","1/3","BLR","hom","eq","b","full-outl",1,1,2
"CRPS","GDPCTPI","1/3","BLR","hom","eq","f","full-outl",0,0,0
"CRPS","GDPCTPI","1/3","BLR","hom","xalm","s","full-outl",0,0,0
"CRPS","GDPCTPI","1/3","BLR","hom","xalm","b","full-outl",0,1,1
"CRPS","GDPCTPI","1/3","BLR","hom","xalm","f","full-outl",0,1,1
"CRPS","GDPCTPI","1/3","BLR","hom","alm3","s","full-outl",0,0,0
"CRPS","GDPCTPI","1/3","BLR","hom","alm3","b","full-outl",1,1,2
"CRPS","GDPCTPI","1/3","BLR","hom","alm3","f","full-outl",0,0,0
"CRPS","GDPCTPI","1/3","BLR","hom","leg3","s","full-outl",0,1,1
"CRPS","GDPCTPI","1/3","BLR","hom","leg3","b","full-outl",0,0,0
"CRPS","GDPCTPI","1/3","BLR","hom","leg3","f","full-outl",0,0,0
"CRPS","GDPCTPI","1/3","BLR","hom","leg5","s","full-outl",0,0,0
"CRPS","GDPCTPI","1/3","BLR","hom","leg5","b","full-outl",0,0,0
"CRPS","GDPCTPI","1/3","BLR","hom","leg5","f","full-outl",0,0,0
"CRPS","GDPCTPI","1/3","BLR","hom","ber3","s","full-outl",0,0,0
"CRPS","GDPCTPI","1/3","BLR","hom","ber3","b","full-outl",1,1,2
"CRPS","GDPCTPI","1/3","BLR","hom","ber3","f","full-outl",0,0,0
"CRPS","GDPCTPI","1/3","BLR","hom","ber5","s","full-outl",0,0,0
"CRPS","GDPCTPI","1/3","BLR","hom","ber5","b","full-outl",1,1,2
"CRPS","GDPCTPI","1/3","BLR","hom","ber5","f","full-outl",0,1,1
"CRPS","GDPCTPI","1/3","BLR","hom","fou3","s","full-outl",0,0,0
"CRPS","GDPCTPI","1/3","BLR","hom","fou3","b","full-outl",1,1,2
"CRPS","GDPCTPI","1/3","BLR","hom","fou3","f","full-outl",0,0,0
"CRPS","GDPCTPI","1/3","BART","hom","blu","s","full-outl",1,1,2
"CRPS","GDPCTPI","1/3","BART","hom","blu","b","full-outl",0,1,1
"CRPS","GDPCTPI","1/3","BART","hom","blu","f","full-outl",0,0,0
"CRPS","GDPCTPI","1/3","BART","hom","svd","s","full-outl",0,0,0
"CRPS","GDPCTPI","1/3","BART","hom","svd","b","full-outl",0,0,0
"CRPS","GDPCTPI","1/3","BART","hom","svd","f","full-outl",0,0,0
"CRPS","GDPCTPI","1/3","BART","hom","br","s","full-outl",1,1,2
"CRPS","GDPCTPI","1/3","BART","hom","br","b","full-outl",1,1,2
"CRPS","GDPCTPI","1/3","BART","hom","br","f","full-outl",0,0,0
"CRPS","GDPCTPI","1/3","BART","hom","eq","s","full-outl",0,0,0
"CRPS","GDPCTPI","1/3","BART","hom","eq","b","full-outl",1,1,2
"CRPS","GDPCTPI","1/3","BART","hom","eq","f","full-outl",0,0,0
"CRPS","GDPCTPI","1/3","BART","hom","xalm","s","full-outl",0,0,0
"CRPS","GDPCTPI","1/3","BART","hom","xalm","b","full-outl",1,1,2
"CRPS","GDPCTPI","1/3","BART","hom","xalm","f","full-outl",0,0,0
"CRPS","GDPCTPI","1/3","BART","hom","alm3","s","full-outl",0,1,1
"CRPS","GDPCTPI","1/3","BART","hom","alm3","b","full-outl",0,0,0
"CRPS","GDPCTPI","1/3","BART","hom","alm3","f","full-outl",0,0,0
"CRPS","GDPCTPI","1/3","BART","hom","leg3","s","full-outl",0,0,0
"CRPS","GDPCTPI","1/3","BART","hom","leg3","b","full-outl",1,1,2
"CRPS","GDPCTPI","1/3","BART","hom","leg3","f","full-outl",0,0,0
"CRPS","GDPCTPI","1/3","BART","hom","leg5","s","full-outl",0,0,0
"CRPS","GDPCTPI","1/3","BART","hom","leg5","b","full-outl",1,1,2
"CRPS","GDPCTPI","1/3","BART","hom","leg5","f","full-outl",0,0,0
"CRPS","GDPCTPI","1/3","BART","hom","ber3","s","full-outl",0,1,1
"CRPS","GDPCTPI","1/3","BART","hom","ber3","b","full-outl",1,1,2
"CRPS","GDPCTPI","1/3","BART","hom","ber3","f","full-outl",0,0,0
"CRPS","GDPCTPI","1/3","BART","hom","ber5","s","full-outl",1,1,2
"CRPS","GDPCTPI","1/3","BART","hom","ber5","b","full-outl",1,1,2
"CRPS","GDPCTPI","1/3","BART","hom","ber5","f","full-outl",0,0,0
"CRPS","GDPCTPI","1/3","BART","hom","fou3","s","full-outl",0,0,0
"CRPS","GDPCTPI","1/3","BART","hom","fou3","b","full-outl",1,1,2
"CRPS","GDPCTPI","1/3","BART","hom","fou3","f","full-outl",0,0,0
"CRPS","GDPCTPI","1/3","GP","hom","blu","s","full-outl",0,0,0
"CRPS","GDPCTPI","1/3","GP","hom","blu","b","full-outl",0,0,0
"CRPS","GDPCTPI","1/3","GP","hom","blu","f","full-outl",0,0,0
"CRPS","GDPCTPI","1/3","GP","hom","svd","s","full-outl",0,0,0
"CRPS","GDPCTPI","1/3","GP","hom","svd","b","full-outl",0,0,0
"CRPS","GDPCTPI","1/3","GP","hom","svd","f","full-outl",0,0,0
"CRPS","GDPCTPI","1/3","GP","hom","br","s","full-outl",1,1,2
"CRPS","GDPCTPI","1/3","GP","hom","br","b","full-outl",0,0,0
"CRPS","GDPCTPI","1/3","GP","hom","br","f","full-outl",1,1,2
"CRPS","GDPCTPI","1/3","GP","hom","eq","s","full-outl",0,0,0
"CRPS","GDPCTPI","1/3","GP","hom","eq","b","full-outl",1,1,2
"CRPS","GDPCTPI","1/3","GP","hom","eq","f","full-outl",0,0,0
"CRPS","GDPCTPI","1/3","GP","hom","xalm","s","full-outl",1,1,2
"CRPS","GDPCTPI","1/3","GP","hom","xalm","b","full-outl",1,1,2
"CRPS","GDPCTPI","1/3","GP","hom","xalm","f","full-outl",1,1,2
"CRPS","GDPCTPI","1/3","GP","hom","alm3","s","full-outl",0,0,0
"CRPS","GDPCTPI","1/3","GP","hom","alm3","b","full-outl",0,0,0
"CRPS","GDPCTPI","1/3","GP","hom","alm3","f","full-outl",0,0,0
"CRPS","GDPCTPI","1/3","GP","hom","leg3","s","full-outl",0,0,0
"CRPS","GDPCTPI","1/3","GP","hom","leg3","b","full-outl",0,0,0
"CRPS","GDPCTPI","1/3","GP","hom","leg3","f","full-outl",0,0,0
"CRPS","GDPCTPI","1/3","GP","hom","leg5","s","full-outl",0,0,0
"CRPS","GDPCTPI","1/3","GP","hom","leg5","b","full-outl",0,0,0
"CRPS","GDPCTPI","1/3","GP","hom","leg5","f","full-outl",0,0,0
"CRPS","GDPCTPI","1/3","GP","hom","ber3","s","full-outl",1,1,2
"CRPS","GDPCTPI","1/3","GP","hom","ber3","b","full-outl",1,1,2
"CRPS","GDPCTPI","1/3","GP","hom","ber3","f","full-outl",1,1,2
"CRPS","GDPCTPI","1/3","GP","hom","ber5","s","full-outl",1,1,2
"CRPS","GDPCTPI","1/3","GP","hom","ber5","b","full-outl",0,0,0
"CRPS","GDPCTPI","1/3","GP","hom","ber5","f","full-outl",0,1,1
"CRPS","GDPCTPI","1/3","GP","hom","fou3","s","full-outl",0,0,0
"CRPS","GDPCTPI","1/3","GP","hom","fou3","b","full-outl",1,1,2
"CRPS","GDPCTPI","1/3","GP","hom","fou3","f","full-outl",0,1,1
"CRPS","GDPCTPI","1/3","BLR","sv","blu","s","full-outl",0,1,1
"CRPS","GDPCTPI","1/3","BLR","sv","blu","b","full-outl",0,0,0
"CRPS","GDPCTPI","1/3","BLR","sv","blu","f","full-outl",1,1,2
"CRPS","GDPCTPI","1/3","BLR","sv","svd","s","full-outl",0,1,1
"CRPS","GDPCTPI","1/3","BLR","sv","svd","b","full-outl",0,0,0
"CRPS","GDPCTPI","1/3","BLR","sv","svd","f","full-outl",1,1,2
"CRPS","GDPCTPI","1/3","BLR","sv","br","s","full-outl",1,1,2
"CRPS","GDPCTPI","1/3","BLR","sv","br","b","full-outl",1,1,2
"CRPS","GDPCTPI","1/3","BLR","sv","br","f","full-outl",1,1,2
"CRPS","GDPCTPI","1/3","BLR","sv","eq","s","full-outl",1,1,2
"CRPS","GDPCTPI","1/3","BLR","sv","eq","b","full-outl",1,1,2
"CRPS","GDPCTPI","1/3","BLR","sv","eq","f","full-outl",1,1,2
"CRPS","GDPCTPI","1/3","BLR","sv","xalm","s","full-outl",1,1,2
"CRPS","GDPCTPI","1/3","BLR","sv","xalm","b","full-outl",1,1,2
"CRPS","GDPCTPI","1/3","BLR","sv","xalm","f","full-outl",1,1,2
"CRPS","GDPCTPI","1/3","BLR","sv","alm3","s","full-outl",1,1,2
"CRPS","GDPCTPI","1/3","BLR","sv","alm3","b","full-outl",1,1,2
"CRPS","GDPCTPI","1/3","BLR","sv","alm3","f","full-outl",1,1,2
"CRPS","GDPCTPI","1/3","BLR","sv","leg3","s","full-outl",1,1,2
"CRPS","GDPCTPI","1/3","BLR","sv","leg3","b","full-outl",0,0,0
"CRPS","GDPCTPI","1/3","BLR","sv","leg3","f","full-outl",1,1,2
"CRPS","GDPCTPI","1/3","BLR","sv","leg5","s","full-outl",1,1,2
"CRPS","GDPCTPI","1/3","BLR","sv","leg5","b","full-outl",0,0,0
"CRPS","GDPCTPI","1/3","BLR","sv","leg5","f","full-outl",1,1,2
"CRPS","GDPCTPI","1/3","BLR","sv","ber3","s","full-outl",1,1,2
"CRPS","GDPCTPI","1/3","BLR","sv","ber3","b","full-outl",1,1,2
"CRPS","GDPCTPI","1/3","BLR","sv","ber3","f","full-outl",1,1,2
"CRPS","GDPCTPI","1/3","BLR","sv","ber5","s","full-outl",1,1,2
"CRPS","GDPCTPI","1/3","BLR","sv","ber5","b","full-outl",1,1,2
"CRPS","GDPCTPI","1/3","BLR","sv","ber5","f","full-outl",1,1,2
"CRPS","GDPCTPI","1/3","BLR","sv","fou3","s","full-outl",1,1,2
"CRPS","GDPCTPI","1/3","BLR","sv","fou3","b","full-outl",1,1,2
"CRPS","GDPCTPI","1/3","BLR","sv","fou3","f","full-outl",1,1,2
"CRPS","GDPCTPI","1/3","BART","sv","blu","s","full-outl",0,0,0
"CRPS","GDPCTPI","1/3","BART","sv","blu","b","full-outl",0,0,0
"CRPS","GDPCTPI","1/3","BART","sv","blu","f","full-outl",0,0,0
"CRPS","GDPCTPI","1/3","BART","sv","svd","s","full-outl",0,0,0
"CRPS","GDPCTPI","1/3","BART","sv","svd","b","full-outl",0,0,0
"CRPS","GDPCTPI","1/3","BART","sv","svd","f","full-outl",0,0,0
"CRPS","GDPCTPI","1/3","BART","sv","br","s","full-outl",1,1,2
"CRPS","GDPCTPI","1/3","BART","sv","br","b","full-outl",0,0,0
"CRPS","GDPCTPI","1/3","BART","sv","br","f","full-outl",0,0,0
"CRPS","GDPCTPI","1/3","BART","sv","eq","s","full-outl",1,1,2
"CRPS","GDPCTPI","1/3","BART","sv","eq","b","full-outl",1,1,2
"CRPS","GDPCTPI","1/3","BART","sv","eq","f","full-outl",0,0,0
"CRPS","GDPCTPI","1/3","BART","sv","xalm","s","full-outl",0,0,0
"CRPS","GDPCTPI","1/3","BART","sv","xalm","b","full-outl",0,0,0
"CRPS","GDPCTPI","1/3","BART","sv","xalm","f","full-outl",0,0,0
"CRPS","GDPCTPI","1/3","BART","sv","alm3","s","full-outl",0,0,0
"CRPS","GDPCTPI","1/3","BART","sv","alm3","b","full-outl",0,0,0
"CRPS","GDPCTPI","1/3","BART","sv","alm3","f","full-outl",0,0,0
"CRPS","GDPCTPI","1/3","BART","sv","leg3","s","full-outl",0,0,0
"CRPS","GDPCTPI","1/3","BART","sv","leg3","b","full-outl",1,1,2
"CRPS","GDPCTPI","1/3","BART","sv","leg3","f","full-outl",0,0,0
"CRPS","GDPCTPI","1/3","BART","sv","leg5","s","full-outl",0,0,0
"CRPS","GDPCTPI","1/3","BART","sv","leg5","b","full-outl",0,0,0
"CRPS","GDPCTPI","1/3","BART","sv","leg5","f","full-outl",0,0,0
"CRPS","GDPCTPI","1/3","BART","sv","ber3","s","full-outl",1,1,2
"CRPS","GDPCTPI","1/3","BART","sv","ber3","b","full-outl",0,0,0
"CRPS","GDPCTPI","1/3","BART","sv","ber3","f","full-outl",0,0,0
"CRPS","GDPCTPI","1/3","BART","sv","ber5","s","full-outl",1,1,2
"CRPS","GDPCTPI","1/3","BART","sv","ber5","b","full-outl",0,0,0
"CRPS","GDPCTPI","1/3","BART","sv","ber5","f","full-outl",0,0,0
"CRPS","GDPCTPI","1/3","BART","sv","fou3","s","full-outl",0,0,0
"CRPS","GDPCTPI","1/3","BART","sv","fou3","b","full-outl",1,1,2
"CRPS","GDPCTPI","1/3","BART","sv","fou3","f","full-outl",0,0,0
"CRPS","GDPCTPI","1/3","GP","sv","blu","s","full-outl",0,1,1
"CRPS","GDPCTPI","1/3","GP","sv","blu","b","full-outl",0,0,0
"CRPS","GDPCTPI","1/3","GP","sv","blu","f","full-outl",0,0,0
"CRPS","GDPCTPI","1/3","GP","sv","svd","s","full-outl",1,1,2
"CRPS","GDPCTPI","1/3","GP","sv","svd","b","full-outl",1,1,2
"CRPS","GDPCTPI","1/3","GP","sv","svd","f","full-outl",1,1,2
"CRPS","GDPCTPI","1/3","GP","sv","br","s","full-outl",1,1,2
"CRPS","GDPCTPI","1/3","GP","sv","br","b","full-outl",0,0,0
"CRPS","GDPCTPI","1/3","GP","sv","br","f","full-outl",1,1,2
"CRPS","GDPCTPI","1/3","GP","sv","eq","s","full-outl",1,1,2
"CRPS","GDPCTPI","1/3","GP","sv","eq","b","full-outl",1,1,2
"CRPS","GDPCTPI","1/3","GP","sv","eq","f","full-outl",1,1,2
"CRPS","GDPCTPI","1/3","GP","sv","xalm","s","full-outl",1,1,2
"CRPS","GDPCTPI","1/3","GP","sv","xalm","b","full-outl",1,1,2
"CRPS","GDPCTPI","1/3","GP","sv","xalm","f","full-outl",1,1,2
"CRPS","GDPCTPI","1/3","GP","sv","alm3","s","full-outl",1,1,2
"CRPS","GDPCTPI","1/3","GP","sv","alm3","b","full-outl",1,1,2
"CRPS","GDPCTPI","1/3","GP","sv","alm3","f","full-outl",1,1,2
"CRPS","GDPCTPI","1/3","GP","sv","leg3","s","full-outl",0,0,0
"CRPS","GDPCTPI","1/3","GP","sv","leg3","b","full-outl",0,0,0
"CRPS","GDPCTPI","1/3","GP","sv","leg3","f","full-outl",0,1,1
"CRPS","GDPCTPI","1/3","GP","sv","leg5","s","full-outl",0,0,0
"CRPS","GDPCTPI","1/3","GP","sv","leg5","b","full-outl",0,0,0
"CRPS","GDPCTPI","1/3","GP","sv","leg5","f","full-outl",0,0,0
"CRPS","GDPCTPI","1/3","GP","sv","ber3","s","full-outl",1,1,2
"CRPS","GDPCTPI","1/3","GP","sv","ber3","b","full-outl",1,1,2
"CRPS","GDPCTPI","1/3","GP","sv","ber3","f","full-outl",0,1,1
"CRPS","GDPCTPI","1/3","GP","sv","ber5","s","full-outl",1,1,2
"CRPS","GDPCTPI","1/3","GP","sv","ber5","b","full-outl",1,1,2
"CRPS","GDPCTPI","1/3","GP","sv","ber5","f","full-outl",0,0,0
"CRPS","GDPCTPI","1/3","GP","sv","fou3","s","full-outl",1,1,2
"CRPS","GDPCTPI","1/3","GP","sv","fou3","b","full-outl",1,1,2
"CRPS","GDPCTPI","1/3","GP","sv","fou3","f","full-outl",1,1,2
"CRPS","GDPCTPI","1/3","MFVAR","hom","blu","s","full-outl",0,0,0
"CRPS","GDPCTPI","1/3","MFVAR","hom","blu","f","full-outl",0,0,0
"CRPS","GDPCTPI","1/3","MFVAR","sv","blu","s","full-outl",0,0,0
"CRPS","GDPCTPI","1/3","MFVAR","sv","blu","f","full-outl",0,0,0
"CRPS","GDPC1","0","BLR","hom","blu","s","full-outl",1,1,2
"CRPS","GDPC1","0","BLR","hom","blu","b","full-outl",0,0,0
"CRPS","GDPC1","0","BLR","hom","blu","f","full-outl",0,0,0
"CRPS","GDPC1","0","BLR","hom","svd","s","full-outl",0,0,0
"CRPS","GDPC1","0","BLR","hom","svd","b","full-outl",0,0,0
"CRPS","GDPC1","0","BLR","hom","svd","f","full-outl",0,0,0
"CRPS","GDPC1","0","BLR","hom","br","s","full-outl",1,1,2
"CRPS","GDPC1","0","BLR","hom","br","b","full-outl",1,1,2
"CRPS","GDPC1","0","BLR","hom","br","f","full-outl",0,1,1
"CRPS","GDPC1","0","BLR","hom","eq","s","full-outl",1,1,2
"CRPS","GDPC1","0","BLR","hom","eq","b","full-outl",1,1,2
"CRPS","GDPC1","0","BLR","hom","eq","f","full-outl",0,0,0
"CRPS","GDPC1","0","BLR","hom","xalm","s","full-outl",1,1,2
"CRPS","GDPC1","0","BLR","hom","xalm","b","full-outl",1,1,2
"CRPS","GDPC1","0","BLR","hom","xalm","f","full-outl",0,0,0
"CRPS","GDPC1","0","BLR","hom","alm3","s","full-outl",1,1,2
"CRPS","GDPC1","0","BLR","hom","alm3","b","full-outl",0,0,0
"CRPS","GDPC1","0","BLR","hom","alm3","f","full-outl",0,0,0
"CRPS","GDPC1","0","BLR","hom","leg3","s","full-outl",1,1,2
"CRPS","GDPC1","0","BLR","hom","leg3","b","full-outl",0,1,1
"CRPS","GDPC1","0","BLR","hom","leg3","f","full-outl",0,0,0
"CRPS","GDPC1","0","BLR","hom","leg5","s","full-outl",1,1,2
"CRPS","GDPC1","0","BLR","hom","leg5","b","full-outl",0,0,0
"CRPS","GDPC1","0","BLR","hom","leg5","f","full-outl",0,0,0
"CRPS","GDPC1","0","BLR","hom","ber3","s","full-outl",1,1,2
"CRPS","GDPC1","0","BLR","hom","ber3","b","full-outl",0,1,1
"CRPS","GDPC1","0","BLR","hom","ber3","f","full-outl",0,0,0
"CRPS","GDPC1","0","BLR","hom","ber5","s","full-outl",1,1,2
"CRPS","GDPC1","0","BLR","hom","ber5","b","full-outl",0,1,1
"CRPS","GDPC1","0","BLR","hom","ber5","f","full-outl",0,0,0
"CRPS","GDPC1","0","BLR","hom","fou3","s","full-outl",1,1,2
"CRPS","GDPC1","0","BLR","hom","fou3","b","full-outl",0,0,0
"CRPS","GDPC1","0","BLR","hom","fou3","f","full-outl",0,0,0
"CRPS","GDPC1","0","BART","hom","blu","s","full-outl",0,1,1
"CRPS","GDPC1","0","BART","hom","blu","b","full-outl",0,1,1
"CRPS","GDPC1","0","BART","hom","blu","f","full-outl",0,1,1
"CRPS","GDPC1","0","BART","hom","svd","s","full-outl",0,0,0
"CRPS","GDPC1","0","BART","hom","svd","b","full-outl",0,0,0
"CRPS","GDPC1","0","BART","hom","svd","f","full-outl",0,0,0
"CRPS","GDPC1","0","BART","hom","br","s","full-outl",1,1,2
"CRPS","GDPC1","0","BART","hom","br","b","full-outl",0,0,0
"CRPS","GDPC1","0","BART","hom","br","f","full-outl",0,0,0
"CRPS","GDPC1","0","BART","hom","eq","s","full-outl",0,1,1
"CRPS","GDPC1","0","BART","hom","eq","b","full-outl",0,0,0
"CRPS","GDPC1","0","BART","hom","eq","f","full-outl",0,0,0
"CRPS","GDPC1","0","BART","hom","xalm","s","full-outl",1,1,2
"CRPS","GDPC1","0","BART","hom","xalm","b","full-outl",0,0,0
"CRPS","GDPC1","0","BART","hom","xalm","f","full-outl",0,0,0
"CRPS","GDPC1","0","BART","hom","alm3","s","full-outl",0,0,0
"CRPS","GDPC1","0","BART","hom","alm3","b","full-outl",0,0,0
"CRPS","GDPC1","0","BART","hom","alm3","f","full-outl",0,0,0
"CRPS","GDPC1","0","BART","hom","leg3","s","full-outl",0,1,1
"CRPS","GDPC1","0","BART","hom","leg3","b","full-outl",0,0,0
"CRPS","GDPC1","0","BART","hom","leg3","f","full-outl",0,0,0
"CRPS","GDPC1","0","BART","hom","leg5","s","full-outl",1,1,2
"CRPS","GDPC1","0","BART","hom","leg5","b","full-outl",0,0,0
"CRPS","GDPC1","0","BART","hom","leg5","f","full-outl",0,0,0
"CRPS","GDPC1","0","BART","hom","ber3","s","full-outl",0,0,0
"CRPS","GDPC1","0","BART","hom","ber3","b","full-outl",0,0,0
"CRPS","GDPC1","0","BART","hom","ber3","f","full-outl",0,0,0
"CRPS","GDPC1","0","BART","hom","ber5","s","full-outl",0,0,0
"CRPS","GDPC1","0","BART","hom","ber5","b","full-outl",0,0,0
"CRPS","GDPC1","0","BART","hom","ber5","f","full-outl",0,0,0
"CRPS","GDPC1","0","BART","hom","fou3","s","full-outl",0,1,1
"CRPS","GDPC1","0","BART","hom","fou3","b","full-outl",0,0,0
"CRPS","GDPC1","0","BART","hom","fou3","f","full-outl",0,0,0
"CRPS","GDPC1","0","GP","hom","blu","s","full-outl",1,1,2
"CRPS","GDPC1","0","GP","hom","blu","b","full-outl",0,0,0
"CRPS","GDPC1","0","GP","hom","blu","f","full-outl",0,0,0
"CRPS","GDPC1","0","GP","hom","svd","s","full-outl",0,0,0
"CRPS","GDPC1","0","GP","hom","svd","b","full-outl",0,0,0
"CRPS","GDPC1","0","GP","hom","svd","f","full-outl",0,0,0
"CRPS","GDPC1","0","GP","hom","br","s","full-outl",1,1,2
"CRPS","GDPC1","0","GP","hom","br","b","full-outl",0,0,0
"CRPS","GDPC1","0","GP","hom","br","f","full-outl",0,0,0
"CRPS","GDPC1","0","GP","hom","eq","s","full-outl",0,1,1
"CRPS","GDPC1","0","GP","hom","eq","b","full-outl",0,0,0
"CRPS","GDPC1","0","GP","hom","eq","f","full-outl",0,0,0
"CRPS","GDPC1","0","GP","hom","xalm","s","full-outl",1,1,2
"CRPS","GDPC1","0","GP","hom","xalm","b","full-outl",1,1,2
"CRPS","GDPC1","0","GP","hom","xalm","f","full-outl",0,0,0
"CRPS","GDPC1","0","GP","hom","alm3","s","full-outl",0,0,0
"CRPS","GDPC1","0","GP","hom","alm3","b","full-outl",0,0,0
"CRPS","GDPC1","0","GP","hom","alm3","f","full-outl",0,0,0
"CRPS","GDPC1","0","GP","hom","leg3","s","full-outl",1,1,2
"CRPS","GDPC1","0","GP","hom","leg3","b","full-outl",0,0,0
"CRPS","GDPC1","0","GP","hom","leg3","f","full-outl",0,0,0
"CRPS","GDPC1","0","GP","hom","leg5","s","full-outl",1,1,2
"CRPS","GDPC1","0","GP","hom","leg5","b","full-outl",0,0,0
"CRPS","GDPC1","0","GP","hom","leg5","f","full-outl",0,0,0
"CRPS","GDPC1","0","GP","hom","ber3","s","full-outl",1,1,2
"CRPS","GDPC1","0","GP","hom","ber3","b","full-outl",0,0,0
"CRPS","GDPC1","0","GP","hom","ber3","f","full-outl",0,0,0
"CRPS","GDPC1","0","GP","hom","ber5","s","full-outl",1,1,2
"CRPS","GDPC1","0","GP","hom","ber5","b","full-outl",0,0,0
"CRPS","GDPC1","0","GP","hom","ber5","f","full-outl",0,0,0
"CRPS","GDPC1","0","GP","hom","fou3","s","full-outl",0,0,0
"CRPS","GDPC1","0","GP","hom","fou3","b","full-outl",0,0,0
"CRPS","GDPC1","0","GP","hom","fou3","f","full-outl",0,0,0
"CRPS","GDPC1","0","BLR","sv","blu","s","full-outl",1,1,2
"CRPS","GDPC1","0","BLR","sv","blu","b","full-outl",0,0,0
"CRPS","GDPC1","0","BLR","sv","blu","f","full-outl",0,0,0
"CRPS","GDPC1","0","BLR","sv","svd","s","full-outl",0,0,0
"CRPS","GDPC1","0","BLR","sv","svd","b","full-outl",0,0,0
"CRPS","GDPC1","0","BLR","sv","svd","f","full-outl",0,0,0
"CRPS","GDPC1","0","BLR","sv","br","s","full-outl",1,1,2
"CRPS","GDPC1","0","BLR","sv","br","b","full-outl",1,1,2
"CRPS","GDPC1","0","BLR","sv","br","f","full-outl",0,1,1
"CRPS","GDPC1","0","BLR","sv","eq","s","full-outl",1,1,2
"CRPS","GDPC1","0","BLR","sv","eq","b","full-outl",0,1,1
"CRPS","GDPC1","0","BLR","sv","eq","f","full-outl",0,0,0
"CRPS","GDPC1","0","BLR","sv","xalm","s","full-outl",1,1,2
"CRPS","GDPC1","0","BLR","sv","xalm","b","full-outl",1,1,2
"CRPS","GDPC1","0","BLR","sv","xalm","f","full-outl",0,1,1
"CRPS","GDPC1","0","BLR","sv","alm3","s","full-outl",1,1,2
"CRPS","GDPC1","0","BLR","sv","alm3","b","full-outl",0,0,0
"CRPS","GDPC1","0","BLR","sv","alm3","f","full-outl",0,0,0
"CRPS","GDPC1","0","BLR","sv","leg3","s","full-outl",1,1,2
"CRPS","GDPC1","0","BLR","sv","leg3","b","full-outl",0,1,1
"CRPS","GDPC1","0","BLR","sv","leg3","f","full-outl",0,0,0
"CRPS","GDPC1","0","BLR","sv","leg5","s","full-outl",1,1,2
"CRPS","GDPC1","0","BLR","sv","leg5","b","full-outl",0,0,0
"CRPS","GDPC1","0","BLR","sv","leg5","f","full-outl",0,0,0
"CRPS","GDPC1","0","BLR","sv","ber3","s","full-outl",1,1,2
"CRPS","GDPC1","0","BLR","sv","ber3","b","full-outl",0,0,0
"CRPS","GDPC1","0","BLR","sv","ber3","f","full-outl",0,0,0
"CRPS","GDPC1","0","BLR","sv","ber5","s","full-outl",1,1,2
"CRPS","GDPC1","0","BLR","sv","ber5","b","full-outl",0,1,1
"CRPS","GDPC1","0","BLR","sv","ber5","f","full-outl",0,0,0
"CRPS","GDPC1","0","BLR","sv","fou3","s","full-outl",1,1,2
"CRPS","GDPC1","0","BLR","sv","fou3","b","full-outl",0,0,0
"CRPS","GDPC1","0","BLR","sv","fou3","f","full-outl",0,0,0
"CRPS","GDPC1","0","BART","sv","blu","s","full-outl",0,1,1
"CRPS","GDPC1","0","BART","sv","blu","b","full-outl",0,0,0
"CRPS","GDPC1","0","BART","sv","blu","f","full-outl",0,0,0
"CRPS","GDPC1","0","BART","sv","svd","s","full-outl",0,0,0
"CRPS","GDPC1","0","BART","sv","svd","b","full-outl",0,0,0
"CRPS","GDPC1","0","BART","sv","svd","f","full-outl",0,0,0
"CRPS","GDPC1","0","BART","sv","br","s","full-outl",0,0,0
"CRPS","GDPC1","0","BART","sv","br","b","full-outl",0,0,0
"CRPS","GDPC1","0","BART","sv","br","f","full-outl",0,0,0
"CRPS","GDPC1","0","BART","sv","eq","s","full-outl",0,1,1
"CRPS","GDPC1","0","BART","sv","eq","b","full-outl",0,0,0
"CRPS","GDPC1","0","BART","sv","eq","f","full-outl",0,0,0
"CRPS","GDPC1","0","BART","sv","xalm","s","full-outl",1,1,2
"CRPS","GDPC1","0","BART","sv","xalm","b","full-outl",0,1,1
"CRPS","GDPC1","0","BART","sv","xalm","f","full-outl",0,0,0
"CRPS","GDPC1","0","BART","sv","alm3","s","full-outl",0,0,0
"CRPS","GDPC1","0","BART","sv","alm3","b","full-outl",0,0,0
"CRPS","GDPC1","0","BART","sv","alm3","f","full-outl",0,0,0
"CRPS","GDPC1","0","BART","sv","leg3","s","full-outl",0,1,1
"CRPS","GDPC1","0","BART","sv","leg3","b","full-outl",0,0,0
"CRPS","GDPC1","0","BART","sv","leg3","f","full-outl",0,0,0
"CRPS","GDPC1","0","BART","sv","leg5","s","full-outl",1,1,2
"CRPS","GDPC1","0","BART","sv","leg5","b","full-outl",0,0,0
"CRPS","GDPC1","0","BART","sv","leg5","f","full-outl",0,0,0
"CRPS","GDPC1","0","BART","sv","ber3","s","full-outl",0,0,0
"CRPS","GDPC1","0","BART","sv","ber3","b","full-outl",0,0,0
"CRPS","GDPC1","0","BART","sv","ber3","f","full-outl",0,0,0
"CRPS","GDPC1","0","BART","sv","ber5","s","full-outl",0,0,0
"CRPS","GDPC1","0","BART","sv","ber5","b","full-outl",0,0,0
"CRPS","GDPC1","0","BART","sv","ber5","f","full-outl",0,0,0
"CRPS","GDPC1","0","BART","sv","fou3","s","full-outl",0,1,1
"CRPS","GDPC1","0","BART","sv","fou3","b","full-outl",0,0,0
"CRPS","GDPC1","0","BART","sv","fou3","f","full-outl",0,0,0
"CRPS","GDPC1","0","GP","sv","blu","s","full-outl",1,1,2
"CRPS","GDPC1","0","GP","sv","blu","b","full-outl",0,0,0
"CRPS","GDPC1","0","GP","sv","blu","f","full-outl",0,0,0
"CRPS","GDPC1","0","GP","sv","svd","s","full-outl",0,0,0
"CRPS","GDPC1","0","GP","sv","svd","b","full-outl",0,0,0
"CRPS","GDPC1","0","GP","sv","svd","f","full-outl",0,0,0
"CRPS","GDPC1","0","GP","sv","br","s","full-outl",1,1,2
"CRPS","GDPC1","0","GP","sv","br","b","full-outl",0,0,0
"CRPS","GDPC1","0","GP","sv","br","f","full-outl",0,0,0
"CRPS","GDPC1","0","GP","sv","eq","s","full-outl",0,1,1
"CRPS","GDPC1","0","GP","sv","eq","b","full-outl",0,0,0
"CRPS","GDPC1","0","GP","sv","eq","f","full-outl",0,0,0
"CRPS","GDPC1","0","GP","sv","xalm","s","full-outl",1,1,2
"CRPS","GDPC1","0","GP","sv","xalm","b","full-outl",1,1,2
"CRPS","GDPC1","0","GP","sv","xalm","f","full-outl",0,0,0
"CRPS","GDPC1","0","GP","sv","alm3","s","full-outl",0,0,0
"CRPS","GDPC1","0","GP","sv","alm3","b","full-outl",0,0,0
"CRPS","GDPC1","0","GP","sv","alm3","f","full-outl",0,0,0
"CRPS","GDPC1","0","GP","sv","leg3","s","full-outl",1,1,2
"CRPS","GDPC1","0","GP","sv","leg3","b","full-outl",0,0,0
"CRPS","GDPC1","0","GP","sv","leg3","f","full-outl",0,0,0
"CRPS","GDPC1","0","GP","sv","leg5","s","full-outl",1,1,2
"CRPS","GDPC1","0","GP","sv","leg5","b","full-outl",0,0,0
"CRPS","GDPC1","0","GP","sv","leg5","f","full-outl",0,0,0
"CRPS","GDPC1","0","GP","sv","ber3","s","full-outl",1,1,2
"CRPS","GDPC1","0","GP","sv","ber3","b","full-outl",0,0,0
"CRPS","GDPC1","0","GP","sv","ber3","f","full-outl",0,0,0
"CRPS","GDPC1","0","GP","sv","ber5","s","full-outl",1,1,2
"CRPS","GDPC1","0","GP","sv","ber5","b","full-outl",0,0,0
"CRPS","GDPC1","0","GP","sv","ber5","f","full-outl",0,0,0
"CRPS","GDPC1","0","GP","sv","fou3","s","full-outl",0,0,0
"CRPS","GDPC1","0","GP","sv","fou3","b","full-outl",0,0,0
"CRPS","GDPC1","0","GP","sv","fou3","f","full-outl",0,0,0
"CRPS","GDPC1","0","MFVAR","hom","blu","s","full-outl",1,1,2
"CRPS","GDPC1","0","MFVAR","hom","blu","f","full-outl",0,1,1
"CRPS","GDPC1","0","MFVAR","sv","blu","s","full-outl",0,0,0
"CRPS","GDPC1","0","MFVAR","sv","blu","f","full-outl",0,1,1
"CRPS","GDPCTPI","0","BLR","hom","blu","s","full-outl",0,1,1
"CRPS","GDPCTPI","0","BLR","hom","blu","b","full-outl",0,0,0
"CRPS","GDPCTPI","0","BLR","hom","blu","f","full-outl",0,0,0
"CRPS","GDPCTPI","0","BLR","hom","svd","s","full-outl",0,0,0
"CRPS","GDPCTPI","0","BLR","hom","svd","b","full-outl",0,0,0
"CRPS","GDPCTPI","0","BLR","hom","svd","f","full-outl",0,0,0
"CRPS","GDPCTPI","0","BLR","hom","br","s","full-outl",0,0,0
"CRPS","GDPCTPI","0","BLR","hom","br","b","full-outl",1,1,2
"CRPS","GDPCTPI","0","BLR","hom","br","f","full-outl",0,0,0
"CRPS","GDPCTPI","0","BLR","hom","eq","s","full-outl",0,0,0
"CRPS","GDPCTPI","0","BLR","hom","eq","b","full-outl",0,0,0
"CRPS","GDPCTPI","0","BLR","hom","eq","f","full-outl",0,0,0
"CRPS","GDPCTPI","0","BLR","hom","xalm","s","full-outl",0,0,0
"CRPS","GDPCTPI","0","BLR","hom","xalm","b","full-outl",1,1,2
"CRPS","GDPCTPI","0","BLR","hom","xalm","f","full-outl",0,0,0
"CRPS","GDPCTPI","0","BLR","hom","alm3","s","full-outl",0,0,0
"CRPS","GDPCTPI","0","BLR","hom","alm3","b","full-outl",0,1,1
"CRPS","GDPCTPI","0","BLR","hom","alm3","f","full-outl",0,0,0
"CRPS","GDPCTPI","0","BLR","hom","leg3","s","full-outl",0,0,0
"CRPS","GDPCTPI","0","BLR","hom","leg3","b","full-outl",0,0,0
"CRPS","GDPCTPI","0","BLR","hom","leg3","f","full-outl",0,0,0
"CRPS","GDPCTPI","0","BLR","hom","leg5","s","full-outl",0,0,0
"CRPS","GDPCTPI","0","BLR","hom","leg5","b","full-outl",0,0,0
"CRPS","GDPCTPI","0","BLR","hom","leg5","f","full-outl",0,0,0
"CRPS","GDPCTPI","0","BLR","hom","ber3","s","full-outl",0,0,0
"CRPS","GDPCTPI","0","BLR","hom","ber3","b","full-outl",1,1,2
"CRPS","GDPCTPI","0","BLR","hom","ber3","f","full-outl",0,1,1
"CRPS","GDPCTPI","0","BLR","hom","ber5","s","full-outl",0,0,0
"CRPS","GDPCTPI","0","BLR","hom","ber5","b","full-outl",1,1,2
"CRPS","GDPCTPI","0","BLR","hom","ber5","f","full-outl",0,1,1
"CRPS","GDPCTPI","0","BLR","hom","fou3","s","full-outl",0,0,0
"CRPS","GDPCTPI","0","BLR","hom","fou3","b","full-outl",1,1,2
"CRPS","GDPCTPI","0","BLR","hom","fou3","f","full-outl",0,0,0
"CRPS","GDPCTPI","0","BART","hom","blu","s","full-outl",0,1,1
"CRPS","GDPCTPI","0","BART","hom","blu","b","full-outl",0,0,0
"CRPS","GDPCTPI","0","BART","hom","blu","f","full-outl",0,0,0
"CRPS","GDPCTPI","0","BART","hom","svd","s","full-outl",0,0,0
"CRPS","GDPCTPI","0","BART","hom","svd","b","full-outl",0,0,0
"CRPS","GDPCTPI","0","BART","hom","svd","f","full-outl",0,0,0
"CRPS","GDPCTPI","0","BART","hom","br","s","full-outl",0,0,0
"CRPS","GDPCTPI","0","BART","hom","br","b","full-outl",0,0,0
"CRPS","GDPCTPI","0","BART","hom","br","f","full-outl",0,0,0
"CRPS","GDPCTPI","0","BART","hom","eq","s","full-outl",0,0,0
"CRPS","GDPCTPI","0","BART","hom","eq","b","full-outl",0,0,0
"CRPS","GDPCTPI","0","BART","hom","eq","f","full-outl",0,0,0
"CRPS","GDPCTPI","0","BART","hom","xalm","s","full-outl",0,0,0
"CRPS","GDPCTPI","0","BART","hom","xalm","b","full-outl",0,0,0
"CRPS","GDPCTPI","0","BART","hom","xalm","f","full-outl",0,0,0
"CRPS","GDPCTPI","0","BART","hom","alm3","s","full-outl",0,0,0
"CRPS","GDPCTPI","0","BART","hom","alm3","b","full-outl",0,0,0
"CRPS","GDPCTPI","0","BART","hom","alm3","f","full-outl",0,0,0
"CRPS","GDPCTPI","0","BART","hom","leg3","s","full-outl",0,0,0
"CRPS","GDPCTPI","0","BART","hom","leg3","b","full-outl",0,0,0
"CRPS","GDPCTPI","0","BART","hom","leg3","f","full-outl",0,0,0
"CRPS","GDPCTPI","0","BART","hom","leg5","s","full-outl",0,0,0
"CRPS","GDPCTPI","0","BART","hom","leg5","b","full-outl",0,0,0
"CRPS","GDPCTPI","0","BART","hom","leg5","f","full-outl",0,0,0
"CRPS","GDPCTPI","0","BART","hom","ber3","s","full-outl",0,1,1
"CRPS","GDPCTPI","0","BART","hom","ber3","b","full-outl",1,1,2
"CRPS","GDPCTPI","0","BART","hom","ber3","f","full-outl",0,0,0
"CRPS","GDPCTPI","0","BART","hom","ber5","s","full-outl",1,1,2
"CRPS","GDPCTPI","0","BART","hom","ber5","b","full-outl",1,1,2
"CRPS","GDPCTPI","0","BART","hom","ber5","f","full-outl",0,0,0
"CRPS","GDPCTPI","0","BART","hom","fou3","s","full-outl",0,0,0
"CRPS","GDPCTPI","0","BART","hom","fou3","b","full-outl",0,0,0
"CRPS","GDPCTPI","0","BART","hom","fou3","f","full-outl",0,0,0
"CRPS","GDPCTPI","0","GP","hom","blu","s","full-outl",0,0,0
"CRPS","GDPCTPI","0","GP","hom","blu","b","full-outl",0,0,0
"CRPS","GDPCTPI","0","GP","hom","blu","f","full-outl",0,0,0
"CRPS","GDPCTPI","0","GP","hom","svd","s","full-outl",1,1,2
"CRPS","GDPCTPI","0","GP","hom","svd","b","full-outl",1,1,2
"CRPS","GDPCTPI","0","GP","hom","svd","f","full-outl",0,1,1
"CRPS","GDPCTPI","0","GP","hom","br","s","full-outl",1,1,2
"CRPS","GDPCTPI","0","GP","hom","br","b","full-outl",0,0,0
"CRPS","GDPCTPI","0","GP","hom","br","f","full-outl",0,0,0
"CRPS","GDPCTPI","0","GP","hom","eq","s","full-outl",0,1,1
"CRPS","GDPCTPI","0","GP","hom","eq","b","full-outl",1,1,2
"CRPS","GDPCTPI","0","GP","hom","eq","f","full-outl",1,1,2
"CRPS","GDPCTPI","0","GP","hom","xalm","s","full-outl",1,1,2
"CRPS","GDPCTPI","0","GP","hom","xalm","b","full-outl",1,1,2
"CRPS","GDPCTPI","0","GP","hom","xalm","f","full-outl",0,0,0
"CRPS","GDPCTPI","0","GP","hom","alm3","s","full-outl",0,0,0
"CRPS","GDPCTPI","0","GP","hom","alm3","b","full-outl",1,1,2
"CRPS","GDPCTPI","0","GP","hom","alm3","f","full-outl",0,0,0
"CRPS","GDPCTPI","0","GP","hom","leg3","s","full-outl",0,0,0
"CRPS","GDPCTPI","0","GP","hom","leg3","b","full-outl",0,0,0
"CRPS","GDPCTPI","0","GP","hom","leg3","f","full-outl",0,0,0
"CRPS","GDPCTPI","0","GP","hom","leg5","s","full-outl",0,0,0
"CRPS","GDPCTPI","0","GP","hom","leg5","b","full-outl",0,0,0
"CRPS","GDPCTPI","0","GP","hom","leg5","f","full-outl",0,0,0
"CRPS","GDPCTPI","0","GP","hom","ber3","s","full-outl",0,1,1
"CRPS","GDPCTPI","0","GP","hom","ber3","b","full-outl",1,1,2
"CRPS","GDPCTPI","0","GP","hom","ber3","f","full-outl",0,0,0
"CRPS","GDPCTPI","0","GP","hom","ber5","s","full-outl",1,1,2
"CRPS","GDPCTPI","0","GP","hom","ber5","b","full-outl",1,1,2
"CRPS","GDPCTPI","0","GP","hom","ber5","f","full-outl",0,0,0
"CRPS","GDPCTPI","0","GP","hom","fou3","s","full-outl",0,0,0
"CRPS","GDPCTPI","0","GP","hom","fou3","b","full-outl",1,1,2
"CRPS","GDPCTPI","0","GP","hom","fou3","f","full-outl",0,0,0
"CRPS","GDPCTPI","0","BLR","sv","blu","s","full-outl",1,1,2
"CRPS","GDPCTPI","0","BLR","sv","blu","b","full-outl",0,0,0
"CRPS","GDPCTPI","0","BLR","sv","blu","f","full-outl",1,1,2
"CRPS","GDPCTPI","0","BLR","sv","svd","s","full-outl",1,1,2
"CRPS","GDPCTPI","0","BLR","sv","svd","b","full-outl",1,1,2
"CRPS","GDPCTPI","0","BLR","sv","svd","f","full-outl",1,1,2
"CRPS","GDPCTPI","0","BLR","sv","br","s","full-outl",1,1,2
"CRPS","GDPCTPI","0","BLR","sv","br","b","full-outl",1,1,2
"CRPS","GDPCTPI","0","BLR","sv","br","f","full-outl",1,1,2
"CRPS","GDPCTPI","0","BLR","sv","eq","s","full-outl",1,1,2
"CRPS","GDPCTPI","0","BLR","sv","eq","b","full-outl",1,1,2
"CRPS","GDPCTPI","0","BLR","sv","eq","f","full-outl",1,1,2
"CRPS","GDPCTPI","0","BLR","sv","xalm","s","full-outl",1,1,2
"CRPS","GDPCTPI","0","BLR","sv","xalm","b","full-outl",1,1,2
"CRPS","GDPCTPI","0","BLR","sv","xalm","f","full-outl",1,1,2
"CRPS","GDPCTPI","0","BLR","sv","alm3","s","full-outl",0,1,1
"CRPS","GDPCTPI","0","BLR","sv","alm3","b","full-outl",0,1,1
"CRPS","GDPCTPI","0","BLR","sv","alm3","f","full-outl",0,0,0
"CRPS","GDPCTPI","0","BLR","sv","leg3","s","full-outl",1,1,2
"CRPS","GDPCTPI","0","BLR","sv","leg3","b","full-outl",0,0,0
"CRPS","GDPCTPI","0","BLR","sv","leg3","f","full-outl",0,0,0
"CRPS","GDPCTPI","0","BLR","sv","leg5","s","full-outl",1,1,2
"CRPS","GDPCTPI","0","BLR","sv","leg5","b","full-outl",0,0,0
"CRPS","GDPCTPI","0","BLR","sv","leg5","f","full-outl",0,0,0
"CRPS","GDPCTPI","0","BLR","sv","ber3","s","full-outl",1,1,2
"CRPS","GDPCTPI","0","BLR","sv","ber3","b","full-outl",1,1,2
"CRPS","GDPCTPI","0","BLR","sv","ber3","f","full-outl",1,1,2
"CRPS","GDPCTPI","0","BLR","sv","ber5","s","full-outl",1,1,2
"CRPS","GDPCTPI","0","BLR","sv","ber5","b","full-outl",1,1,2
"CRPS","GDPCTPI","0","BLR","sv","ber5","f","full-outl",1,1,2
"CRPS","GDPCTPI","0","BLR","sv","fou3","s","full-outl",0,0,0
"CRPS","GDPCTPI","0","BLR","sv","fou3","b","full-outl",0,0,0
"CRPS","GDPCTPI","0","BLR","sv","fou3","f","full-outl",0,0,0
"CRPS","GDPCTPI","0","BART","sv","blu","s","full-outl",0,0,0
"CRPS","GDPCTPI","0","BART","sv","blu","b","full-outl",0,0,0
"CRPS","GDPCTPI","0","BART","sv","blu","f","full-outl",0,0,0
"CRPS","GDPCTPI","0","BART","sv","svd","s","full-outl",0,0,0
"CRPS","GDPCTPI","0","BART","sv","svd","b","full-outl",0,0,0
"CRPS","GDPCTPI","0","BART","sv","svd","f","full-outl",0,0,0
"CRPS","GDPCTPI","0","BART","sv","br","s","full-outl",0,0,0
"CRPS","GDPCTPI","0","BART","sv","br","b","full-outl",0,0,0
"CRPS","GDPCTPI","0","BART","sv","br","f","full-outl",0,0,0
"CRPS","GDPCTPI","0","BART","sv","eq","s","full-outl",0,0,0
"CRPS","GDPCTPI","0","BART","sv","eq","b","full-outl",0,0,0
"CRPS","GDPCTPI","0","BART","sv","eq","f","full-outl",0,0,0
"CRPS","GDPCTPI","0","BART","sv","xalm","s","full-outl",1,1,2
"CRPS","GDPCTPI","0","BART","sv","xalm","b","full-outl",0,0,0
"CRPS","GDPCTPI","0","BART","sv","xalm","f","full-outl",0,0,0
"CRPS","GDPCTPI","0","BART","sv","alm3","s","full-outl",0,0,0
"CRPS","GDPCTPI","0","BART","sv","alm3","b","full-outl",0,0,0
"CRPS","GDPCTPI","0","BART","sv","alm3","f","full-outl",0,0,0
"CRPS","GDPCTPI","0","BART","sv","leg3","s","full-outl",0,0,0
"CRPS","GDPCTPI","0","BART","sv","leg3","b","full-outl",0,0,0
"CRPS","GDPCTPI","0","BART","sv","leg3","f","full-outl",0,0,0
"CRPS","GDPCTPI","0","BART","sv","leg5","s","full-outl",0,0,0
"CRPS","GDPCTPI","0","BART","sv","leg5","b","full-outl",0,0,0
"CRPS","GDPCTPI","0","BART","sv","leg5","f","full-outl",0,0,0
"CRPS","GDPCTPI","0","BART","sv","ber3","s","full-outl",1,1,2
"CRPS","GDPCTPI","0","BART","sv","ber3","b","full-outl",0,0,0
"CRPS","GDPCTPI","0","BART","sv","ber3","f","full-outl",0,0,0
"CRPS","GDPCTPI","0","BART","sv","ber5","s","full-outl",0,1,1
"CRPS","GDPCTPI","0","BART","sv","ber5","b","full-outl",0,0,0
"CRPS","GDPCTPI","0","BART","sv","ber5","f","full-outl",0,0,0
"CRPS","GDPCTPI","0","BART","sv","fou3","s","full-outl",0,0,0
"CRPS","GDPCTPI","0","BART","sv","fou3","b","full-outl",0,0,0
"CRPS","GDPCTPI","0","BART","sv","fou3","f","full-outl",0,0,0
"CRPS","GDPCTPI","0","GP","sv","blu","s","full-outl",1,1,2
"CRPS","GDPCTPI","0","GP","sv","blu","b","full-outl",0,0,0
"CRPS","GDPCTPI","0","GP","sv","blu","f","full-outl",0,0,0
"CRPS","GDPCTPI","0","GP","sv","svd","s","full-outl",1,1,2
"CRPS","GDPCTPI","0","GP","sv","svd","b","full-outl",1,1,2
"CRPS","GDPCTPI","0","GP","sv","svd","f","full-outl",1,1,2
"CRPS","GDPCTPI","0","GP","sv","br","s","full-outl",1,1,2
"CRPS","GDPCTPI","0","GP","sv","br","b","full-outl",0,0,0
"CRPS","GDPCTPI","0","GP","sv","br","f","full-outl",1,1,2
"CRPS","GDPCTPI","0","GP","sv","eq","s","full-outl",1,1,2
"CRPS","GDPCTPI","0","GP","sv","eq","b","full-outl",1,1,2
"CRPS","GDPCTPI","0","GP","sv","eq","f","full-outl",1,1,2
"CRPS","GDPCTPI","0","GP","sv","xalm","s","full-outl",1,1,2
"CRPS","GDPCTPI","0","GP","sv","xalm","b","full-outl",1,1,2
"CRPS","GDPCTPI","0","GP","sv","xalm","f","full-outl",1,1,2
"CRPS","GDPCTPI","0","GP","sv","alm3","s","full-outl",1,1,2
"CRPS","GDPCTPI","0","GP","sv","alm3","b","full-outl",1,1,2
"CRPS","GDPCTPI","0","GP","sv","alm3","f","full-outl",0,0,0
"CRPS","GDPCTPI","0","GP","sv","leg3","s","full-outl",1,1,2
"CRPS","GDPCTPI","0","GP","sv","leg3","b","full-outl",0,1,1
"CRPS","GDPCTPI","0","GP","sv","leg3","f","full-outl",0,0,0
"CRPS","GDPCTPI","0","GP","sv","leg5","s","full-outl",0,1,1
"CRPS","GDPCTPI","0","GP","sv","leg5","b","full-outl",0,0,0
"CRPS","GDPCTPI","0","GP","sv","leg5","f","full-outl",0,0,0
"CRPS","GDPCTPI","0","GP","sv","ber3","s","full-outl",1,1,2
"CRPS","GDPCTPI","0","GP","sv","ber3","b","full-outl",1,1,2
"CRPS","GDPCTPI","0","GP","sv","ber3","f","full-outl",0,0,0
"CRPS","GDPCTPI","0","GP","sv","ber5","s","full-outl",1,1,2
"CRPS","GDPCTPI","0","GP","sv","ber5","b","full-outl",1,1,2
"CRPS","GDPCTPI","0","GP","sv","ber5","f","full-outl",0,1,1
"CRPS","GDPCTPI","0","GP","sv","fou3","s","full-outl",1,1,2
"CRPS","GDPCTPI","0","GP","sv","fou3","b","full-outl",1,1,2
"CRPS","GDPCTPI","0","GP","sv","fou3","f","full-outl",0,0,0
"CRPS","GDPCTPI","0","MFVAR","hom","blu","s","full-outl",0,0,0
"CRPS","GDPCTPI","0","MFVAR","hom","blu","f","full-outl",0,0,0
"CRPS","GDPCTPI","0","MFVAR","sv","blu","s","full-outl",0,0,0
"CRPS","GDPCTPI","0","MFVAR","sv","blu","f","full-outl",0,0,0
"CRPS","GDPC1","-1/3","BLR","hom","blu","s","full-outl",1,1,2
"CRPS","GDPC1","-1/3","BLR","hom","blu","b","full-outl",0,0,0
"CRPS","GDPC1","-1/3","BLR","hom","blu","f","full-outl",0,0,0
"CRPS","GDPC1","-1/3","BLR","hom","svd","s","full-outl",0,0,0
"CRPS","GDPC1","-1/3","BLR","hom","svd","b","full-outl",0,0,0
"CRPS","GDPC1","-1/3","BLR","hom","svd","f","full-outl",0,0,0
"CRPS","GDPC1","-1/3","BLR","hom","br","s","full-outl",1,1,2
"CRPS","GDPC1","-1/3","BLR","hom","br","b","full-outl",0,0,0
"CRPS","GDPC1","-1/3","BLR","hom","br","f","full-outl",1,1,2
"CRPS","GDPC1","-1/3","BLR","hom","eq","s","full-outl",0,0,0
"CRPS","GDPC1","-1/3","BLR","hom","eq","b","full-outl",1,1,2
"CRPS","GDPC1","-1/3","BLR","hom","eq","f","full-outl",0,0,0
"CRPS","GDPC1","-1/3","BLR","hom","xalm","s","full-outl",1,1,2
"CRPS","GDPC1","-1/3","BLR","hom","xalm","b","full-outl",1,1,2
"CRPS","GDPC1","-1/3","BLR","hom","xalm","f","full-outl",0,1,1
"CRPS","GDPC1","-1/3","BLR","hom","alm3","s","full-outl",1,1,2
"CRPS","GDPC1","-1/3","BLR","hom","alm3","b","full-outl",0,0,0
"CRPS","GDPC1","-1/3","BLR","hom","alm3","f","full-outl",0,0,0
"CRPS","GDPC1","-1/3","BLR","hom","leg3","s","full-outl",1,1,2
"CRPS","GDPC1","-1/3","BLR","hom","leg3","b","full-outl",0,0,0
"CRPS","GDPC1","-1/3","BLR","hom","leg3","f","full-outl",0,0,0
"CRPS","GDPC1","-1/3","BLR","hom","leg5","s","full-outl",1,1,2
"CRPS","GDPC1","-1/3","BLR","hom","leg5","b","full-outl",0,0,0
"CRPS","GDPC1","-1/3","BLR","hom","leg5","f","full-outl",0,0,0
"CRPS","GDPC1","-1/3","BLR","hom","ber3","s","full-outl",1,1,2
"CRPS","GDPC1","-1/3","BLR","hom","ber3","b","full-outl",1,1,2
"CRPS","GDPC1","-1/3","BLR","hom","ber3","f","full-outl",0,0,0
"CRPS","GDPC1","-1/3","BLR","hom","ber5","s","full-outl",1,1,2
"CRPS","GDPC1","-1/3","BLR","hom","ber5","b","full-outl",1,1,2
"CRPS","GDPC1","-1/3","BLR","hom","ber5","f","full-outl",0,1,1
"CRPS","GDPC1","-1/3","BLR","hom","fou3","s","full-outl",1,1,2
"CRPS","GDPC1","-1/3","BLR","hom","fou3","b","full-outl",0,0,0
"CRPS","GDPC1","-1/3","BLR","hom","fou3","f","full-outl",0,0,0
"CRPS","GDPC1","-1/3","BART","hom","blu","s","full-outl",1,1,2
"CRPS","GDPC1","-1/3","BART","hom","blu","b","full-outl",1,1,2
"CRPS","GDPC1","-1/3","BART","hom","blu","f","full-outl",0,0,0
"CRPS","GDPC1","-1/3","BART","hom","svd","s","full-outl",0,0,0
"CRPS","GDPC1","-1/3","BART","hom","svd","b","full-outl",0,0,0
"CRPS","GDPC1","-1/3","BART","hom","svd","f","full-outl",0,0,0
"CRPS","GDPC1","-1/3","BART","hom","br","s","full-outl",1,1,2
"CRPS","GDPC1","-1/3","BART","hom","br","b","full-outl",0,0,0
"CRPS","GDPC1","-1/3","BART","hom","br","f","full-outl",0,0,0
"CRPS","GDPC1","-1/3","BART","hom","eq","s","full-outl",0,1,1
"CRPS","GDPC1","-1/3","BART","hom","eq","b","full-outl",0,0,0
"CRPS","GDPC1","-1/3","BART","hom","eq","f","full-outl",0,0,0
"CRPS","GDPC1","-1/3","BART","hom","xalm","s","full-outl",1,1,2
"CRPS","GDPC1","-1/3","BART","hom","xalm","b","full-outl",0,1,1
"CRPS","GDPC1","-1/3","BART","hom","xalm","f","full-outl",1,1,2
"CRPS","GDPC1","-1/3","BART","hom","alm3","s","full-outl",0,0,0
"CRPS","GDPC1","-1/3","BART","hom","alm3","b","full-outl",0,0,0
"CRPS","GDPC1","-1/3","BART","hom","alm3","f","full-outl",0,0,0
"CRPS","GDPC1","-1/3","BART","hom","leg3","s","full-outl",0,0,0
"CRPS","GDPC1","-1/3","BART","hom","leg3","b","full-outl",0,0,0
"CRPS","GDPC1","-1/3","BART","hom","leg3","f","full-outl",0,0,0
"CRPS","GDPC1","-1/3","BART","hom","leg5","s","full-outl",0,1,1
"CRPS","GDPC1","-1/3","BART","hom","leg5","b","full-outl",0,0,0
"CRPS","GDPC1","-1/3","BART","hom","leg5","f","full-outl",0,0,0
"CRPS","GDPC1","-1/3","BART","hom","ber3","s","full-outl",1,1,2
"CRPS","GDPC1","-1/3","BART","hom","ber3","b","full-outl",0,0,0
"CRPS","GDPC1","-1/3","BART","hom","ber3","f","full-outl",0,0,0
"CRPS","GDPC1","-1/3","BART","hom","ber5","s","full-outl",1,1,2
"CRPS","GDPC1","-1/3","BART","hom","ber5","b","full-outl",0,0,0
"CRPS","GDPC1","-1/3","BART","hom","ber5","f","full-outl",0,0,0
"CRPS","GDPC1","-1/3","BART","hom","fou3","s","full-outl",0,1,1
"CRPS","GDPC1","-1/3","BART","hom","fou3","b","full-outl",0,0,0
"CRPS","GDPC1","-1/3","BART","hom","fou3","f","full-outl",0,0,0
"CRPS","GDPC1","-1/3","GP","hom","blu","s","full-outl",1,1,2
"CRPS","GDPC1","-1/3","GP","hom","blu","b","full-outl",0,0,0
"CRPS","GDPC1","-1/3","GP","hom","blu","f","full-outl",0,0,0
"CRPS","GDPC1","-1/3","GP","hom","svd","s","full-outl",0,0,0
"CRPS","GDPC1","-1/3","GP","hom","svd","b","full-outl",0,0,0
"CRPS","GDPC1","-1/3","GP","hom","svd","f","full-outl",0,0,0
"CRPS","GDPC1","-1/3","GP","hom","br","s","full-outl",1,1,2
"CRPS","GDPC1","-1/3","GP","hom","br","b","full-outl",0,0,0
"CRPS","GDPC1","-1/3","GP","hom","br","f","full-outl",0,1,1
"CRPS","GDPC1","-1/3","GP","hom","eq","s","full-outl",0,0,0
"CRPS","GDPC1","-1/3","GP","hom","eq","b","full-outl",0,0,0
"CRPS","GDPC1","-1/3","GP","hom","eq","f","full-outl",0,0,0
"CRPS","GDPC1","-1/3","GP","hom","xalm","s","full-outl",1,1,2
"CRPS","GDPC1","-1/3","GP","hom","xalm","b","full-outl",1,1,2
"CRPS","GDPC1","-1/3","GP","hom","xalm","f","full-outl",0,0,0
"CRPS","GDPC1","-1/3","GP","hom","alm3","s","full-outl",0,1,1
"CRPS","GDPC1","-1/3","GP","hom","alm3","b","full-outl",0,0,0
"CRPS","GDPC1","-1/3","GP","hom","alm3","f","full-outl",0,0,0
"CRPS","GDPC1","-1/3","GP","hom","leg3","s","full-outl",0,1,1
"CRPS","GDPC1","-1/3","GP","hom","leg3","b","full-outl",0,0,0
"CRPS","GDPC1","-1/3","GP","hom","leg3","f","full-outl",0,0,0
"CRPS","GDPC1","-1/3","GP","hom","leg5","s","full-outl",1,1,2
"CRPS","GDPC1","-1/3","GP","hom","leg5","b","full-outl",0,0,0
"CRPS","GDPC1","-1/3","GP","hom","leg5","f","full-outl",0,0,0
"CRPS","GDPC1","-1/3","GP","hom","ber3","s","full-outl",1,1,2
"CRPS","GDPC1","-1/3","GP","hom","ber3","b","full-outl",0,0,0
"CRPS","GDPC1","-1/3","GP","hom","ber3","f","full-outl",0,0,0
"CRPS","GDPC1","-1/3","GP","hom","ber5","s","full-outl",1,1,2
"CRPS","GDPC1","-1/3","GP","hom","ber5","b","full-outl",0,0,0
"CRPS","GDPC1","-1/3","GP","hom","ber5","f","full-outl",0,0,0
"CRPS","GDPC1","-1/3","GP","hom","fou3","s","full-outl",1,1,2
"CRPS","GDPC1","-1/3","GP","hom","fou3","b","full-outl",0,0,0
"CRPS","GDPC1","-1/3","GP","hom","fou3","f","full-outl",0,0,0
"CRPS","GDPC1","-1/3","BLR","sv","blu","s","full-outl",1,1,2
"CRPS","GDPC1","-1/3","BLR","sv","blu","b","full-outl",0,0,0
"CRPS","GDPC1","-1/3","BLR","sv","blu","f","full-outl",0,0,0
"CRPS","GDPC1","-1/3","BLR","sv","svd","s","full-outl",0,0,0
"CRPS","GDPC1","-1/3","BLR","sv","svd","b","full-outl",0,1,1
"CRPS","GDPC1","-1/3","BLR","sv","svd","f","full-outl",0,0,0
"CRPS","GDPC1","-1/3","BLR","sv","br","s","full-outl",1,1,2
"CRPS","GDPC1","-1/3","BLR","sv","br","b","full-outl",0,1,1
"CRPS","GDPC1","-1/3","BLR","sv","br","f","full-outl",1,1,2
"CRPS","GDPC1","-1/3","BLR","sv","eq","s","full-outl",0,1,1
"CRPS","GDPC1","-1/3","BLR","sv","eq","b","full-outl",0,1,1
"CRPS","GDPC1","-1/3","BLR","sv","eq","f","full-outl",0,0,0
"CRPS","GDPC1","-1/3","BLR","sv","xalm","s","full-outl",1,1,2
"CRPS","GDPC1","-1/3","BLR","sv","xalm","b","full-outl",1,1,2
"CRPS","GDPC1","-1/3","BLR","sv","xalm","f","full-outl",1,1,2
"CRPS","GDPC1","-1/3","BLR","sv","alm3","s","full-outl",1,1,2
"CRPS","GDPC1","-1/3","BLR","sv","alm3","b","full-outl",0,0,0
"CRPS","GDPC1","-1/3","BLR","sv","alm3","f","full-outl",1,1,2
"CRPS","GDPC1","-1/3","BLR","sv","leg3","s","full-outl",1,1,2
"CRPS","GDPC1","-1/3","BLR","sv","leg3","b","full-outl",0,0,0
"CRPS","GDPC1","-1/3","BLR","sv","leg3","f","full-outl",0,0,0
"CRPS","GDPC1","-1/3","BLR","sv","leg5","s","full-outl",1,1,2
"CRPS","GDPC1","-1/3","BLR","sv","leg5","b","full-outl",0,0,0
"CRPS","GDPC1","-1/3","BLR","sv","leg5","f","full-outl",0,0,0
"CRPS","GDPC1","-1/3","BLR","sv","ber3","s","full-outl",1,1,2
"CRPS","GDPC1","-1/3","BLR","sv","ber3","b","full-outl",1,1,2
"CRPS","GDPC1","-1/3","BLR","sv","ber3","f","full-outl",1,1,2
"CRPS","GDPC1","-1/3","BLR","sv","ber5","s","full-outl",1,1,2
"CRPS","GDPC1","-1/3","BLR","sv","ber5","b","full-outl",1,1,2
"CRPS","GDPC1","-1/3","BLR","sv","ber5","f","full-outl",1,1,2
"CRPS","GDPC1","-1/3","BLR","sv","fou3","s","full-outl",1,1,2
"CRPS","GDPC1","-1/3","BLR","sv","fou3","b","full-outl",0,0,0
"CRPS","GDPC1","-1/3","BLR","sv","fou3","f","full-outl",1,1,2
"CRPS","GDPC1","-1/3","BART","sv","blu","s","full-outl",1,1,2
"CRPS","GDPC1","-1/3","BART","sv","blu","b","full-outl",0,1,1
"CRPS","GDPC1","-1/3","BART","sv","blu","f","full-outl",1,1,2
"CRPS","GDPC1","-1/3","BART","sv","svd","s","full-outl",0,0,0
"CRPS","GDPC1","-1/3","BART","sv","svd","b","full-outl",0,0,0
"CRPS","GDPC1","-1/3","BART","sv","svd","f","full-outl",0,0,0
"CRPS","GDPC1","-1/3","BART","sv","br","s","full-outl",0,1,1
"CRPS","GDPC1","-1/3","BART","sv","br","b","full-outl",0,0,0
"CRPS","GDPC1","-1/3","BART","sv","br","f","full-outl",0,0,0
"CRPS","GDPC1","-1/3","BART","sv","eq","s","full-outl",0,0,0
"CRPS","GDPC1","-1/3","BART","sv","eq","b","full-outl",0,0,0
"CRPS","GDPC1","-1/3","BART","sv","eq","f","full-outl",0,0,0
"CRPS","GDPC1","-1/3","BART","sv","xalm","s","full-outl",0,1,1
"CRPS","GDPC1","-1/3","BART","sv","xalm","b","full-outl",0,0,0
"CRPS","GDPC1","-1/3","BART","sv","xalm","f","full-outl",0,1,1
"CRPS","GDPC1","-1/3","BART","sv","alm3","s","full-outl",0,0,0
"CRPS","GDPC1","-1/3","BART","sv","alm3","b","full-outl",0,0,0
"CRPS","GDPC1","-1/3","BART","sv","alm3","f","full-outl",0,0,0
"CRPS","GDPC1","-1/3","BART","sv","leg3","s","full-outl",0,0,0
"CRPS","GDPC1","-1/3","BART","sv","leg3","b","full-outl",0,0,0
"CRPS","GDPC1","-1/3","BART","sv","leg3","f","full-outl",0,0,0
"CRPS","GDPC1","-1/3","BART","sv","leg5","s","full-outl",0,0,0
"CRPS","GDPC1","-1/3","BART","sv","leg5","b","full-outl",0,0,0
"CRPS","GDPC1","-1/3","BART","sv","leg5","f","full-outl",0,0,0
"CRPS","GDPC1","-1/3","BART","sv","ber3","s","full-outl",1,1,2
"CRPS","GDPC1","-1/3","BART","sv","ber3","b","full-outl",0,0,0
"CRPS","GDPC1","-1/3","BART","sv","ber3","f","full-outl",0,0,0
"CRPS","GDPC1","-1/3","BART","sv","ber5","s","full-outl",1,1,2
"CRPS","GDPC1","-1/3","BART","sv","ber5","b","full-outl",0,0,0
"CRPS","GDPC1","-1/3","BART","sv","ber5","f","full-outl",0,0,0
"CRPS","GDPC1","-1/3","BART","sv","fou3","s","full-outl",1,1,2
"CRPS","GDPC1","-1/3","BART","sv","fou3","b","full-outl",0,0,0
"CRPS","GDPC1","-1/3","BART","sv","fou3","f","full-outl",0,0,0
"CRPS","GDPC1","-1/3","GP","sv","blu","s","full-outl",1,1,2
"CRPS","GDPC1","-1/3","GP","sv","blu","b","full-outl",0,0,0
"CRPS","GDPC1","-1/3","GP","sv","blu","f","full-outl",0,0,0
"CRPS","GDPC1","-1/3","GP","sv","svd","s","full-outl",0,0,0
"CRPS","GDPC1","-1/3","GP","sv","svd","b","full-outl",0,1,1
"CRPS","GDPC1","-1/3","GP","sv","svd","f","full-outl",0,0,0
"CRPS","GDPC1","-1/3","GP","sv","br","s","full-outl",1,1,2
"CRPS","GDPC1","-1/3","GP","sv","br","b","full-outl",0,0,0
"CRPS","GDPC1","-1/3","GP","sv","br","f","full-outl",1,1,2
"CRPS","GDPC1","-1/3","GP","sv","eq","s","full-outl",0,0,0
"CRPS","GDPC1","-1/3","GP","sv","eq","b","full-outl",0,0,0
"CRPS","GDPC1","-1/3","GP","sv","eq","f","full-outl",0,0,0
"CRPS","GDPC1","-1/3","GP","sv","xalm","s","full-outl",1,1,2
"CRPS","GDPC1","-1/3","GP","sv","xalm","b","full-outl",1,1,2
"CRPS","GDPC1","-1/3","GP","sv","xalm","f","full-outl",1,1,2
"CRPS","GDPC1","-1/3","GP","sv","alm3","s","full-outl",1,1,2
"CRPS","GDPC1","-1/3","GP","sv","alm3","b","full-outl",0,0,0
"CRPS","GDPC1","-1/3","GP","sv","alm3","f","full-outl",0,0,0
"CRPS","GDPC1","-1/3","GP","sv","leg3","s","full-outl",1,1,2
"CRPS","GDPC1","-1/3","GP","sv","leg3","b","full-outl",0,0,0
"CRPS","GDPC1","-1/3","GP","sv","leg3","f","full-outl",0,0,0
"CRPS","GDPC1","-1/3","GP","sv","leg5","s","full-outl",1,1,2
"CRPS","GDPC1","-1/3","GP","sv","leg5","b","full-outl",0,0,0
"CRPS","GDPC1","-1/3","GP","sv","leg5","f","full-outl",0,0,0
"CRPS","GDPC1","-1/3","GP","sv","ber3","s","full-outl",1,1,2
"CRPS","GDPC1","-1/3","GP","sv","ber3","b","full-outl",0,1,1
"CRPS","GDPC1","-1/3","GP","sv","ber3","f","full-outl",1,1,2
"CRPS","GDPC1","-1/3","GP","sv","ber5","s","full-outl",1,1,2
"CRPS","GDPC1","-1/3","GP","sv","ber5","b","full-outl",0,0,0
"CRPS","GDPC1","-1/3","GP","sv","ber5","f","full-outl",0,0,0
"CRPS","GDPC1","-1/3","GP","sv","fou3","s","full-outl",1,1,2
"CRPS","GDPC1","-1/3","GP","sv","fou3","b","full-outl",0,0,0
"CRPS","GDPC1","-1/3","GP","sv","fou3","f","full-outl",1,1,2
"CRPS","GDPC1","-1/3","MFVAR","hom","blu","s","full-outl",1,1,2
"CRPS","GDPC1","-1/3","MFVAR","hom","blu","f","full-outl",1,1,2
"CRPS","GDPC1","-1/3","MFVAR","sv","blu","s","full-outl",0,0,0
"CRPS","GDPC1","-1/3","MFVAR","sv","blu","f","full-outl",0,0,0
"CRPS","GDPCTPI","-1/3","BLR","hom","blu","s","full-outl",1,1,2
"CRPS","GDPCTPI","-1/3","BLR","hom","blu","b","full-outl",0,0,0
"CRPS","GDPCTPI","-1/3","BLR","hom","blu","f","full-outl",0,1,1
"CRPS","GDPCTPI","-1/3","BLR","hom","svd","s","full-outl",0,0,0
"CRPS","GDPCTPI","-1/3","BLR","hom","svd","b","full-outl",0,0,0
"CRPS","GDPCTPI","-1/3","BLR","hom","svd","f","full-outl",0,0,0
"CRPS","GDPCTPI","-1/3","BLR","hom","br","s","full-outl",0,1,1
"CRPS","GDPCTPI","-1/3","BLR","hom","br","b","full-outl",1,1,2
"CRPS","GDPCTPI","-1/3","BLR","hom","br","f","full-outl",0,1,1
"CRPS","GDPCTPI","-1/3","BLR","hom","eq","s","full-outl",0,0,0
"CRPS","GDPCTPI","-1/3","BLR","hom","eq","b","full-outl",0,0,0
"CRPS","GDPCTPI","-1/3","BLR","hom","eq","f","full-outl",0,0,0
"CRPS","GDPCTPI","-1/3","BLR","hom","xalm","s","full-outl",0,0,0
"CRPS","GDPCTPI","-1/3","BLR","hom","xalm","b","full-outl",1,1,2
"CRPS","GDPCTPI","-1/3","BLR","hom","xalm","f","full-outl",0,0,0
"CRPS","GDPCTPI","-1/3","BLR","hom","alm3","s","full-outl",0,0,0
"CRPS","GDPCTPI","-1/3","BLR","hom","alm3","b","full-outl",1,1,2
"CRPS","GDPCTPI","-1/3","BLR","hom","alm3","f","full-outl",0,0,0
"CRPS","GDPCTPI","-1/3","BLR","hom","leg3","s","full-outl",1,1,2
"CRPS","GDPCTPI","-1/3","BLR","hom","leg3","b","full-outl",0,0,0
"CRPS","GDPCTPI","-1/3","BLR","hom","leg3","f","full-outl",0,0,0
"CRPS","GDPCTPI","-1/3","BLR","hom","leg5","s","full-outl",0,0,0
"CRPS","GDPCTPI","-1/3","BLR","hom","leg5","b","full-outl",0,0,0
"CRPS","GDPCTPI","-1/3","BLR","hom","leg5","f","full-outl",0,0,0
"CRPS","GDPCTPI","-1/3","BLR","hom","ber3","s","full-outl",0,0,0
"CRPS","GDPCTPI","-1/3","BLR","hom","ber3","b","full-outl",1,1,2
"CRPS","GDPCTPI","-1/3","BLR","hom","ber3","f","full-outl",0,0,0
"CRPS","GDPCTPI","-1/3","BLR","hom","ber5","s","full-outl",0,0,0
"CRPS","GDPCTPI","-1/3","BLR","hom","ber5","b","full-outl",1,1,2
"CRPS","GDPCTPI","-1/3","BLR","hom","ber5","f","full-outl",0,0,0
"CRPS","GDPCTPI","-1/3","BLR","hom","fou3","s","full-outl",0,0,0
"CRPS","GDPCTPI","-1/3","BLR","hom","fou3","b","full-outl",1,1,2
"CRPS","GDPCTPI","-1/3","BLR","hom","fou3","f","full-outl",0,0,0
"CRPS","GDPCTPI","-1/3","BART","hom","blu","s","full-outl",1,1,2
"CRPS","GDPCTPI","-1/3","BART","hom","blu","b","full-outl",1,1,2
"CRPS","GDPCTPI","-1/3","BART","hom","blu","f","full-outl",0,0,0
"CRPS","GDPCTPI","-1/3","BART","hom","svd","s","full-outl",1,1,2
"CRPS","GDPCTPI","-1/3","BART","hom","svd","b","full-outl",0,1,1
"CRPS","GDPCTPI","-1/3","BART","hom","svd","f","full-outl",0,0,0
"CRPS","GDPCTPI","-1/3","BART","hom","br","s","full-outl",0,0,0
"CRPS","GDPCTPI","-1/3","BART","hom","br","b","full-outl",1,1,2
"CRPS","GDPCTPI","-1/3","BART","hom","br","f","full-outl",0,0,0
"CRPS","GDPCTPI","-1/3","BART","hom","eq","s","full-outl",0,0,0
"CRPS","GDPCTPI","-1/3","BART","hom","eq","b","full-outl",0,0,0
"CRPS","GDPCTPI","-1/3","BART","hom","eq","f","full-outl",0,0,0
"CRPS","GDPCTPI","-1/3","BART","hom","xalm","s","full-outl",0,0,0
"CRPS","GDPCTPI","-1/3","BART","hom","xalm","b","full-outl",0,0,0
"CRPS","GDPCTPI","-1/3","BART","hom","xalm","f","full-outl",0,0,0
"CRPS","GDPCTPI","-1/3","BART","hom","alm3","s","full-outl",0,0,0
"CRPS","GDPCTPI","-1/3","BART","hom","alm3","b","full-outl",0,1,1
"CRPS","GDPCTPI","-1/3","BART","hom","alm3","f","full-outl",0,0,0
"CRPS","GDPCTPI","-1/3","BART","hom","leg3","s","full-outl",0,0,0
"CRPS","GDPCTPI","-1/3","BART","hom","leg3","b","full-outl",1,1,2
"CRPS","GDPCTPI","-1/3","BART","hom","leg3","f","full-outl",0,0,0
"CRPS","GDPCTPI","-1/3","BART","hom","leg5","s","full-outl",0,1,1
"CRPS","GDPCTPI","-1/3","BART","hom","leg5","b","full-outl",1,1,2
"CRPS","GDPCTPI","-1/3","BART","hom","leg5","f","full-outl",0,0,0
"CRPS","GDPCTPI","-1/3","BART","hom","ber3","s","full-outl",1,1,2
"CRPS","GDPCTPI","-1/3","BART","hom","ber3","b","full-outl",1,1,2
"CRPS","GDPCTPI","-1/3","BART","hom","ber3","f","full-outl",0,0,0
"CRPS","GDPCTPI","-1/3","BART","hom","ber5","s","full-outl",1,1,2
"CRPS","GDPCTPI","-1/3","BART","hom","ber5","b","full-outl",1,1,2
"CRPS","GDPCTPI","-1/3","BART","hom","ber5","f","full-outl",0,0,0
"CRPS","GDPCTPI","-1/3","BART","hom","fou3","s","full-outl",0,0,0
"CRPS","GDPCTPI","-1/3","BART","hom","fou3","b","full-outl",1,1,2
"CRPS","GDPCTPI","-1/3","BART","hom","fou3","f","full-outl",0,0,0
"CRPS","GDPCTPI","-1/3","GP","hom","blu","s","full-outl",0,0,0
"CRPS","GDPCTPI","-1/3","GP","hom","blu","b","full-outl",0,0,0
"CRPS","GDPCTPI","-1/3","GP","hom","blu","f","full-outl",0,0,0
"CRPS","GDPCTPI","-1/3","GP","hom","svd","s","full-outl",1,1,2
"CRPS","GDPCTPI","-1/3","GP","hom","svd","b","full-outl",1,1,2
"CRPS","GDPCTPI","-1/3","GP","hom","svd","f","full-outl",1,1,2
"CRPS","GDPCTPI","-1/3","GP","hom","br","s","full-outl",1,1,2
"CRPS","GDPCTPI","-1/3","GP","hom","br","b","full-outl",0,1,1
"CRPS","GDPCTPI","-1/3","GP","hom","br","f","full-outl",0,1,1
"CRPS","GDPCTPI","-1/3","GP","hom","eq","s","full-outl",1,1,2
"CRPS","GDPCTPI","-1/3","GP","hom","eq","b","full-outl",1,1,2
"CRPS","GDPCTPI","-1/3","GP","hom","eq","f","full-outl",1,1,2
"CRPS","GDPCTPI","-1/3","GP","hom","xalm","s","full-outl",1,1,2
"CRPS","GDPCTPI","-1/3","GP","hom","xalm","b","full-outl",1,1,2
"CRPS","GDPCTPI","-1/3","GP","hom","xalm","f","full-outl",0,0,0
"CRPS","GDPCTPI","-1/3","GP","hom","alm3","s","full-outl",0,0,0
"CRPS","GDPCTPI","-1/3","GP","hom","alm3","b","full-outl",1,1,2
"CRPS","GDPCTPI","-1/3","GP","hom","alm3","f","full-outl",0,0,0
"CRPS","GDPCTPI","-1/3","GP","hom","leg3","s","full-outl",0,0,0
"CRPS","GDPCTPI","-1/3","GP","hom","leg3","b","full-outl",0,0,0
"CRPS","GDPCTPI","-1/3","GP","hom","leg3","f","full-outl",0,0,0
"CRPS","GDPCTPI","-1/3","GP","hom","leg5","s","full-outl",0,0,0
"CRPS","GDPCTPI","-1/3","GP","hom","leg5","b","full-outl",0,0,0
"CRPS","GDPCTPI","-1/3","GP","hom","leg5","f","full-outl",0,0,0
"CRPS","GDPCTPI","-1/3","GP","hom","ber3","s","full-outl",1,1,2
"CRPS","GDPCTPI","-1/3","GP","hom","ber3","b","full-outl",1,1,2
"CRPS","GDPCTPI","-1/3","GP","hom","ber3","f","full-outl",0,0,0
"CRPS","GDPCTPI","-1/3","GP","hom","ber5","s","full-outl",1,1,2
"CRPS","GDPCTPI","-1/3","GP","hom","ber5","b","full-outl",1,1,2
"CRPS","GDPCTPI","-1/3","GP","hom","ber5","f","full-outl",0,0,0
"CRPS","GDPCTPI","-1/3","GP","hom","fou3","s","full-outl",0,0,0
"CRPS","GDPCTPI","-1/3","GP","hom","fou3","b","full-outl",1,1,2
"CRPS","GDPCTPI","-1/3","GP","hom","fou3","f","full-outl",0,0,0
"CRPS","GDPCTPI","-1/3","BLR","sv","blu","s","full-outl",1,1,2
"CRPS","GDPCTPI","-1/3","BLR","sv","blu","b","full-outl",0,0,0
"CRPS","GDPCTPI","-1/3","BLR","sv","blu","f","full-outl",1,1,2
"CRPS","GDPCTPI","-1/3","BLR","sv","svd","s","full-outl",1,1,2
"CRPS","GDPCTPI","-1/3","BLR","sv","svd","b","full-outl",1,1,2
"CRPS","GDPCTPI","-1/3","BLR","sv","svd","f","full-outl",1,1,2
"CRPS","GDPCTPI","-1/3","BLR","sv","br","s","full-outl",1,1,2
"CRPS","GDPCTPI","-1/3","BLR","sv","br","b","full-outl",1,1,2
"CRPS","GDPCTPI","-1/3","BLR","sv","br","f","full-outl",1,1,2
"CRPS","GDPCTPI","-1/3","BLR","sv","eq","s","full-outl",1,1,2
"CRPS","GDPCTPI","-1/3","BLR","sv","eq","b","full-outl",1,1,2
"CRPS","GDPCTPI","-1/3","BLR","sv","eq","f","full-outl",1,1,2
"CRPS","GDPCTPI","-1/3","BLR","sv","xalm","s","full-outl",1,1,2
"CRPS","GDPCTPI","-1/3","BLR","sv","xalm","b","full-outl",1,1,2
"CRPS","GDPCTPI","-1/3","BLR","sv","xalm","f","full-outl",1,1,2
"CRPS","GDPCTPI","-1/3","BLR","sv","alm3","s","full-outl",1,1,2
"CRPS","GDPCTPI","-1/3","BLR","sv","alm3","b","full-outl",1,1,2
"CRPS","GDPCTPI","-1/3","BLR","sv","alm3","f","full-outl",1,1,2
"CRPS","GDPCTPI","-1/3","BLR","sv","leg3","s","full-outl",1,1,2
"CRPS","GDPCTPI","-1/3","BLR","sv","leg3","b","full-outl",0,0,0
"CRPS","GDPCTPI","-1/3","BLR","sv","leg3","f","full-outl",1,1,2
"CRPS","GDPCTPI","-1/3","BLR","sv","leg5","s","full-outl",1,1,2
"CRPS","GDPCTPI","-1/3","BLR","sv","leg5","b","full-outl",0,0,0
"CRPS","GDPCTPI","-1/3","BLR","sv","leg5","f","full-outl",1,1,2
"CRPS","GDPCTPI","-1/3","BLR","sv","ber3","s","full-outl",1,1,2
"CRPS","GDPCTPI","-1/3","BLR","sv","ber3","b","full-outl",1,1,2
"CRPS","GDPCTPI","-1/3","BLR","sv","ber3","f","full-outl",1,1,2
"CRPS","GDPCTPI","-1/3","BLR","sv","ber5","s","full-outl",1,1,2
"CRPS","GDPCTPI","-1/3","BLR","sv","ber5","b","full-outl",1,1,2
"CRPS","GDPCTPI","-1/3","BLR","sv","ber5","f","full-outl",1,1,2
"CRPS","GDPCTPI","-1/3","BLR","sv","fou3","s","full-outl",1,1,2
"CRPS","GDPCTPI","-1/3","BLR","sv","fou3","b","full-outl",1,1,2
"CRPS","GDPCTPI","-1/3","BLR","sv","fou3","f","full-outl",1,1,2
"CRPS","GDPCTPI","-1/3","BART","sv","blu","s","full-outl",1,1,2
"CRPS","GDPCTPI","-1/3","BART","sv","blu","b","full-outl",0,0,0
"CRPS","GDPCTPI","-1/3","BART","sv","blu","f","full-outl",0,0,0
"CRPS","GDPCTPI","-1/3","BART","sv","svd","s","full-outl",1,1,2
"CRPS","GDPCTPI","-1/3","BART","sv","svd","b","full-outl",0,1,1
"CRPS","GDPCTPI","-1/3","BART","sv","svd","f","full-outl",0,0,0
"CRPS","GDPCTPI","-1/3","BART","sv","br","s","full-outl",0,0,0
"CRPS","GDPCTPI","-1/3","BART","sv","br","b","full-outl",0,0,0
"CRPS","GDPCTPI","-1/3","BART","sv","br","f","full-outl",0,0,0
"CRPS","GDPCTPI","-1/3","BART","sv","eq","s","full-outl",0,0,0
"CRPS","GDPCTPI","-1/3","BART","sv","eq","b","full-outl",0,0,0
"CRPS","GDPCTPI","-1/3","BART","sv","eq","f","full-outl",0,0,0
"CRPS","GDPCTPI","-1/3","BART","sv","xalm","s","full-outl",0,0,0
"CRPS","GDPCTPI","-1/3","BART","sv","xalm","b","full-outl",0,0,0
"CRPS","GDPCTPI","-1/3","BART","sv","xalm","f","full-outl",0,0,0
"CRPS","GDPCTPI","-1/3","BART","sv","alm3","s","full-outl",0,0,0
"CRPS","GDPCTPI","-1/3","BART","sv","alm3","b","full-outl",0,0,0
"CRPS","GDPCTPI","-1/3","BART","sv","alm3","f","full-outl",0,0,0
"CRPS","GDPCTPI","-1/3","BART","sv","leg3","s","full-outl",0,1,1
"CRPS","GDPCTPI","-1/3","BART","sv","leg3","b","full-outl",0,0,0
"CRPS","GDPCTPI","-1/3","BART","sv","leg3","f","full-outl",0,0,0
"CRPS","GDPCTPI","-1/3","BART","sv","leg5","s","full-outl",0,0,0
"CRPS","GDPCTPI","-1/3","BART","sv","leg5","b","full-outl",0,0,0
"CRPS","GDPCTPI","-1/3","BART","sv","leg5","f","full-outl",0,0,0
"CRPS","GDPCTPI","-1/3","BART","sv","ber3","s","full-outl",1,1,2
"CRPS","GDPCTPI","-1/3","BART","sv","ber3","b","full-outl",0,0,0
"CRPS","GDPCTPI","-1/3","BART","sv","ber3","f","full-outl",0,0,0
"CRPS","GDPCTPI","-1/3","BART","sv","ber5","s","full-outl",1,1,2
"CRPS","GDPCTPI","-1/3","BART","sv","ber5","b","full-outl",0,0,0
"CRPS","GDPCTPI","-1/3","BART","sv","ber5","f","full-outl",0,0,0
"CRPS","GDPCTPI","-1/3","BART","sv","fou3","s","full-outl",0,1,1
"CRPS","GDPCTPI","-1/3","BART","sv","fou3","b","full-outl",0,0,0
"CRPS","GDPCTPI","-1/3","BART","sv","fou3","f","full-outl",0,0,0
"CRPS","GDPCTPI","-1/3","GP","sv","blu","s","full-outl",1,1,2
"CRPS","GDPCTPI","-1/3","GP","sv","blu","b","full-outl",0,1,1
"CRPS","GDPCTPI","-1/3","GP","sv","blu","f","full-outl",0,0,0
"CRPS","GDPCTPI","-1/3","GP","sv","svd","s","full-outl",1,1,2
"CRPS","GDPCTPI","-1/3","GP","sv","svd","b","full-outl",1,1,2
"CRPS","GDPCTPI","-1/3","GP","sv","svd","f","full-outl",1,1,2
"CRPS","GDPCTPI","-1/3","GP","sv","br","s","full-outl",1,1,2
"CRPS","GDPCTPI","-1/3","GP","sv","br","b","full-outl",0,1,1
"CRPS","GDPCTPI","-1/3","GP","sv","br","f","full-outl",1,1,2
"CRPS","GDPCTPI","-1/3","GP","sv","eq","s","full-outl",1,1,2
"CRPS","GDPCTPI","-1/3","GP","sv","eq","b","full-outl",1,1,2
"CRPS","GDPCTPI","-1/3","GP","sv","eq","f","full-outl",1,1,2
"CRPS","GDPCTPI","-1/3","GP","sv","xalm","s","full-outl",1,1,2
"CRPS","GDPCTPI","-1/3","GP","sv","xalm","b","full-outl",1,1,2
"CRPS","GDPCTPI","-1/3","GP","sv","xalm","f","full-outl",1,1,2
"CRPS","GDPCTPI","-1/3","GP","sv","alm3","s","full-outl",1,1,2
"CRPS","GDPCTPI","-1/3","GP","sv","alm3","b","full-outl",1,1,2
"CRPS","GDPCTPI","-1/3","GP","sv","alm3","f","full-outl",0,0,0
"CRPS","GDPCTPI","-1/3","GP","sv","leg3","s","full-outl",0,1,1
"CRPS","GDPCTPI","-1/3","GP","sv","leg3","b","full-outl",0,0,0
"CRPS","GDPCTPI","-1/3","GP","sv","leg3","f","full-outl",0,0,0
"CRPS","GDPCTPI","-1/3","GP","sv","leg5","s","full-outl",1,1,2
"CRPS","GDPCTPI","-1/3","GP","sv","leg5","b","full-outl",0,0,0
"CRPS","GDPCTPI","-1/3","GP","sv","leg5","f","full-outl",0,0,0
"CRPS","GDPCTPI","-1/3","GP","sv","ber3","s","full-outl",1,1,2
"CRPS","GDPCTPI","-1/3","GP","sv","ber3","b","full-outl",1,1,2
"CRPS","GDPCTPI","-1/3","GP","sv","ber3","f","full-outl",1,1,2
"CRPS","GDPCTPI","-1/3","GP","sv","ber5","s","full-outl",1,1,2
"CRPS","GDPCTPI","-1/3","GP","sv","ber5","b","full-outl",0,1,1
"CRPS","GDPCTPI","-1/3","GP","sv","ber5","f","full-outl",1,1,2
"CRPS","GDPCTPI","-1/3","GP","sv","fou3","s","full-outl",1,1,2
"CRPS","GDPCTPI","-1/3","GP","sv","fou3","b","full-outl",1,1,2
"CRPS","GDPCTPI","-1/3","GP","sv","fou3","f","full-outl",0,0,0
"CRPS","GDPCTPI","-1/3","MFVAR","hom","blu","s","full-outl",0,0,0
"CRPS","GDPCTPI","-1/3","MFVAR","hom","blu","f","full-outl",0,0,0
"CRPS","GDPCTPI","-1/3","MFVAR","sv","blu","s","full-outl",0,0,0
"CRPS","GDPCTPI","-1/3","MFVAR","sv","blu","f","full-outl",0,0,0
"CRPS","GDPC1","5/3","BLR","hom","blu","s","pre2020",0,0,0
"CRPS","GDPC1","5/3","BLR","hom","blu","b","pre2020",1,1,2
"CRPS","GDPC1","5/3","BLR","hom","blu","f","pre2020",0,0,0
"CRPS","GDPC1","5/3","BLR","hom","svd","s","pre2020",0,0,0
"CRPS","GDPC1","5/3","BLR","hom","svd","b","pre2020",0,0,0
"CRPS","GDPC1","5/3","BLR","hom","svd","f","pre2020",0,0,0
"CRPS","GDPC1","5/3","BLR","hom","br","s","pre2020",1,1,2
"CRPS","GDPC1","5/3","BLR","hom","br","b","pre2020",1,1,2
"CRPS","GDPC1","5/3","BLR","hom","br","f","pre2020",0,0,0
"CRPS","GDPC1","5/3","BLR","hom","eq","s","pre2020",0,0,0
"CRPS","GDPC1","5/3","BLR","hom","eq","b","pre2020",0,0,0
"CRPS","GDPC1","5/3","BLR","hom","eq","f","pre2020",0,0,0
"CRPS","GDPC1","5/3","BLR","hom","xalm","s","pre2020",1,1,2
"CRPS","GDPC1","5/3","BLR","hom","xalm","b","pre2020",0,0,0
"CRPS","GDPC1","5/3","BLR","hom","xalm","f","pre2020",0,0,0
"CRPS","GDPC1","5/3","BLR","hom","alm3","s","pre2020",0,0,0
"CRPS","GDPC1","5/3","BLR","hom","alm3","b","pre2020",1,1,2
"CRPS","GDPC1","5/3","BLR","hom","alm3","f","pre2020",0,0,0
"CRPS","GDPC1","5/3","BLR","hom","leg3","s","pre2020",0,0,0
"CRPS","GDPC1","5/3","BLR","hom","leg3","b","pre2020",1,1,2
"CRPS","GDPC1","5/3","BLR","hom","leg3","f","pre2020",0,0,0
"CRPS","GDPC1","5/3","BLR","hom","leg5","s","pre2020",0,0,0
"CRPS","GDPC1","5/3","BLR","hom","leg5","b","pre2020",1,1,2
"CRPS","GDPC1","5/3","BLR","hom","leg5","f","pre2020",0,0,0
"CRPS","GDPC1","5/3","BLR","hom","ber3","s","pre2020",1,1,2
"CRPS","GDPC1","5/3","BLR","hom","ber3","b","pre2020",0,1,1
"CRPS","GDPC1","5/3","BLR","hom","ber3","f","pre2020",0,0,0
"CRPS","GDPC1","5/3","BLR","hom","ber5","s","pre2020",1,1,2
"CRPS","GDPC1","5/3","BLR","hom","ber5","b","pre2020",1,1,2
"CRPS","GDPC1","5/3","BLR","hom","ber5","f","pre2020",0,0,0
"CRPS","GDPC1","5/3","BLR","hom","fou3","s","pre2020",0,0,0
"CRPS","GDPC1","5/3","BLR","hom","fou3","b","pre2020",1,1,2
"CRPS","GDPC1","5/3","BLR","hom","fou3","f","pre2020",0,0,0
"CRPS","GDPC1","5/3","BART","hom","blu","s","pre2020",0,0,0
"CRPS","GDPC1","5/3","BART","hom","blu","b","pre2020",0,0,0
"CRPS","GDPC1","5/3","BART","hom","blu","f","pre2020",0,0,0
"CRPS","GDPC1","5/3","BART","hom","svd","s","pre2020",0,0,0
"CRPS","GDPC1","5/3","BART","hom","svd","b","pre2020",0,0,0
"CRPS","GDPC1","5/3","BART","hom","svd","f","pre2020",1,1,2
"CRPS","GDPC1","5/3","BART","hom","br","s","pre2020",0,1,1
"CRPS","GDPC1","5/3","BART","hom","br","b","pre2020",0,1,1
"CRPS","GDPC1","5/3","BART","hom","br","f","pre2020",0,0,0
"CRPS","GDPC1","5/3","BART","hom","eq","s","pre2020",0,1,1
"CRPS","GDPC1","5/3","BART","hom","eq","b","pre2020",1,1,2
"CRPS","GDPC1","5/3","BART","hom","eq","f","pre2020",0,0,0
"CRPS","GDPC1","5/3","BART","hom","xalm","s","pre2020",1,1,2
"CRPS","GDPC1","5/3","BART","hom","xalm","b","pre2020",1,1,2
"CRPS","GDPC1","5/3","BART","hom","xalm","f","pre2020",0,0,0
"CRPS","GDPC1","5/3","BART","hom","alm3","s","pre2020",0,0,0
"CRPS","GDPC1","5/3","BART","hom","alm3","b","pre2020",1,1,2
"CRPS","GDPC1","5/3","BART","hom","alm3","f","pre2020",0,0,0
"CRPS","GDPC1","5/3","BART","hom","leg3","s","pre2020",0,0,0
"CRPS","GDPC1","5/3","BART","hom","leg3","b","pre2020",1,1,2
"CRPS","GDPC1","5/3","BART","hom","leg3","f","pre2020",0,0,0
"CRPS","GDPC1","5/3","BART","hom","leg5","s","pre2020",0,0,0
"CRPS","GDPC1","5/3","BART","hom","leg5","b","pre2020",0,0,0
"CRPS","GDPC1","5/3","BART","hom","leg5","f","pre2020",0,0,0
"CRPS","GDPC1","5/3","BART","hom","ber3","s","pre2020",1,1,2
"CRPS","GDPC1","5/3","BART","hom","ber3","b","pre2020",1,1,2
"CRPS","GDPC1","5/3","BART","hom","ber3","f","pre2020",0,0,0
"CRPS","GDPC1","5/3","BART","hom","ber5","s","pre2020",0,0,0
"CRPS","GDPC1","5/3","BART","hom","ber5","b","pre2020",1,1,2
"CRPS","GDPC1","5/3","BART","hom","ber5","f","pre2020",0,0,0
"CRPS","GDPC1","5/3","BART","hom","fou3","s","pre2020",0,0,0
"CRPS","GDPC1","5/3","BART","hom","fou3","b","pre2020",1,1,2
"CRPS","GDPC1","5/3","BART","hom","fou3","f","pre2020",0,0,0
"CRPS","GDPC1","5/3","GP","hom","blu","s","pre2020",0,1,1
"CRPS","GDPC1","5/3","GP","hom","blu","b","pre2020",1,1,2
"CRPS","GDPC1","5/3","GP","hom","blu","f","pre2020",0,0,0
"CRPS","GDPC1","5/3","GP","hom","svd","s","pre2020",0,0,0
"CRPS","GDPC1","5/3","GP","hom","svd","b","pre2020",0,1,1
"CRPS","GDPC1","5/3","GP","hom","svd","f","pre2020",0,0,0
"CRPS","GDPC1","5/3","GP","hom","br","s","pre2020",1,1,2
"CRPS","GDPC1","5/3","GP","hom","br","b","pre2020",1,1,2
"CRPS","GDPC1","5/3","GP","hom","br","f","pre2020",0,0,0
"CRPS","GDPC1","5/3","GP","hom","eq","s","pre2020",0,0,0
"CRPS","GDPC1","5/3","GP","hom","eq","b","pre2020",0,0,0
"CRPS","GDPC1","5/3","GP","hom","eq","f","pre2020",0,0,0
"CRPS","GDPC1","5/3","GP","hom","xalm","s","pre2020",0,0,0
"CRPS","GDPC1","5/3","GP","hom","xalm","b","pre2020",1,1,2
"CRPS","GDPC1","5/3","GP","hom","xalm","f","pre2020",0,0,0
"CRPS","GDPC1","5/3","GP","hom","alm3","s","pre2020",1,1,2
"CRPS","GDPC1","5/3","GP","hom","alm3","b","pre2020",0,1,1
"CRPS","GDPC1","5/3","GP","hom","alm3","f","pre2020",0,0,0
"CRPS","GDPC1","5/3","GP","hom","leg3","s","pre2020",1,1,2
"CRPS","GDPC1","5/3","GP","hom","leg3","b","pre2020",1,1,2
"CRPS","GDPC1","5/3","GP","hom","leg3","f","pre2020",0,0,0
"CRPS","GDPC1","5/3","GP","hom","leg5","s","pre2020",0,0,0
"CRPS","GDPC1","5/3","GP","hom","leg5","b","pre2020",0,0,0
"CRPS","GDPC1","5/3","GP","hom","leg5","f","pre2020",0,0,0
"CRPS","GDPC1","5/3","GP","hom","ber3","s","pre2020",1,1,2
"CRPS","GDPC1","5/3","GP","hom","ber3","b","pre2020",1,1,2
"CRPS","GDPC1","5/3","GP","hom","ber3","f","pre2020",0,0,0
"CRPS","GDPC1","5/3","GP","hom","ber5","s","pre2020",1,1,2
"CRPS","GDPC1","5/3","GP","hom","ber5","b","pre2020",0,1,1
"CRPS","GDPC1","5/3","GP","hom","ber5","f","pre2020",0,0,0
"CRPS","GDPC1","5/3","GP","hom","fou3","s","pre2020",1,1,2
"CRPS","GDPC1","5/3","GP","hom","fou3","b","pre2020",0,1,1
"CRPS","GDPC1","5/3","GP","hom","fou3","f","pre2020",0,0,0
"CRPS","GDPC1","5/3","BLR","sv","blu","s","pre2020",0,0,0
"CRPS","GDPC1","5/3","BLR","sv","blu","b","pre2020",1,1,2
"CRPS","GDPC1","5/3","BLR","sv","blu","f","pre2020",0,0,0
"CRPS","GDPC1","5/3","BLR","sv","svd","s","pre2020",0,0,0
"CRPS","GDPC1","5/3","BLR","sv","svd","b","pre2020",0,0,0
"CRPS","GDPC1","5/3","BLR","sv","svd","f","pre2020",0,0,0
"CRPS","GDPC1","5/3","BLR","sv","br","s","pre2020",0,0,0
"CRPS","GDPC1","5/3","BLR","sv","br","b","pre2020",0,0,0
"CRPS","GDPC1","5/3","BLR","sv","br","f","pre2020",0,0,0
"CRPS","GDPC1","5/3","BLR","sv","eq","s","pre2020",0,0,0
"CRPS","GDPC1","5/3","BLR","sv","eq","b","pre2020",0,0,0
"CRPS","GDPC1","5/3","BLR","sv","eq","f","pre2020",0,0,0
"CRPS","GDPC1","5/3","BLR","sv","xalm","s","pre2020",0,0,0
"CRPS","GDPC1","5/3","BLR","sv","xalm","b","pre2020",0,0,0
"CRPS","GDPC1","5/3","BLR","sv","xalm","f","pre2020",0,0,0
"CRPS","GDPC1","5/3","BLR","sv","alm3","s","pre2020",0,0,0
"CRPS","GDPC1","5/3","BLR","sv","alm3","b","pre2020",1,1,2
"CRPS","GDPC1","5/3","BLR","sv","alm3","f","pre2020",0,0,0
"CRPS","GDPC1","5/3","BLR","sv","leg3","s","pre2020",0,0,0
"CRPS","GDPC1","5/3","BLR","sv","leg3","b","pre2020",0,0,0
"CRPS","GDPC1","5/3","BLR","sv","leg3","f","pre2020",0,0,0
"CRPS","GDPC1","5/3","BLR","sv","leg5","s","pre2020",0,0,0
"CRPS","GDPC1","5/3","BLR","sv","leg5","b","pre2020",1,1,2
"CRPS","GDPC1","5/3","BLR","sv","leg5","f","pre2020",0,0,0
"CRPS","GDPC1","5/3","BLR","sv","ber3","s","pre2020",0,0,0
"CRPS","GDPC1","5/3","BLR","sv","ber3","b","pre2020",0,0,0
"CRPS","GDPC1","5/3","BLR","sv","ber3","f","pre2020",0,0,0
"CRPS","GDPC1","5/3","BLR","sv","ber5","s","pre2020",0,0,0
"CRPS","GDPC1","5/3","BLR","sv","ber5","b","pre2020",0,0,0
"CRPS","GDPC1","5/3","BLR","sv","ber5","f","pre2020",0,0,0
"CRPS","GDPC1","5/3","BLR","sv","fou3","s","pre2020",0,0,0
"CRPS","GDPC1","5/3","BLR","sv","fou3","b","pre2020",1,1,2
"CRPS","GDPC1","5/3","BLR","sv","fou3","f","pre2020",0,0,0
"CRPS","GDPC1","5/3","BART","sv","blu","s","pre2020",0,0,0
"CRPS","GDPC1","5/3","BART","sv","blu","b","pre2020",0,0,0
"CRPS","GDPC1","5/3","BART","sv","blu","f","pre2020",0,0,0
"CRPS","GDPC1","5/3","BART","sv","svd","s","pre2020",0,0,0
"CRPS","GDPC1","5/3","BART","sv","svd","b","pre2020",0,0,0
"CRPS","GDPC1","5/3","BART","sv","svd","f","pre2020",0,0,0
"CRPS","GDPC1","5/3","BART","sv","br","s","pre2020",0,0,0
"CRPS","GDPC1","5/3","BART","sv","br","b","pre2020",0,0,0
"CRPS","GDPC1","5/3","BART","sv","br","f","pre2020",0,0,0
"CRPS","GDPC1","5/3","BART","sv","eq","s","pre2020",0,0,0
"CRPS","GDPC1","5/3","BART","sv","eq","b","pre2020",0,0,0
"CRPS","GDPC1","5/3","BART","sv","eq","f","pre2020",0,0,0
"CRPS","GDPC1","5/3","BART","sv","xalm","s","pre2020",1,1,2
"CRPS","GDPC1","5/3","BART","sv","xalm","b","pre2020",1,1,2
"CRPS","GDPC1","5/3","BART","sv","xalm","f","pre2020",0,0,0
"CRPS","GDPC1","5/3","BART","sv","alm3","s","pre2020",0,0,0
"CRPS","GDPC1","5/3","BART","sv","alm3","b","pre2020",0,0,0
"CRPS","GDPC1","5/3","BART","sv","alm3","f","pre2020",0,0,0
"CRPS","GDPC1","5/3","BART","sv","leg3","s","pre2020",0,0,0
"CRPS","GDPC1","5/3","BART","sv","leg3","b","pre2020",0,0,0
"CRPS","GDPC1","5/3","BART","sv","leg3","f","pre2020",0,0,0
"CRPS","GDPC1","5/3","BART","sv","leg5","s","pre2020",0,0,0
"CRPS","GDPC1","5/3","BART","sv","leg5","b","pre2020",0,0,0
"CRPS","GDPC1","5/3","BART","sv","leg5","f","pre2020",0,0,0
"CRPS","GDPC1","5/3","BART","sv","ber3","s","pre2020",0,0,0
"CRPS","GDPC1","5/3","BART","sv","ber3","b","pre2020",0,0,0
"CRPS","GDPC1","5/3","BART","sv","ber3","f","pre2020",0,0,0
"CRPS","GDPC1","5/3","BART","sv","ber5","s","pre2020",0,0,0
"CRPS","GDPC1","5/3","BART","sv","ber5","b","pre2020",0,0,0
"CRPS","GDPC1","5/3","BART","sv","ber5","f","pre2020",0,0,0
"CRPS","GDPC1","5/3","BART","sv","fou3","s","pre2020",0,0,0
"CRPS","GDPC1","5/3","BART","sv","fou3","b","pre2020",0,1,1
"CRPS","GDPC1","5/3","BART","sv","fou3","f","pre2020",0,0,0
"CRPS","GDPC1","5/3","GP","sv","blu","s","pre2020",0,0,0
"CRPS","GDPC1","5/3","GP","sv","blu","b","pre2020",0,0,0
"CRPS","GDPC1","5/3","GP","sv","blu","f","pre2020",0,0,0
"CRPS","GDPC1","5/3","GP","sv","svd","s","pre2020",0,0,0
"CRPS","GDPC1","5/3","GP","sv","svd","b","pre2020",0,0,0
"CRPS","GDPC1","5/3","GP","sv","svd","f","pre2020",0,0,0
"CRPS","GDPC1","5/3","GP","sv","br","s","pre2020",0,0,0
"CRPS","GDPC1","5/3","GP","sv","br","b","pre2020",0,0,0
"CRPS","GDPC1","5/3","GP","sv","br","f","pre2020",0,0,0
"CRPS","GDPC1","5/3","GP","sv","eq","s","pre2020",0,0,0
"CRPS","GDPC1","5/3","GP","sv","eq","b","pre2020",0,0,0
"CRPS","GDPC1","5/3","GP","sv","eq","f","pre2020",0,0,0
"CRPS","GDPC1","5/3","GP","sv","xalm","s","pre2020",0,0,0
"CRPS","GDPC1","5/3","GP","sv","xalm","b","pre2020",1,1,2
"CRPS","GDPC1","5/3","GP","sv","xalm","f","pre2020",0,0,0
"CRPS","GDPC1","5/3","GP","sv","alm3","s","pre2020",0,0,0
"CRPS","GDPC1","5/3","GP","sv","alm3","b","pre2020",0,0,0
"CRPS","GDPC1","5/3","GP","sv","alm3","f","pre2020",0,0,0
"CRPS","GDPC1","5/3","GP","sv","leg3","s","pre2020",0,0,0
"CRPS","GDPC1","5/3","GP","sv","leg3","b","pre2020",0,0,0
"CRPS","GDPC1","5/3","GP","sv","leg3","f","pre2020",0,0,0
"CRPS","GDPC1","5/3","GP","sv","leg5","s","pre2020",0,0,0
"CRPS","GDPC1","5/3","GP","sv","leg5","b","pre2020",0,0,0
"CRPS","GDPC1","5/3","GP","sv","leg5","f","pre2020",0,0,0
"CRPS","GDPC1","5/3","GP","sv","ber3","s","pre2020",0,0,0
"CRPS","GDPC1","5/3","GP","sv","ber3","b","pre2020",0,0,0
"CRPS","GDPC1","5/3","GP","sv","ber3","f","pre2020",0,0,0
"CRPS","GDPC1","5/3","GP","sv","ber5","s","pre2020",0,0,0
"CRPS","GDPC1","5/3","GP","sv","ber5","b","pre2020",0,0,0
"CRPS","GDPC1","5/3","GP","sv","ber5","f","pre2020",0,0,0
"CRPS","GDPC1","5/3","GP","sv","fou3","s","pre2020",0,0,0
"CRPS","GDPC1","5/3","GP","sv","fou3","b","pre2020",0,0,0
"CRPS","GDPC1","5/3","GP","sv","fou3","f","pre2020",0,0,0
"CRPS","GDPC1","5/3","MFVAR","hom","blu","s","pre2020",1,1,2
"CRPS","GDPC1","5/3","MFVAR","hom","blu","f","pre2020",0,0,0
"CRPS","GDPC1","5/3","MFVAR","sv","blu","s","pre2020",0,0,0
"CRPS","GDPC1","5/3","MFVAR","sv","blu","f","pre2020",0,0,0
"CRPS","GDPCTPI","5/3","BLR","hom","blu","s","pre2020",1,1,2
"CRPS","GDPCTPI","5/3","BLR","hom","blu","b","pre2020",0,0,0
"CRPS","GDPCTPI","5/3","BLR","hom","blu","f","pre2020",1,1,2
"CRPS","GDPCTPI","5/3","BLR","hom","svd","s","pre2020",0,0,0
"CRPS","GDPCTPI","5/3","BLR","hom","svd","b","pre2020",0,0,0
"CRPS","GDPCTPI","5/3","BLR","hom","svd","f","pre2020",0,0,0
"CRPS","GDPCTPI","5/3","BLR","hom","br","s","pre2020",1,1,2
"CRPS","GDPCTPI","5/3","BLR","hom","br","b","pre2020",1,1,2
"CRPS","GDPCTPI","5/3","BLR","hom","br","f","pre2020",1,1,2
"CRPS","GDPCTPI","5/3","BLR","hom","eq","s","pre2020",1,1,2
"CRPS","GDPCTPI","5/3","BLR","hom","eq","b","pre2020",1,1,2
"CRPS","GDPCTPI","5/3","BLR","hom","eq","f","pre2020",1,1,2
"CRPS","GDPCTPI","5/3","BLR","hom","xalm","s","pre2020",0,0,0
"CRPS","GDPCTPI","5/3","BLR","hom","xalm","b","pre2020",0,0,0
"CRPS","GDPCTPI","5/3","BLR","hom","xalm","f","pre2020",1,1,2
"CRPS","GDPCTPI","5/3","BLR","hom","alm3","s","pre2020",1,1,2
"CRPS","GDPCTPI","5/3","BLR","hom","alm3","b","pre2020",1,1,2
"CRPS","GDPCTPI","5/3","BLR","hom","alm3","f","pre2020",1,1,2
"CRPS","GDPCTPI","5/3","BLR","hom","leg3","s","pre2020",1,1,2
"CRPS","GDPCTPI","5/3","BLR","hom","leg3","b","pre2020",1,1,2
"CRPS","GDPCTPI","5/3","BLR","hom","leg3","f","pre2020",1,1,2
"CRPS","GDPCTPI","5/3","BLR","hom","leg5","s","pre2020",1,1,2
"CRPS","GDPCTPI","5/3","BLR","hom","leg5","b","pre2020",1,1,2
"CRPS","GDPCTPI","5/3","BLR","hom","leg5","f","pre2020",0,0,0
"CRPS","GDPCTPI","5/3","BLR","hom","ber3","s","pre2020",0,0,0
"CRPS","GDPCTPI","5/3","BLR","hom","ber3","b","pre2020",0,1,1
"CRPS","GDPCTPI","5/3","BLR","hom","ber3","f","pre2020",1,1,2
"CRPS","GDPCTPI","5/3","BLR","hom","ber5","s","pre2020",1,1,2
"CRPS","GDPCTPI","5/3","BLR","hom","ber5","b","pre2020",1,1,2
"CRPS","GDPCTPI","5/3","BLR","hom","ber5","f","pre2020",1,1,2
"CRPS","GDPCTPI","5/3","BLR","hom","fou3","s","pre2020",1,1,2
"CRPS","GDPCTPI","5/3","BLR","hom","fou3","b","pre2020",1,1,2
"CRPS","GDPCTPI","5/3","BLR","hom","fou3","f","pre2020",1,1,2
"CRPS","GDPCTPI","5/3","BART","hom","blu","s","pre2020",0,0,0
"CRPS","GDPCTPI","5/3","BART","hom","blu","b","pre2020",0,0,0
"CRPS","GDPCTPI","5/3","BART","hom","blu","f","pre2020",0,0,0
"CRPS","GDPCTPI","5/3","BART","hom","svd","s","pre2020",0,0,0
"CRPS","GDPCTPI","5/3","BART","hom","svd","b","pre2020",0,0,0
"CRPS","GDPCTPI","5/3","BART","hom","svd","f","pre2020",0,0,0
"CRPS","GDPCTPI","5/3","BART","hom","br","s","pre2020",0,0,0
"CRPS","GDPCTPI","5/3","BART","hom","br","b","pre2020",1,1,2
"CRPS","GDPCTPI","5/3","BART","hom","br","f","pre2020",0,0,0
"CRPS","GDPCTPI","5/3","BART","hom","eq","s","pre2020",0,0,0
"CRPS","GDPCTPI","5/3","BART","hom","eq","b","pre2020",0,0,0
"CRPS","GDPCTPI","5/3","BART","hom","eq","f","pre2020",0,0,0
"CRPS","GDPCTPI","5/3","BART","hom","xalm","s","pre2020",0,0,0
"CRPS","GDPCTPI","5/3","BART","hom","xalm","b","pre2020",0,0,0
"CRPS","GDPCTPI","5/3","BART","hom","xalm","f","pre2020",0,0,0
"CRPS","GDPCTPI","5/3","BART","hom","alm3","s","pre2020",1,1,2
"CRPS","GDPCTPI","5/3","BART","hom","alm3","b","pre2020",0,0,0
"CRPS","GDPCTPI","5/3","BART","hom","alm3","f","pre2020",0,0,0
"CRPS","GDPCTPI","5/3","BART","hom","leg3","s","pre2020",0,0,0
"CRPS","GDPCTPI","5/3","BART","hom","leg3","b","pre2020",0,0,0
"CRPS","GDPCTPI","5/3","BART","hom","leg3","f","pre2020",0,0,0
"CRPS","GDPCTPI","5/3","BART","hom","leg5","s","pre2020",0,0,0
"CRPS","GDPCTPI","5/3","BART","hom","leg5","b","pre2020",0,0,0
"CRPS","GDPCTPI","5/3","BART","hom","leg5","f","pre2020",0,0,0
"CRPS","GDPCTPI","5/3","BART","hom","ber3","s","pre2020",0,0,0
"CRPS","GDPCTPI","5/3","BART","hom","ber3","b","pre2020",0,0,0
"CRPS","GDPCTPI","5/3","BART","hom","ber3","f","pre2020",0,0,0
"CRPS","GDPCTPI","5/3","BART","hom","ber5","s","pre2020",0,0,0
"CRPS","GDPCTPI","5/3","BART","hom","ber5","b","pre2020",0,0,0
"CRPS","GDPCTPI","5/3","BART","hom","ber5","f","pre2020",0,0,0
"CRPS","GDPCTPI","5/3","BART","hom","fou3","s","pre2020",0,0,0
"CRPS","GDPCTPI","5/3","BART","hom","fou3","b","pre2020",0,0,0
"CRPS","GDPCTPI","5/3","BART","hom","fou3","f","pre2020",0,0,0
"CRPS","GDPCTPI","5/3","GP","hom","blu","s","pre2020",1,1,2
"CRPS","GDPCTPI","5/3","GP","hom","blu","b","pre2020",0,0,0
"CRPS","GDPCTPI","5/3","GP","hom","blu","f","pre2020",1,1,2
"CRPS","GDPCTPI","5/3","GP","hom","svd","s","pre2020",0,0,0
"CRPS","GDPCTPI","5/3","GP","hom","svd","b","pre2020",0,0,0
"CRPS","GDPCTPI","5/3","GP","hom","svd","f","pre2020",0,0,0
"CRPS","GDPCTPI","5/3","GP","hom","br","s","pre2020",0,0,0
"CRPS","GDPCTPI","5/3","GP","hom","br","b","pre2020",1,1,2
"CRPS","GDPCTPI","5/3","GP","hom","br","f","pre2020",0,0,0
"CRPS","GDPCTPI","5/3","GP","hom","eq","s","pre2020",0,0,0
"CRPS","GDPCTPI","5/3","GP","hom","eq","b","pre2020",0,0,0
"CRPS","GDPCTPI","5/3","GP","hom","eq","f","pre2020",0,0,0
"CRPS","GDPCTPI","5/3","GP","hom","xalm","s","pre2020",0,0,0
"CRPS","GDPCTPI","5/3","GP","hom","xalm","b","pre2020",0,0,0
"CRPS","GDPCTPI","5/3","GP","hom","xalm","f","pre2020",0,0,0
"CRPS","GDPCTPI","5/3","GP","hom","alm3","s","pre2020",0,0,0
"CRPS","GDPCTPI","5/3","GP","hom","alm3","b","pre2020",0,0,0
"CRPS","GDPCTPI","5/3","GP","hom","alm3","f","pre2020",0,0,0
"CRPS","GDPCTPI","5/3","GP","hom","leg3","s","pre2020",0,0,0
"CRPS","GDPCTPI","5/3","GP","hom","leg3","b","pre2020",1,1,2
"CRPS","GDPCTPI","5/3","GP","hom","leg3","f","pre2020",1,1,2
"CRPS","GDPCTPI","5/3","GP","hom","leg5","s","pre2020",0,0,0
"CRPS","GDPCTPI","5/3","GP","hom","leg5","b","pre2020",0,1,1
"CRPS","GDPCTPI","5/3","GP","hom","leg5","f","pre2020",0,0,0
"CRPS","GDPCTPI","5/3","GP","hom","ber3","s","pre2020",0,0,0
"CRPS","GDPCTPI","5/3","GP","hom","ber3","b","pre2020",1,1,2
"CRPS","GDPCTPI","5/3","GP","hom","ber3","f","pre2020",0,0,0
"CRPS","GDPCTPI","5/3","GP","hom","ber5","s","pre2020",0,0,0
"CRPS","GDPCTPI","5/3","GP","hom","ber5","b","pre2020",1,1,2
"CRPS","GDPCTPI","5/3","GP","hom","ber5","f","pre2020",0,0,0
"CRPS","GDPCTPI","5/3","GP","hom","fou3","s","pre2020",0,0,0
"CRPS","GDPCTPI","5/3","GP","hom","fou3","b","pre2020",0,0,0
"CRPS","GDPCTPI","5/3","GP","hom","fou3","f","pre2020",0,0,0
"CRPS","GDPCTPI","5/3","BLR","sv","blu","s","pre2020",0,0,0
"CRPS","GDPCTPI","5/3","BLR","sv","blu","b","pre2020",1,1,2
"CRPS","GDPCTPI","5/3","BLR","sv","blu","f","pre2020",0,0,0
"CRPS","GDPCTPI","5/3","BLR","sv","svd","s","pre2020",0,0,0
"CRPS","GDPCTPI","5/3","BLR","sv","svd","b","pre2020",1,1,2
"CRPS","GDPCTPI","5/3","BLR","sv","svd","f","pre2020",0,0,0
"CRPS","GDPCTPI","5/3","BLR","sv","br","s","pre2020",0,0,0
"CRPS","GDPCTPI","5/3","BLR","sv","br","b","pre2020",1,1,2
"CRPS","GDPCTPI","5/3","BLR","sv","br","f","pre2020",0,0,0
"CRPS","GDPCTPI","5/3","BLR","sv","eq","s","pre2020",0,0,0
"CRPS","GDPCTPI","5/3","BLR","sv","eq","b","pre2020",1,1,2
"CRPS","GDPCTPI","5/3","BLR","sv","eq","f","pre2020",1,1,2
"CRPS","GDPCTPI","5/3","BLR","sv","xalm","s","pre2020",0,0,0
"CRPS","GDPCTPI","5/3","BLR","sv","xalm","b","pre2020",1,1,2
"CRPS","GDPCTPI","5/3","BLR","sv","xalm","f","pre2020",0,0,0
"CRPS","GDPCTPI","5/3","BLR","sv","alm3","s","pre2020",0,0,0
"CRPS","GDPCTPI","5/3","BLR","sv","alm3","b","pre2020",1,1,2
"CRPS","GDPCTPI","5/3","BLR","sv","alm3","f","pre2020",1,1,2
"CRPS","GDPCTPI","5/3","BLR","sv","leg3","s","pre2020",0,0,0
"CRPS","GDPCTPI","5/3","BLR","sv","leg3","b","pre2020",1,1,2
"CRPS","GDPCTPI","5/3","BLR","sv","leg3","f","pre2020",0,0,0
"CRPS","GDPCTPI","5/3","BLR","sv","leg5","s","pre2020",0,0,0
"CRPS","GDPCTPI","5/3","BLR","sv","leg5","b","pre2020",0,0,0
"CRPS","GDPCTPI","5/3","BLR","sv","leg5","f","pre2020",0,0,0
"CRPS","GDPCTPI","5/3","BLR","sv","ber3","s","pre2020",0,0,0
"CRPS","GDPCTPI","5/3","BLR","sv","ber3","b","pre2020",0,0,0
"CRPS","GDPCTPI","5/3","BLR","sv","ber3","f","pre2020",0,0,0
"CRPS","GDPCTPI","5/3","BLR","sv","ber5","s","pre2020",0,0,0
"CRPS","GDPCTPI","5/3","BLR","sv","ber5","b","pre2020",0,0,0
"CRPS","GDPCTPI","5/3","BLR","sv","ber5","f","pre2020",0,0,0
"CRPS","GDPCTPI","5/3","BLR","sv","fou3","s","pre2020",0,0,0
"CRPS","GDPCTPI","5/3","BLR","sv","fou3","b","pre2020",0,0,0
"CRPS","GDPCTPI","5/3","BLR","sv","fou3","f","pre2020",1,1,2
"CRPS","GDPCTPI","5/3","BART","sv","blu","s","pre2020",0,0,0
"CRPS","GDPCTPI","5/3","BART","sv","blu","b","pre2020",0,0,0
"CRPS","GDPCTPI","5/3","BART","sv","blu","f","pre2020",0,0,0
"CRPS","GDPCTPI","5/3","BART","sv","svd","s","pre2020",0,0,0
"CRPS","GDPCTPI","5/3","BART","sv","svd","b","pre2020",0,0,0
"CRPS","GDPCTPI","5/3","BART","sv","svd","f","pre2020",0,0,0
"CRPS","GDPCTPI","5/3","BART","sv","br","s","pre2020",0,0,0
"CRPS","GDPCTPI","5/3","BART","sv","br","b","pre2020",1,1,2
"CRPS","GDPCTPI","5/3","BART","sv","br","f","pre2020",0,0,0
"CRPS","GDPCTPI","5/3","BART","sv","eq","s","pre2020",0,0,0
"CRPS","GDPCTPI","5/3","BART","sv","eq","b","pre2020",1,1,2
"CRPS","GDPCTPI","5/3","BART","sv","eq","f","pre2020",0,0,0
"CRPS","GDPCTPI","5/3","BART","sv","xalm","s","pre2020",0,0,0
"CRPS","GDPCTPI","5/3","BART","sv","xalm","b","pre2020",0,0,0
"CRPS","GDPCTPI","5/3","BART","sv","xalm","f","pre2020",0,0,0
"CRPS","GDPCTPI","5/3","BART","sv","alm3","s","pre2020",1,1,2
"CRPS","GDPCTPI","5/3","BART","sv","alm3","b","pre2020",1,1,2
"CRPS","GDPCTPI","5/3","BART","sv","alm3","f","pre2020",0,0,0
"CRPS","GDPCTPI","5/3","BART","sv","leg3","s","pre2020",0,0,0
"CRPS","GDPCTPI","5/3","BART","sv","leg3","b","pre2020",0,0,0
"CRPS","GDPCTPI","5/3","BART","sv","leg3","f","pre2020",0,0,0
"CRPS","GDPCTPI","5/3","BART","sv","leg5","s","pre2020",0,0,0
"CRPS","GDPCTPI","5/3","BART","sv","leg5","b","pre2020",0,0,0
"CRPS","GDPCTPI","5/3","BART","sv","leg5","f","pre2020",0,0,0
"CRPS","GDPCTPI","5/3","BART","sv","ber3","s","pre2020",0,0,0
"CRPS","GDPCTPI","5/3","BART","sv","ber3","b","pre2020",0,0,0
"CRPS","GDPCTPI","5/3","BART","sv","ber3","f","pre2020",0,0,0
"CRPS","GDPCTPI","5/3","BART","sv","ber5","s","pre2020",0,0,0
"CRPS","GDPCTPI","5/3","BART","sv","ber5","b","pre2020",0,0,0
"CRPS","GDPCTPI","5/3","BART","sv","ber5","f","pre2020",0,0,0
"CRPS","GDPCTPI","5/3","BART","sv","fou3","s","pre2020",0,0,0
"CRPS","GDPCTPI","5/3","BART","sv","fou3","b","pre2020",0,0,0
"CRPS","GDPCTPI","5/3","BART","sv","fou3","f","pre2020",0,0,0
"CRPS","GDPCTPI","5/3","GP","sv","blu","s","pre2020",0,0,0
"CRPS","GDPCTPI","5/3","GP","sv","blu","b","pre2020",0,0,0
"CRPS","GDPCTPI","5/3","GP","sv","blu","f","pre2020",1,1,2
"CRPS","GDPCTPI","5/3","GP","sv","svd","s","pre2020",0,0,0
"CRPS","GDPCTPI","5/3","GP","sv","svd","b","pre2020",0,0,0
"CRPS","GDPCTPI","5/3","GP","sv","svd","f","pre2020",0,0,0
"CRPS","GDPCTPI","5/3","GP","sv","br","s","pre2020",0,0,0
"CRPS","GDPCTPI","5/3","GP","sv","br","b","pre2020",0,0,0
"CRPS","GDPCTPI","5/3","GP","sv","br","f","pre2020",0,0,0
"CRPS","GDPCTPI","5/3","GP","sv","eq","s","pre2020",0,0,0
"CRPS","GDPCTPI","5/3","GP","sv","eq","b","pre2020",0,0,0
"CRPS","GDPCTPI","5/3","GP","sv","eq","f","pre2020",0,0,0
"CRPS","GDPCTPI","5/3","GP","sv","xalm","s","pre2020",0,0,0
"CRPS","GDPCTPI","5/3","GP","sv","xalm","b","pre2020",0,0,0
"CRPS","GDPCTPI","5/3","GP","sv","xalm","f","pre2020",0,0,0
"CRPS","GDPCTPI","5/3","GP","sv","alm3","s","pre2020",0,0,0
"CRPS","GDPCTPI","5/3","GP","sv","alm3","b","pre2020",0,0,0
"CRPS","GDPCTPI","5/3","GP","sv","alm3","f","pre2020",0,0,0
"CRPS","GDPCTPI","5/3","GP","sv","leg3","s","pre2020",0,0,0
"CRPS","GDPCTPI","5/3","GP","sv","leg3","b","pre2020",1,1,2
"CRPS","GDPCTPI","5/3","GP","sv","leg3","f","pre2020",1,1,2
"CRPS","GDPCTPI","5/3","GP","sv","leg5","s","pre2020",0,0,0
"CRPS","GDPCTPI","5/3","GP","sv","leg5","b","pre2020",0,0,0
"CRPS","GDPCTPI","5/3","GP","sv","leg5","f","pre2020",0,0,0
"CRPS","GDPCTPI","5/3","GP","sv","ber3","s","pre2020",0,0,0
"CRPS","GDPCTPI","5/3","GP","sv","ber3","b","pre2020",1,1,2
"CRPS","GDPCTPI","5/3","GP","sv","ber3","f","pre2020",0,0,0
"CRPS","GDPCTPI","5/3","GP","sv","ber5","s","pre2020",0,0,0
"CRPS","GDPCTPI","5/3","GP","sv","ber5","b","pre2020",1,1,2
"CRPS","GDPCTPI","5/3","GP","sv","ber5","f","pre2020",0,0,0
"CRPS","GDPCTPI","5/3","GP","sv","fou3","s","pre2020",0,0,0
"CRPS","GDPCTPI","5/3","GP","sv","fou3","b","pre2020",0,0,0
"CRPS","GDPCTPI","5/3","GP","sv","fou3","f","pre2020",0,0,0
"CRPS","GDPCTPI","5/3","MFVAR","hom","blu","s","pre2020",1,1,2
"CRPS","GDPCTPI","5/3","MFVAR","hom","blu","f","pre2020",1,1,2
"CRPS","GDPCTPI","5/3","MFVAR","sv","blu","s","pre2020",0,0,0
"CRPS","GDPCTPI","5/3","MFVAR","sv","blu","f","pre2020",0,0,0
"CRPS","GDPC1","4/3","BLR","hom","blu","s","pre2020",0,0,0
"CRPS","GDPC1","4/3","BLR","hom","blu","b","pre2020",1,1,2
"CRPS","GDPC1","4/3","BLR","hom","blu","f","pre2020",1,1,2
"CRPS","GDPC1","4/3","BLR","hom","svd","s","pre2020",0,0,0
"CRPS","GDPC1","4/3","BLR","hom","svd","b","pre2020",0,0,0
"CRPS","GDPC1","4/3","BLR","hom","svd","f","pre2020",0,0,0
"CRPS","GDPC1","4/3","BLR","hom","br","s","pre2020",0,0,0
"CRPS","GDPC1","4/3","BLR","hom","br","b","pre2020",0,0,0
"CRPS","GDPC1","4/3","BLR","hom","br","f","pre2020",1,1,2
"CRPS","GDPC1","4/3","BLR","hom","eq","s","pre2020",0,0,0
"CRPS","GDPC1","4/3","BLR","hom","eq","b","pre2020",0,0,0
"CRPS","GDPC1","4/3","BLR","hom","eq","f","pre2020",0,0,0
"CRPS","GDPC1","4/3","BLR","hom","xalm","s","pre2020",1,1,2
"CRPS","GDPC1","4/3","BLR","hom","xalm","b","pre2020",0,1,1
"CRPS","GDPC1","4/3","BLR","hom","xalm","f","pre2020",1,1,2
"CRPS","GDPC1","4/3","BLR","hom","alm3","s","pre2020",1,1,2
"CRPS","GDPC1","4/3","BLR","hom","alm3","b","pre2020",1,1,2
"CRPS","GDPC1","4/3","BLR","hom","alm3","f","pre2020",0,0,0
"CRPS","GDPC1","4/3","BLR","hom","leg3","s","pre2020",1,1,2
"CRPS","GDPC1","4/3","BLR","hom","leg3","b","pre2020",1,1,2
"CRPS","GDPC1","4/3","BLR","hom","leg3","f","pre2020",1,1,2
"CRPS","GDPC1","4/3","BLR","hom","leg5","s","pre2020",1,1,2
"CRPS","GDPC1","4/3","BLR","hom","leg5","b","pre2020",1,1,2
"CRPS","GDPC1","4/3","BLR","hom","leg5","f","pre2020",0,0,0
"CRPS","GDPC1","4/3","BLR","hom","ber3","s","pre2020",1,1,2
"CRPS","GDPC1","4/3","BLR","hom","ber3","b","pre2020",0,0,0
"CRPS","GDPC1","4/3","BLR","hom","ber3","f","pre2020",1,1,2
"CRPS","GDPC1","4/3","BLR","hom","ber5","s","pre2020",1,1,2
"CRPS","GDPC1","4/3","BLR","hom","ber5","b","pre2020",0,0,0
"CRPS","GDPC1","4/3","BLR","hom","ber5","f","pre2020",0,0,0
"CRPS","GDPC1","4/3","BLR","hom","fou3","s","pre2020",1,1,2
"CRPS","GDPC1","4/3","BLR","hom","fou3","b","pre2020",1,1,2
"CRPS","GDPC1","4/3","BLR","hom","fou3","f","pre2020",1,1,2
"CRPS","GDPC1","4/3","BART","hom","blu","s","pre2020",1,1,2
"CRPS","GDPC1","4/3","BART","hom","blu","b","pre2020",1,1,2
"CRPS","GDPC1","4/3","BART","hom","blu","f","pre2020",1,1,2
"CRPS","GDPC1","4/3","BART","hom","svd","s","pre2020",0,0,0
"CRPS","GDPC1","4/3","BART","hom","svd","b","pre2020",0,0,0
"CRPS","GDPC1","4/3","BART","hom","svd","f","pre2020",0,0,0
"CRPS","GDPC1","4/3","BART","hom","br","s","pre2020",0,0,0
"CRPS","GDPC1","4/3","BART","hom","br","b","pre2020",0,0,0
"CRPS","GDPC1","4/3","BART","hom","br","f","pre2020",1,1,2
"CRPS","GDPC1","4/3","BART","hom","eq","s","pre2020",1,1,2
"CRPS","GDPC1","4/3","BART","hom","eq","b","pre2020",1,1,2
"CRPS","GDPC1","4/3","BART","hom","eq","f","pre2020",0,0,0
"CRPS","GDPC1","4/3","BART","hom","xalm","s","pre2020",0,0,0
"CRPS","GDPC1","4/3","BART","hom","xalm","b","pre2020",1,1,2
"CRPS","GDPC1","4/3","BART","hom","xalm","f","pre2020",1,1,2
"CRPS","GDPC1","4/3","BART","hom","alm3","s","pre2020",0,0,0
"CRPS","GDPC1","4/3","BART","hom","alm3","b","pre2020",1,1,2
"CRPS","GDPC1","4/3","BART","hom","alm3","f","pre2020",0,0,0
"CRPS","GDPC1","4/3","BART","hom","leg3","s","pre2020",1,1,2
"CRPS","GDPC1","4/3","BART","hom","leg3","b","pre2020",1,1,2
"CRPS","GDPC1","4/3","BART","hom","leg3","f","pre2020",1,1,2
"CRPS","GDPC1","4/3","BART","hom","leg5","s","pre2020",0,0,0
"CRPS","GDPC1","4/3","BART","hom","leg5","b","pre2020",1,1,2
"CRPS","GDPC1","4/3","BART","hom","leg5","f","pre2020",0,1,1
"CRPS","GDPC1","4/3","BART","hom","ber3","s","pre2020",1,1,2
"CRPS","GDPC1","4/3","BART","hom","ber3","b","pre2020",0,0,0
"CRPS","GDPC1","4/3","BART","hom","ber3","f","pre2020",0,0,0
"CRPS","GDPC1","4/3","BART","hom","ber5","s","pre2020",0,0,0
"CRPS","GDPC1","4/3","BART","hom","ber5","b","pre2020",0,0,0
"CRPS","GDPC1","4/3","BART","hom","ber5","f","pre2020",1,1,2
"CRPS","GDPC1","4/3","BART","hom","fou3","s","pre2020",1,1,2
"CRPS","GDPC1","4/3","BART","hom","fou3","b","pre2020",1,1,2
"CRPS","GDPC1","4/3","BART","hom","fou3","f","pre2020",0,0,0
"CRPS","GDPC1","4/3","GP","hom","blu","s","pre2020",1,1,2
"CRPS","GDPC1","4/3","GP","hom","blu","b","pre2020",1,1,2
"CRPS","GDPC1","4/3","GP","hom","blu","f","pre2020",0,1,1
"CRPS","GDPC1","4/3","GP","hom","svd","s","pre2020",0,0,0
"CRPS","GDPC1","4/3","GP","hom","svd","b","pre2020",0,0,0
"CRPS","GDPC1","4/3","GP","hom","svd","f","pre2020",1,1,2
"CRPS","GDPC1","4/3","GP","hom","br","s","pre2020",0,0,0
"CRPS","GDPC1","4/3","GP","hom","br","b","pre2020",1,1,2
"CRPS","GDPC1","4/3","GP","hom","br","f","pre2020",1,1,2
"CRPS","GDPC1","4/3","GP","hom","eq","s","pre2020",0,0,0
"CRPS","GDPC1","4/3","GP","hom","eq","b","pre2020",0,1,1
"CRPS","GDPC1","4/3","GP","hom","eq","f","pre2020",0,1,1
"CRPS","GDPC1","4/3","GP","hom","xalm","s","pre2020",0,0,0
"CRPS","GDPC1","4/3","GP","hom","xalm","b","pre2020",1,1,2
"CRPS","GDPC1","4/3","GP","hom","xalm","f","pre2020",0,0,0
"CRPS","GDPC1","4/3","GP","hom","alm3","s","pre2020",1,1,2
"CRPS","GDPC1","4/3","GP","hom","alm3","b","pre2020",0,0,0
"CRPS","GDPC1","4/3","GP","hom","alm3","f","pre2020",1,1,2
"CRPS","GDPC1","4/3","GP","hom","leg3","s","pre2020",0,0,0
"CRPS","GDPC1","4/3","GP","hom","leg3","b","pre2020",1,1,2
"CRPS","GDPC1","4/3","GP","hom","leg3","f","pre2020",1,1,2
"CRPS","GDPC1","4/3","GP","hom","leg5","s","pre2020",0,0,0
"CRPS","GDPC1","4/3","GP","hom","leg5","b","pre2020",1,1,2
"CRPS","GDPC1","4/3","GP","hom","leg5","f","pre2020",1,1,2
"CRPS","GDPC1","4/3","GP","hom","ber3","s","pre2020",1,1,2
"CRPS","GDPC1","4/3","GP","hom","ber3","b","pre2020",0,0,0
"CRPS","GDPC1","4/3","GP","hom","ber3","f","pre2020",1,1,2
"CRPS","GDPC1","4/3","GP","hom","ber5","s","pre2020",1,1,2
"CRPS","GDPC1","4/3","GP","hom","ber5","b","pre2020",1,1,2
"CRPS","GDPC1","4/3","GP","hom","ber5","f","pre2020",1,1,2
"CRPS","GDPC1","4/3","GP","hom","fou3","s","pre2020",1,1,2
"CRPS","GDPC1","4/3","GP","hom","fou3","b","pre2020",0,0,0
"CRPS","GDPC1","4/3","GP","hom","fou3","f","pre2020",0,0,0
"CRPS","GDPC1","4/3","BLR","sv","blu","s","pre2020",0,0,0
"CRPS","GDPC1","4/3","BLR","sv","blu","b","pre2020",1,1,2
"CRPS","GDPC1","4/3","BLR","sv","blu","f","pre2020",1,1,2
"CRPS","GDPC1","4/3","BLR","sv","svd","s","pre2020",0,0,0
"CRPS","GDPC1","4/3","BLR","sv","svd","b","pre2020",0,0,0
"CRPS","GDPC1","4/3","BLR","sv","svd","f","pre2020",0,0,0
"CRPS","GDPC1","4/3","BLR","sv","br","s","pre2020",0,0,0
"CRPS","GDPC1","4/3","BLR","sv","br","b","pre2020",0,0,0
"CRPS","GDPC1","4/3","BLR","sv","br","f","pre2020",0,0,0
"CRPS","GDPC1","4/3","BLR","sv","eq","s","pre2020",0,0,0
"CRPS","GDPC1","4/3","BLR","sv","eq","b","pre2020",0,0,0
"CRPS","GDPC1","4/3","BLR","sv","eq","f","pre2020",0,0,0
"CRPS","GDPC1","4/3","BLR","sv","xalm","s","pre2020",1,1,2
"CRPS","GDPC1","4/3","BLR","sv","xalm","b","pre2020",0,0,0
"CRPS","GDPC1","4/3","BLR","sv","xalm","f","pre2020",1,1,2
"CRPS","GDPC1","4/3","BLR","sv","alm3","s","pre2020",1,1,2
"CRPS","GDPC1","4/3","BLR","sv","alm3","b","pre2020",0,0,0
"CRPS","GDPC1","4/3","BLR","sv","alm3","f","pre2020",0,0,0
"CRPS","GDPC1","4/3","BLR","sv","leg3","s","pre2020",1,1,2
"CRPS","GDPC1","4/3","BLR","sv","leg3","b","pre2020",1,1,2
"CRPS","GDPC1","4/3","BLR","sv","leg3","f","pre2020",1,1,2
"CRPS","GDPC1","4/3","BLR","sv","leg5","s","pre2020",1,1,2
"CRPS","GDPC1","4/3","BLR","sv","leg5","b","pre2020",1,1,2
"CRPS","GDPC1","4/3","BLR","sv","leg5","f","pre2020",0,0,0
"CRPS","GDPC1","4/3","BLR","sv","ber3","s","pre2020",1,1,2
"CRPS","GDPC1","4/3","BLR","sv","ber3","b","pre2020",0,0,0
"CRPS","GDPC1","4/3","BLR","sv","ber3","f","pre2020",1,1,2
"CRPS","GDPC1","4/3","BLR","sv","ber5","s","pre2020",1,1,2
"CRPS","GDPC1","4/3","BLR","sv","ber5","b","pre2020",0,0,0
"CRPS","GDPC1","4/3","BLR","sv","ber5","f","pre2020",1,1,2
"CRPS","GDPC1","4/3","BLR","sv","fou3","s","pre2020",1,1,2
"CRPS","GDPC1","4/3","BLR","sv","fou3","b","pre2020",1,1,2
"CRPS","GDPC1","4/3","BLR","sv","fou3","f","pre2020",1,1,2
"CRPS","GDPC1","4/3","BART","sv","blu","s","pre2020",1,1,2
"CRPS","GDPC1","4/3","BART","sv","blu","b","pre2020",1,1,2
"CRPS","GDPC1","4/3","BART","sv","blu","f","pre2020",0,1,1
"CRPS","GDPC1","4/3","BART","sv","svd","s","pre2020",0,0,0
"CRPS","GDPC1","4/3","BART","sv","svd","b","pre2020",0,0,0
"CRPS","GDPC1","4/3","BART","sv","svd","f","pre2020",0,0,0
"CRPS","GDPC1","4/3","BART","sv","br","s","pre2020",0,0,0
"CRPS","GDPC1","4/3","BART","sv","br","b","pre2020",1,1,2
"CRPS","GDPC1","4/3","BART","sv","br","f","pre2020",0,0,0
"CRPS","GDPC1","4/3","BART","sv","eq","s","pre2020",0,1,1
"CRPS","GDPC1","4/3","BART","sv","eq","b","pre2020",0,1,1
"CRPS","GDPC1","4/3","BART","sv","eq","f","pre2020",0,0,0
"CRPS","GDPC1","4/3","BART","sv","xalm","s","pre2020",0,0,0
"CRPS","GDPC1","4/3","BART","sv","xalm","b","pre2020",1,1,2
"CRPS","GDPC1","4/3","BART","sv","xalm","f","pre2020",0,0,0
"CRPS","GDPC1","4/3","BART","sv","alm3","s","pre2020",0,0,0
"CRPS","GDPC1","4/3","BART","sv","alm3","b","pre2020",1,1,2
"CRPS","GDPC1","4/3","BART","sv","alm3","f","pre2020",0,0,0
"CRPS","GDPC1","4/3","BART","sv","leg3","s","pre2020",1,1,2
"CRPS","GDPC1","4/3","BART","sv","leg3","b","pre2020",1,1,2
"CRPS","GDPC1","4/3","BART","sv","leg3","f","pre2020",1,1,2
"CRPS","GDPC1","4/3","BART","sv","leg5","s","pre2020",0,1,1
"CRPS","GDPC1","4/3","BART","sv","leg5","b","pre2020",1,1,2
"CRPS","GDPC1","4/3","BART","sv","leg5","f","pre2020",0,0,0
"CRPS","GDPC1","4/3","BART","sv","ber3","s","pre2020",1,1,2
"CRPS","GDPC1","4/3","BART","sv","ber3","b","pre2020",0,0,0
"CRPS","GDPC1","4/3","BART","sv","ber3","f","pre2020",0,0,0
"CRPS","GDPC1","4/3","BART","sv","ber5","s","pre2020",1,1,2
"CRPS","GDPC1","4/3","BART","sv","ber5","b","pre2020",1,1,2
"CRPS","GDPC1","4/3","BART","sv","ber5","f","pre2020",1,1,2
"CRPS","GDPC1","4/3","BART","sv","fou3","s","pre2020",1,1,2
"CRPS","GDPC1","4/3","BART","sv","fou3","b","pre2020",1,1,2
"CRPS","GDPC1","4/3","BART","sv","fou3","f","pre2020",0,0,0
"CRPS","GDPC1","4/3","GP","sv","blu","s","pre2020",1,1,2
"CRPS","GDPC1","4/3","GP","sv","blu","b","pre2020",0,0,0
"CRPS","GDPC1","4/3","GP","sv","blu","f","pre2020",0,0,0
"CRPS","GDPC1","4/3","GP","sv","svd","s","pre2020",0,0,0
"CRPS","GDPC1","4/3","GP","sv","svd","b","pre2020",0,1,1
"CRPS","GDPC1","4/3","GP","sv","svd","f","pre2020",0,0,0
"CRPS","GDPC1","4/3","GP","sv","br","s","pre2020",1,1,2
"CRPS","GDPC1","4/3","GP","sv","br","b","pre2020",1,1,2
"CRPS","GDPC1","4/3","GP","sv","br","f","pre2020",1,1,2
"CRPS","GDPC1","4/3","GP","sv","eq","s","pre2020",0,0,0
"CRPS","GDPC1","4/3","GP","sv","eq","b","pre2020",0,0,0
"CRPS","GDPC1","4/3","GP","sv","eq","f","pre2020",0,0,0
"CRPS","GDPC1","4/3","GP","sv","xalm","s","pre2020",1,1,2
"CRPS","GDPC1","4/3","GP","sv","xalm","b","pre2020",1,1,2
"CRPS","GDPC1","4/3","GP","sv","xalm","f","pre2020",1,1,2
"CRPS","GDPC1","4/3","GP","sv","alm3","s","pre2020",1,1,2
"CRPS","GDPC1","4/3","GP","sv","alm3","b","pre2020",0,0,0
"CRPS","GDPC1","4/3","GP","sv","alm3","f","pre2020",0,0,0
"CRPS","GDPC1","4/3","GP","sv","leg3","s","pre2020",1,1,2
"CRPS","GDPC1","4/3","GP","sv","leg3","b","pre2020",0,0,0
"CRPS","GDPC1","4/3","GP","sv","leg3","f","pre2020",0,1,1
"CRPS","GDPC1","4/3","GP","sv","leg5","s","pre2020",0,0,0
"CRPS","GDPC1","4/3","GP","sv","leg5","b","pre2020",0,0,0
"CRPS","GDPC1","4/3","GP","sv","leg5","f","pre2020",1,1,2
"CRPS","GDPC1","4/3","GP","sv","ber3","s","pre2020",1,1,2
"CRPS","GDPC1","4/3","GP","sv","ber3","b","pre2020",0,0,0
"CRPS","GDPC1","4/3","GP","sv","ber3","f","pre2020",0,1,1
"CRPS","GDPC1","4/3","GP","sv","ber5","s","pre2020",1,1,2
"CRPS","GDPC1","4/3","GP","sv","ber5","b","pre2020",0,0,0
"CRPS","GDPC1","4/3","GP","sv","ber5","f","pre2020",1,1,2
"CRPS","GDPC1","4/3","GP","sv","fou3","s","pre2020",0,0,0
"CRPS","GDPC1","4/3","GP","sv","fou3","b","pre2020",0,0,0
"CRPS","GDPC1","4/3","GP","sv","fou3","f","pre2020",0,0,0
"CRPS","GDPC1","4/3","MFVAR","hom","blu","s","pre2020",1,1,2
"CRPS","GDPC1","4/3","MFVAR","hom","blu","f","pre2020",1,1,2
"CRPS","GDPC1","4/3","MFVAR","sv","blu","s","pre2020",1,1,2
"CRPS","GDPC1","4/3","MFVAR","sv","blu","f","pre2020",0,0,0
"CRPS","GDPCTPI","4/3","BLR","hom","blu","s","pre2020",1,1,2
"CRPS","GDPCTPI","4/3","BLR","hom","blu","b","pre2020",1,1,2
"CRPS","GDPCTPI","4/3","BLR","hom","blu","f","pre2020",1,1,2
"CRPS","GDPCTPI","4/3","BLR","hom","svd","s","pre2020",0,0,0
"CRPS","GDPCTPI","4/3","BLR","hom","svd","b","pre2020",1,1,2
"CRPS","GDPCTPI","4/3","BLR","hom","svd","f","pre2020",1,1,2
"CRPS","GDPCTPI","4/3","BLR","hom","br","s","pre2020",1,1,2
"CRPS","GDPCTPI","4/3","BLR","hom","br","b","pre2020",1,1,2
"CRPS","GDPCTPI","4/3","BLR","hom","br","f","pre2020",1,1,2
"CRPS","GDPCTPI","4/3","BLR","hom","eq","s","pre2020",0,0,0
"CRPS","GDPCTPI","4/3","BLR","hom","eq","b","pre2020",1,1,2
"CRPS","GDPCTPI","4/3","BLR","hom","eq","f","pre2020",1,1,2
"CRPS","GDPCTPI","4/3","BLR","hom","xalm","s","pre2020",0,0,0
"CRPS","GDPCTPI","4/3","BLR","hom","xalm","b","pre2020",1,1,2
"CRPS","GDPCTPI","4/3","BLR","hom","xalm","f","pre2020",1,1,2
"CRPS","GDPCTPI","4/3","BLR","hom","alm3","s","pre2020",0,0,0
"CRPS","GDPCTPI","4/3","BLR","hom","alm3","b","pre2020",1,1,2
"CRPS","GDPCTPI","4/3","BLR","hom","alm3","f","pre2020",1,1,2
"CRPS","GDPCTPI","4/3","BLR","hom","leg3","s","pre2020",0,0,0
"CRPS","GDPCTPI","4/3","BLR","hom","leg3","b","pre2020",1,1,2
"CRPS","GDPCTPI","4/3","BLR","hom","leg3","f","pre2020",1,1,2
"CRPS","GDPCTPI","4/3","BLR","hom","leg5","s","pre2020",0,0,0
"CRPS","GDPCTPI","4/3","BLR","hom","leg5","b","pre2020",0,1,1
"CRPS","GDPCTPI","4/3","BLR","hom","leg5","f","pre2020",1,1,2
"CRPS","GDPCTPI","4/3","BLR","hom","ber3","s","pre2020",0,0,0
"CRPS","GDPCTPI","4/3","BLR","hom","ber3","b","pre2020",1,1,2
"CRPS","GDPCTPI","4/3","BLR","hom","ber3","f","pre2020",1,1,2
"CRPS","GDPCTPI","4/3","BLR","hom","ber5","s","pre2020",0,0,0
"CRPS","GDPCTPI","4/3","BLR","hom","ber5","b","pre2020",1,1,2
"CRPS","GDPCTPI","4/3","BLR","hom","ber5","f","pre2020",1,1,2
"CRPS","GDPCTPI","4/3","BLR","hom","fou3","s","pre2020",0,0,0
"CRPS","GDPCTPI","4/3","BLR","hom","fou3","b","pre2020",1,1,2
"CRPS","GDPCTPI","4/3","BLR","hom","fou3","f","pre2020",1,1,2
"CRPS","GDPCTPI","4/3","BART","hom","blu","s","pre2020",0,0,0
"CRPS","GDPCTPI","4/3","BART","hom","blu","b","pre2020",0,0,0
"CRPS","GDPCTPI","4/3","BART","hom","blu","f","pre2020",1,1,2
"CRPS","GDPCTPI","4/3","BART","hom","svd","s","pre2020",0,0,0
"CRPS","GDPCTPI","4/3","BART","hom","svd","b","pre2020",0,0,0
"CRPS","GDPCTPI","4/3","BART","hom","svd","f","pre2020",1,1,2
"CRPS","GDPCTPI","4/3","BART","hom","br","s","pre2020",0,0,0
"CRPS","GDPCTPI","4/3","BART","hom","br","b","pre2020",1,1,2
"CRPS","GDPCTPI","4/3","BART","hom","br","f","pre2020",0,0,0
"CRPS","GDPCTPI","4/3","BART","hom","eq","s","pre2020",0,0,0
"CRPS","GDPCTPI","4/3","BART","hom","eq","b","pre2020",1,1,2
"CRPS","GDPCTPI","4/3","BART","hom","eq","f","pre2020",0,0,0
"CRPS","GDPCTPI","4/3","BART","hom","xalm","s","pre2020",0,0,0
"CRPS","GDPCTPI","4/3","BART","hom","xalm","b","pre2020",0,0,0
"CRPS","GDPCTPI","4/3","BART","hom","xalm","f","pre2020",0,0,0
"CRPS","GDPCTPI","4/3","BART","hom","alm3","s","pre2020",0,0,0
"CRPS","GDPCTPI","4/3","BART","hom","alm3","b","pre2020",0,0,0
"CRPS","GDPCTPI","4/3","BART","hom","alm3","f","pre2020",0,0,0
"CRPS","GDPCTPI","4/3","BART","hom","leg3","s","pre2020",1,1,2
"CRPS","GDPCTPI","4/3","BART","hom","leg3","b","pre2020",0,1,1
"CRPS","GDPCTPI","4/3","BART","hom","leg3","f","pre2020",0,0,0
"CRPS","GDPCTPI","4/3","BART","hom","leg5","s","pre2020",0,0,0
"CRPS","GDPCTPI","4/3","BART","hom","leg5","b","pre2020",0,0,0
"CRPS","GDPCTPI","4/3","BART","hom","leg5","f","pre2020",0,0,0
"CRPS","GDPCTPI","4/3","BART","hom","ber3","s","pre2020",0,0,0
"CRPS","GDPCTPI","4/3","BART","hom","ber3","b","pre2020",0,0,0
"CRPS","GDPCTPI","4/3","BART","hom","ber3","f","pre2020",0,0,0
"CRPS","GDPCTPI","4/3","BART","hom","ber5","s","pre2020",0,0,0
"CRPS","GDPCTPI","4/3","BART","hom","ber5","b","pre2020",0,0,0
"CRPS","GDPCTPI","4/3","BART","hom","ber5","f","pre2020",0,0,0
"CRPS","GDPCTPI","4/3","BART","hom","fou3","s","pre2020",0,0,0
"CRPS","GDPCTPI","4/3","BART","hom","fou3","b","pre2020",0,0,0
"CRPS","GDPCTPI","4/3","BART","hom","fou3","f","pre2020",0,0,0
"CRPS","GDPCTPI","4/3","GP","hom","blu","s","pre2020",1,1,2
"CRPS","GDPCTPI","4/3","GP","hom","blu","b","pre2020",0,0,0
"CRPS","GDPCTPI","4/3","GP","hom","blu","f","pre2020",1,1,2
"CRPS","GDPCTPI","4/3","GP","hom","svd","s","pre2020",0,0,0
"CRPS","GDPCTPI","4/3","GP","hom","svd","b","pre2020",1,1,2
"CRPS","GDPCTPI","4/3","GP","hom","svd","f","pre2020",0,0,0
"CRPS","GDPCTPI","4/3","GP","hom","br","s","pre2020",0,0,0
"CRPS","GDPCTPI","4/3","GP","hom","br","b","pre2020",1,1,2
"CRPS","GDPCTPI","4/3","GP","hom","br","f","pre2020",1,1,2
"CRPS","GDPCTPI","4/3","GP","hom","eq","s","pre2020",0,0,0
"CRPS","GDPCTPI","4/3","GP","hom","eq","b","pre2020",0,0,0
"CRPS","GDPCTPI","4/3","GP","hom","eq","f","pre2020",0,1,1
"CRPS","GDPCTPI","4/3","GP","hom","xalm","s","pre2020",0,0,0
"CRPS","GDPCTPI","4/3","GP","hom","xalm","b","pre2020",0,0,0
"CRPS","GDPCTPI","4/3","GP","hom","xalm","f","pre2020",1,1,2
"CRPS","GDPCTPI","4/3","GP","hom","alm3","s","pre2020",0,0,0
"CRPS","GDPCTPI","4/3","GP","hom","alm3","b","pre2020",0,0,0
"CRPS","GDPCTPI","4/3","GP","hom","alm3","f","pre2020",0,0,0
"CRPS","GDPCTPI","4/3","GP","hom","leg3","s","pre2020",0,0,0
"CRPS","GDPCTPI","4/3","GP","hom","leg3","b","pre2020",0,1,1
"CRPS","GDPCTPI","4/3","GP","hom","leg3","f","pre2020",0,0,0
"CRPS","GDPCTPI","4/3","GP","hom","leg5","s","pre2020",0,0,0
"CRPS","GDPCTPI","4/3","GP","hom","leg5","b","pre2020",0,0,0
"CRPS","GDPCTPI","4/3","GP","hom","leg5","f","pre2020",0,0,0
"CRPS","GDPCTPI","4/3","GP","hom","ber3","s","pre2020",0,0,0
"CRPS","GDPCTPI","4/3","GP","hom","ber3","b","pre2020",0,0,0
"CRPS","GDPCTPI","4/3","GP","hom","ber3","f","pre2020",0,0,0
"CRPS","GDPCTPI","4/3","GP","hom","ber5","s","pre2020",0,0,0
"CRPS","GDPCTPI","4/3","GP","hom","ber5","b","pre2020",0,0,0
"CRPS","GDPCTPI","4/3","GP","hom","ber5","f","pre2020",0,0,0
"CRPS","GDPCTPI","4/3","GP","hom","fou3","s","pre2020",0,0,0
"CRPS","GDPCTPI","4/3","GP","hom","fou3","b","pre2020",0,0,0
"CRPS","GDPCTPI","4/3","GP","hom","fou3","f","pre2020",0,0,0
"CRPS","GDPCTPI","4/3","BLR","sv","blu","s","pre2020",0,0,0
"CRPS","GDPCTPI","4/3","BLR","sv","blu","b","pre2020",1,1,2
"CRPS","GDPCTPI","4/3","BLR","sv","blu","f","pre2020",1,1,2
"CRPS","GDPCTPI","4/3","BLR","sv","svd","s","pre2020",0,0,0
"CRPS","GDPCTPI","4/3","BLR","sv","svd","b","pre2020",1,1,2
"CRPS","GDPCTPI","4/3","BLR","sv","svd","f","pre2020",0,1,1
"CRPS","GDPCTPI","4/3","BLR","sv","br","s","pre2020",0,0,0
"CRPS","GDPCTPI","4/3","BLR","sv","br","b","pre2020",1,1,2
"CRPS","GDPCTPI","4/3","BLR","sv","br","f","pre2020",0,0,0
"CRPS","GDPCTPI","4/3","BLR","sv","eq","s","pre2020",0,0,0
"CRPS","GDPCTPI","4/3","BLR","sv","eq","b","pre2020",1,1,2
"CRPS","GDPCTPI","4/3","BLR","sv","eq","f","pre2020",0,0,0
"CRPS","GDPCTPI","4/3","BLR","sv","xalm","s","pre2020",0,0,0
"CRPS","GDPCTPI","4/3","BLR","sv","xalm","b","pre2020",1,1,2
"CRPS","GDPCTPI","4/3","BLR","sv","xalm","f","pre2020",1,1,2
"CRPS","GDPCTPI","4/3","BLR","sv","alm3","s","pre2020",0,0,0
"CRPS","GDPCTPI","4/3","BLR","sv","alm3","b","pre2020",1,1,2
"CRPS","GDPCTPI","4/3","BLR","sv","alm3","f","pre2020",0,0,0
"CRPS","GDPCTPI","4/3","BLR","sv","leg3","s","pre2020",0,0,0
"CRPS","GDPCTPI","4/3","BLR","sv","leg3","b","pre2020",1,1,2
"CRPS","GDPCTPI","4/3","BLR","sv","leg3","f","pre2020",0,0,0
"CRPS","GDPCTPI","4/3","BLR","sv","leg5","s","pre2020",0,0,0
"CRPS","GDPCTPI","4/3","BLR","sv","leg5","b","pre2020",1,1,2
"CRPS","GDPCTPI","4/3","BLR","sv","leg5","f","pre2020",0,0,0
"CRPS","GDPCTPI","4/3","BLR","sv","ber3","s","pre2020",0,0,0
"CRPS","GDPCTPI","4/3","BLR","sv","ber3","b","pre2020",1,1,2
"CRPS","GDPCTPI","4/3","BLR","sv","ber3","f","pre2020",0,0,0
"CRPS","GDPCTPI","4/3","BLR","sv","ber5","s","pre2020",0,0,0
"CRPS","GDPCTPI","4/3","BLR","sv","ber5","b","pre2020",1,1,2
"CRPS","GDPCTPI","4/3","BLR","sv","ber5","f","pre2020",0,0,0
"CRPS","GDPCTPI","4/3","BLR","sv","fou3","s","pre2020",0,0,0
"CRPS","GDPCTPI","4/3","BLR","sv","fou3","b","pre2020",0,0,0
"CRPS","GDPCTPI","4/3","BLR","sv","fou3","f","pre2020",0,0,0
"CRPS","GDPCTPI","4/3","BART","sv","blu","s","pre2020",0,0,0
"CRPS","GDPCTPI","4/3","BART","sv","blu","b","pre2020",1,1,2
"CRPS","GDPCTPI","4/3","BART","sv","blu","f","pre2020",1,1,2
"CRPS","GDPCTPI","4/3","BART","sv","svd","s","pre2020",0,0,0
"CRPS","GDPCTPI","4/3","BART","sv","svd","b","pre2020",0,0,0
"CRPS","GDPCTPI","4/3","BART","sv","svd","f","pre2020",1,1,2
"CRPS","GDPCTPI","4/3","BART","sv","br","s","pre2020",0,0,0
"CRPS","GDPCTPI","4/3","BART","sv","br","b","pre2020",1,1,2
"CRPS","GDPCTPI","4/3","BART","sv","br","f","pre2020",0,0,0
"CRPS","GDPCTPI","4/3","BART","sv","eq","s","pre2020",0,0,0
"CRPS","GDPCTPI","4/3","BART","sv","eq","b","pre2020",1,1,2
"CRPS","GDPCTPI","4/3","BART","sv","eq","f","pre2020",0,0,0
"CRPS","GDPCTPI","4/3","BART","sv","xalm","s","pre2020",0,0,0
"CRPS","GDPCTPI","4/3","BART","sv","xalm","b","pre2020",1,1,2
"CRPS","GDPCTPI","4/3","BART","sv","xalm","f","pre2020",0,0,0
"CRPS","GDPCTPI","4/3","BART","sv","alm3","s","pre2020",0,0,0
"CRPS","GDPCTPI","4/3","BART","sv","alm3","b","pre2020",1,1,2
"CRPS","GDPCTPI","4/3","BART","sv","alm3","f","pre2020",0,0,0
"CRPS","GDPCTPI","4/3","BART","sv","leg3","s","pre2020",0,1,1
"CRPS","GDPCTPI","4/3","BART","sv","leg3","b","pre2020",1,1,2
"CRPS","GDPCTPI","4/3","BART","sv","leg3","f","pre2020",0,0,0
"CRPS","GDPCTPI","4/3","BART","sv","leg5","s","pre2020",0,0,0
"CRPS","GDPCTPI","4/3","BART","sv","leg5","b","pre2020",1,1,2
"CRPS","GDPCTPI","4/3","BART","sv","leg5","f","pre2020",0,0,0
"CRPS","GDPCTPI","4/3","BART","sv","ber3","s","pre2020",0,0,0
"CRPS","GDPCTPI","4/3","BART","sv","ber3","b","pre2020",0,0,0
"CRPS","GDPCTPI","4/3","BART","sv","ber3","f","pre2020",0,0,0
"CRPS","GDPCTPI","4/3","BART","sv","ber5","s","pre2020",0,0,0
"CRPS","GDPCTPI","4/3","BART","sv","ber5","b","pre2020",0,0,0
"CRPS","GDPCTPI","4/3","BART","sv","ber5","f","pre2020",0,0,0
"CRPS","GDPCTPI","4/3","BART","sv","fou3","s","pre2020",0,0,0
"CRPS","GDPCTPI","4/3","BART","sv","fou3","b","pre2020",0,0,0
"CRPS","GDPCTPI","4/3","BART","sv","fou3","f","pre2020",0,0,0
"CRPS","GDPCTPI","4/3","GP","sv","blu","s","pre2020",0,0,0
"CRPS","GDPCTPI","4/3","GP","sv","blu","b","pre2020",0,0,0
"CRPS","GDPCTPI","4/3","GP","sv","blu","f","pre2020",1,1,2
"CRPS","GDPCTPI","4/3","GP","sv","svd","s","pre2020",0,0,0
"CRPS","GDPCTPI","4/3","GP","sv","svd","b","pre2020",1,1,2
"CRPS","GDPCTPI","4/3","GP","sv","svd","f","pre2020",0,0,0
"CRPS","GDPCTPI","4/3","GP","sv","br","s","pre2020",0,0,0
"CRPS","GDPCTPI","4/3","GP","sv","br","b","pre2020",0,0,0
"CRPS","GDPCTPI","4/3","GP","sv","br","f","pre2020",0,0,0
"CRPS","GDPCTPI","4/3","GP","sv","eq","s","pre2020",0,0,0
"CRPS","GDPCTPI","4/3","GP","sv","eq","b","pre2020",0,0,0
"CRPS","GDPCTPI","4/3","GP","sv","eq","f","pre2020",0,0,0
"CRPS","GDPCTPI","4/3","GP","sv","xalm","s","pre2020",0,0,0
"CRPS","GDPCTPI","4/3","GP","sv","xalm","b","pre2020",0,0,0
"CRPS","GDPCTPI","4/3","GP","sv","xalm","f","pre2020",0,0,0
"CRPS","GDPCTPI","4/3","GP","sv","alm3","s","pre2020",0,0,0
"CRPS","GDPCTPI","4/3","GP","sv","alm3","b","pre2020",0,0,0
"CRPS","GDPCTPI","4/3","GP","sv","alm3","f","pre2020",0,0,0
"CRPS","GDPCTPI","4/3","GP","sv","leg3","s","pre2020",0,0,0
"CRPS","GDPCTPI","4/3","GP","sv","leg3","b","pre2020",0,0,0
"CRPS","GDPCTPI","4/3","GP","sv","leg3","f","pre2020",0,0,0
"CRPS","GDPCTPI","4/3","GP","sv","leg5","s","pre2020",0,0,0
"CRPS","GDPCTPI","4/3","GP","sv","leg5","b","pre2020",0,0,0
"CRPS","GDPCTPI","4/3","GP","sv","leg5","f","pre2020",0,0,0
"CRPS","GDPCTPI","4/3","GP","sv","ber3","s","pre2020",0,0,0
"CRPS","GDPCTPI","4/3","GP","sv","ber3","b","pre2020",0,0,0
"CRPS","GDPCTPI","4/3","GP","sv","ber3","f","pre2020",0,0,0
"CRPS","GDPCTPI","4/3","GP","sv","ber5","s","pre2020",0,0,0
"CRPS","GDPCTPI","4/3","GP","sv","ber5","b","pre2020",0,0,0
"CRPS","GDPCTPI","4/3","GP","sv","ber5","f","pre2020",0,0,0
"CRPS","GDPCTPI","4/3","GP","sv","fou3","s","pre2020",0,0,0
"CRPS","GDPCTPI","4/3","GP","sv","fou3","b","pre2020",0,0,0
"CRPS","GDPCTPI","4/3","GP","sv","fou3","f","pre2020",0,0,0
"CRPS","GDPCTPI","4/3","MFVAR","hom","blu","s","pre2020",1,1,2
"CRPS","GDPCTPI","4/3","MFVAR","hom","blu","f","pre2020",1,1,2
"CRPS","GDPCTPI","4/3","MFVAR","sv","blu","s","pre2020",0,0,0
"CRPS","GDPCTPI","4/3","MFVAR","sv","blu","f","pre2020",1,1,2
"CRPS","GDPC1","1","BLR","hom","blu","s","pre2020",0,0,0
"CRPS","GDPC1","1","BLR","hom","blu","b","pre2020",1,1,2
"CRPS","GDPC1","1","BLR","hom","blu","f","pre2020",1,1,2
"CRPS","GDPC1","1","BLR","hom","svd","s","pre2020",0,0,0
"CRPS","GDPC1","1","BLR","hom","svd","b","pre2020",0,0,0
"CRPS","GDPC1","1","BLR","hom","svd","f","pre2020",0,0,0
"CRPS","GDPC1","1","BLR","hom","br","s","pre2020",0,1,1
"CRPS","GDPC1","1","BLR","hom","br","b","pre2020",1,1,2
"CRPS","GDPC1","1","BLR","hom","br","f","pre2020",1,1,2
"CRPS","GDPC1","1","BLR","hom","eq","s","pre2020",0,1,1
"CRPS","GDPC1","1","BLR","hom","eq","b","pre2020",0,0,0
"CRPS","GDPC1","1","BLR","hom","eq","f","pre2020",0,0,0
"CRPS","GDPC1","1","BLR","hom","xalm","s","pre2020",1,1,2
"CRPS","GDPC1","1","BLR","hom","xalm","b","pre2020",0,1,1
"CRPS","GDPC1","1","BLR","hom","xalm","f","pre2020",1,1,2
"CRPS","GDPC1","1","BLR","hom","alm3","s","pre2020",1,1,2
"CRPS","GDPC1","1","BLR","hom","alm3","b","pre2020",1,1,2
"CRPS","GDPC1","1","BLR","hom","alm3","f","pre2020",1,1,2
"CRPS","GDPC1","1","BLR","hom","leg3","s","pre2020",1,1,2
"CRPS","GDPC1","1","BLR","hom","leg3","b","pre2020",1,1,2
"CRPS","GDPC1","1","BLR","hom","leg3","f","pre2020",1,1,2
"CRPS","GDPC1","1","BLR","hom","leg5","s","pre2020",1,1,2
"CRPS","GDPC1","1","BLR","hom","leg5","b","pre2020",1,1,2
"CRPS","GDPC1","1","BLR","hom","leg5","f","pre2020",1,1,2
"CRPS","GDPC1","1","BLR","hom","ber3","s","pre2020",1,1,2
"CRPS","GDPC1","1","BLR","hom","ber3","b","pre2020",0,1,1
"CRPS","GDPC1","1","BLR","hom","ber3","f","pre2020",1,1,2
"CRPS","GDPC1","1","BLR","hom","ber5","s","pre2020",1,1,2
"CRPS","GDPC1","1","BLR","hom","ber5","b","pre2020",0,0,0
"CRPS","GDPC1","1","BLR","hom","ber5","f","pre2020",1,1,2
"CRPS","GDPC1","1","BLR","hom","fou3","s","pre2020",1,1,2
"CRPS","GDPC1","1","BLR","hom","fou3","b","pre2020",0,1,1
"CRPS","GDPC1","1","BLR","hom","fou3","f","pre2020",0,0,0
"CRPS","GDPC1","1","BART","hom","blu","s","pre2020",1,1,2
"CRPS","GDPC1","1","BART","hom","blu","b","pre2020",0,0,0
"CRPS","GDPC1","1","BART","hom","blu","f","pre2020",0,0,0
"CRPS","GDPC1","1","BART","hom","svd","s","pre2020",0,1,1
"CRPS","GDPC1","1","BART","hom","svd","b","pre2020",0,0,0
"CRPS","GDPC1","1","BART","hom","svd","f","pre2020",0,0,0
"CRPS","GDPC1","1","BART","hom","br","s","pre2020",1,1,2
"CRPS","GDPC1","1","BART","hom","br","b","pre2020",1,1,2
"CRPS","GDPC1","1","BART","hom","br","f","pre2020",0,0,0
"CRPS","GDPC1","1","BART","hom","eq","s","pre2020",1,1,2
"CRPS","GDPC1","1","BART","hom","eq","b","pre2020",1,1,2
"CRPS","GDPC1","1","BART","hom","eq","f","pre2020",0,0,0
"CRPS","GDPC1","1","BART","hom","xalm","s","pre2020",1,1,2
"CRPS","GDPC1","1","BART","hom","xalm","b","pre2020",0,0,0
"CRPS","GDPC1","1","BART","hom","xalm","f","pre2020",1,1,2
"CRPS","GDPC1","1","BART","hom","alm3","s","pre2020",1,1,2
"CRPS","GDPC1","1","BART","hom","alm3","b","pre2020",0,1,1
"CRPS","GDPC1","1","BART","hom","alm3","f","pre2020",0,0,0
"CRPS","GDPC1","1","BART","hom","leg3","s","pre2020",1,1,2
"CRPS","GDPC1","1","BART","hom","leg3","b","pre2020",1,1,2
"CRPS","GDPC1","1","BART","hom","leg3","f","pre2020",0,0,0
"CRPS","GDPC1","1","BART","hom","leg5","s","pre2020",1,1,2
"CRPS","GDPC1","1","BART","hom","leg5","b","pre2020",1,1,2
"CRPS","GDPC1","1","BART","hom","leg5","f","pre2020",0,0,0
"CRPS","GDPC1","1","BART","hom","ber3","s","pre2020",1,1,2
"CRPS","GDPC1","1","BART","hom","ber3","b","pre2020",0,0,0
"CRPS","GDPC1","1","BART","hom","ber3","f","pre2020",0,0,0
"CRPS","GDPC1","1","BART","hom","ber5","s","pre2020",1,1,2
"CRPS","GDPC1","1","BART","hom","ber5","b","pre2020",0,0,0
"CRPS","GDPC1","1","BART","hom","ber5","f","pre2020",0,0,0
"CRPS","GDPC1","1","BART","hom","fou3","s","pre2020",0,1,1
"CRPS","GDPC1","1","BART","hom","fou3","b","pre2020",0,0,0
"CRPS","GDPC1","1","BART","hom","fou3","f","pre2020",0,0,0
"CRPS","GDPC1","1","GP","hom","blu","s","pre2020",1,1,2
"CRPS","GDPC1","1","GP","hom","blu","b","pre2020",0,1,1
"CRPS","GDPC1","1","GP","hom","blu","f","pre2020",1,1,2
"CRPS","GDPC1","1","GP","hom","svd","s","pre2020",0,0,0
"CRPS","GDPC1","1","GP","hom","svd","b","pre2020",0,0,0
"CRPS","GDPC1","1","GP","hom","svd","f","pre2020",0,0,0
"CRPS","GDPC1","1","GP","hom","br","s","pre2020",1,1,2
"CRPS","GDPC1","1","GP","hom","br","b","pre2020",0,0,0
"CRPS","GDPC1","1","GP","hom","br","f","pre2020",0,0,0
"CRPS","GDPC1","1","GP","hom","eq","s","pre2020",0,0,0
"CRPS","GDPC1","1","GP","hom","eq","b","pre2020",0,0,0
"CRPS","GDPC1","1","GP","hom","eq","f","pre2020",0,0,0
"CRPS","GDPC1","1","GP","hom","xalm","s","pre2020",0,0,0
"CRPS","GDPC1","1","GP","hom","xalm","b","pre2020",0,0,0
"CRPS","GDPC1","1","GP","hom","xalm","f","pre2020",0,0,0
"CRPS","GDPC1","1","GP","hom","alm3","s","pre2020",1,1,2
"CRPS","GDPC1","1","GP","hom","alm3","b","pre2020",0,0,0
"CRPS","GDPC1","1","GP","hom","alm3","f","pre2020",0,0,0
"CRPS","GDPC1","1","GP","hom","leg3","s","pre2020",0,0,0
"CRPS","GDPC1","1","GP","hom","leg3","b","pre2020",1,1,2
"CRPS","GDPC1","1","GP","hom","leg3","f","pre2020",0,0,0
"CRPS","GDPC1","1","GP","hom","leg5","s","pre2020",1,1,2
"CRPS","GDPC1","1","GP","hom","leg5","b","pre2020",0,0,0
"CRPS","GDPC1","1","GP","hom","leg5","f","pre2020",0,0,0
"CRPS","GDPC1","1","GP","hom","ber3","s","pre2020",1,1,2
"CRPS","GDPC1","1","GP","hom","ber3","b","pre2020",0,0,0
"CRPS","GDPC1","1","GP","hom","ber3","f","pre2020",1,1,2
"CRPS","GDPC1","1","GP","hom","ber5","s","pre2020",1,1,2
"CRPS","GDPC1","1","GP","hom","ber5","b","pre2020",0,0,0
"CRPS","GDPC1","1","GP","hom","ber5","f","pre2020",1,1,2
"CRPS","GDPC1","1","GP","hom","fou3","s","pre2020",1,1,2
"CRPS","GDPC1","1","GP","hom","fou3","b","pre2020",0,0,0
"CRPS","GDPC1","1","GP","hom","fou3","f","pre2020",0,0,0
"CRPS","GDPC1","1","BLR","sv","blu","s","pre2020",0,0,0
"CRPS","GDPC1","1","BLR","sv","blu","b","pre2020",1,1,2
"CRPS","GDPC1","1","BLR","sv","blu","f","pre2020",1,1,2
"CRPS","GDPC1","1","BLR","sv","svd","s","pre2020",0,0,0
"CRPS","GDPC1","1","BLR","sv","svd","b","pre2020",0,0,0
"CRPS","GDPC1","1","BLR","sv","svd","f","pre2020",0,0,0
"CRPS","GDPC1","1","BLR","sv","br","s","pre2020",1,1,2
"CRPS","GDPC1","1","BLR","sv","br","b","pre2020",0,0,0
"CRPS","GDPC1","1","BLR","sv","br","f","pre2020",1,1,2
"CRPS","GDPC1","1","BLR","sv","eq","s","pre2020",0,1,1
"CRPS","GDPC1","1","BLR","sv","eq","b","pre2020",0,0,0
"CRPS","GDPC1","1","BLR","sv","eq","f","pre2020",0,0,0
"CRPS","GDPC1","1","BLR","sv","xalm","s","pre2020",1,1,2
"CRPS","GDPC1","1","BLR","sv","xalm","b","pre2020",0,1,1
"CRPS","GDPC1","1","BLR","sv","xalm","f","pre2020",1,1,2
"CRPS","GDPC1","1","BLR","sv","alm3","s","pre2020",1,1,2
"CRPS","GDPC1","1","BLR","sv","alm3","b","pre2020",1,1,2
"CRPS","GDPC1","1","BLR","sv","alm3","f","pre2020",0,0,0
"CRPS","GDPC1","1","BLR","sv","leg3","s","pre2020",1,1,2
"CRPS","GDPC1","1","BLR","sv","leg3","b","pre2020",1,1,2
"CRPS","GDPC1","1","BLR","sv","leg3","f","pre2020",0,0,0
"CRPS","GDPC1","1","BLR","sv","leg5","s","pre2020",1,1,2
"CRPS","GDPC1","1","BLR","sv","leg5","b","pre2020",1,1,2
"CRPS","GDPC1","1","BLR","sv","leg5","f","pre2020",0,0,0
"CRPS","GDPC1","1","BLR","sv","ber3","s","pre2020",1,1,2
"CRPS","GDPC1","1","BLR","sv","ber3","b","pre2020",1,1,2
"CRPS","GDPC1","1","BLR","sv","ber3","f","pre2020",1,1,2
"CRPS","GDPC1","1","BLR","sv","ber5","s","pre2020",1,1,2
"CRPS","GDPC1","1","BLR","sv","ber5","b","pre2020",0,1,1
"CRPS","GDPC1","1","BLR","sv","ber5","f","pre2020",1,1,2
"CRPS","GDPC1","1","BLR","sv","fou3","s","pre2020",1,1,2
"CRPS","GDPC1","1","BLR","sv","fou3","b","pre2020",1,1,2
"CRPS","GDPC1","1","BLR","sv","fou3","f","pre2020",0,1,1
"CRPS","GDPC1","1","BART","sv","blu","s","pre2020",0,0,0
"CRPS","GDPC1","1","BART","sv","blu","b","pre2020",0,0,0
"CRPS","GDPC1","1","BART","sv","blu","f","pre2020",0,0,0
"CRPS","GDPC1","1","BART","sv","svd","s","pre2020",0,0,0
"CRPS","GDPC1","1","BART","sv","svd","b","pre2020",0,0,0
"CRPS","GDPC1","1","BART","sv","svd","f","pre2020",0,0,0
"CRPS","GDPC1","1","BART","sv","br","s","pre2020",1,1,2
"CRPS","GDPC1","1","BART","sv","br","b","pre2020",0,1,1
"CRPS","GDPC1","1","BART","sv","br","f","pre2020",0,0,0
"CRPS","GDPC1","1","BART","sv","eq","s","pre2020",0,0,0
"CRPS","GDPC1","1","BART","sv","eq","b","pre2020",0,1,1
"CRPS","GDPC1","1","BART","sv","eq","f","pre2020",0,0,0
"CRPS","GDPC1","1","BART","sv","xalm","s","pre2020",1,1,2
"CRPS","GDPC1","1","BART","sv","xalm","b","pre2020",0,0,0
"CRPS","GDPC1","1","BART","sv","xalm","f","pre2020",0,0,0
"CRPS","GDPC1","1","BART","sv","alm3","s","pre2020",1,1,2
"CRPS","GDPC1","1","BART","sv","alm3","b","pre2020",1,1,2
"CRPS","GDPC1","1","BART","sv","alm3","f","pre2020",0,0,0
"CRPS","GDPC1","1","BART","sv","leg3","s","pre2020",1,1,2
"CRPS","GDPC1","1","BART","sv","leg3","b","pre2020",1,1,2
"CRPS","GDPC1","1","BART","sv","leg3","f","pre2020",0,0,0
"CRPS","GDPC1","1","BART","sv","leg5","s","pre2020",1,1,2
"CRPS","GDPC1","1","BART","sv","leg5","b","pre2020",1,1,2
"CRPS","GDPC1","1","BART","sv","leg5","f","pre2020",0,0,0
"CRPS","GDPC1","1","BART","sv","ber3","s","pre2020",1,1,2
"CRPS","GDPC1","1","BART","sv","ber3","b","pre2020",1,1,2
"CRPS","GDPC1","1","BART","sv","ber3","f","pre2020",0,0,0
"CRPS","GDPC1","1","BART","sv","ber5","s","pre2020",1,1,2
"CRPS","GDPC1","1","BART","sv","ber5","b","pre2020",0,0,0
"CRPS","GDPC1","1","BART","sv","ber5","f","pre2020",0,0,0
"CRPS","GDPC1","1","BART","sv","fou3","s","pre2020",0,1,1
"CRPS","GDPC1","1","BART","sv","fou3","b","pre2020",0,1,1
"CRPS","GDPC1","1","BART","sv","fou3","f","pre2020",0,0,0
"CRPS","GDPC1","1","GP","sv","blu","s","pre2020",1,1,2
"CRPS","GDPC1","1","GP","sv","blu","b","pre2020",0,0,0
"CRPS","GDPC1","1","GP","sv","blu","f","pre2020",0,0,0
"CRPS","GDPC1","1","GP","sv","svd","s","pre2020",0,0,0
"CRPS","GDPC1","1","GP","sv","svd","b","pre2020",1,1,2
"CRPS","GDPC1","1","GP","sv","svd","f","pre2020",0,0,0
"CRPS","GDPC1","1","GP","sv","br","s","pre2020",1,1,2
"CRPS","GDPC1","1","GP","sv","br","b","pre2020",0,0,0
"CRPS","GDPC1","1","GP","sv","br","f","pre2020",0,0,0
"CRPS","GDPC1","1","GP","sv","eq","s","pre2020",0,0,0
"CRPS","GDPC1","1","GP","sv","eq","b","pre2020",0,0,0
"CRPS","GDPC1","1","GP","sv","eq","f","pre2020",0,0,0
"CRPS","GDPC1","1","GP","sv","xalm","s","pre2020",1,1,2
"CRPS","GDPC1","1","GP","sv","xalm","b","pre2020",1,1,2
"CRPS","GDPC1","1","GP","sv","xalm","f","pre2020",1,1,2
"CRPS","GDPC1","1","GP","sv","alm3","s","pre2020",0,1,1
"CRPS","GDPC1","1","GP","sv","alm3","b","pre2020",0,0,0
"CRPS","GDPC1","1","GP","sv","alm3","f","pre2020",0,0,0
"CRPS","GDPC1","1","GP","sv","leg3","s","pre2020",1,1,2
"CRPS","GDPC1","1","GP","sv","leg3","b","pre2020",1,1,2
"CRPS","GDPC1","1","GP","sv","leg3","f","pre2020",0,0,0
"CRPS","GDPC1","1","GP","sv","leg5","s","pre2020",1,1,2
"CRPS","GDPC1","1","GP","sv","leg5","b","pre2020",0,0,0
"CRPS","GDPC1","1","GP","sv","leg5","f","pre2020",0,0,0
"CRPS","GDPC1","1","GP","sv","ber3","s","pre2020",1,1,2
"CRPS","GDPC1","1","GP","sv","ber3","b","pre2020",0,0,0
"CRPS","GDPC1","1","GP","sv","ber3","f","pre2020",0,0,0
"CRPS","GDPC1","1","GP","sv","ber5","s","pre2020",1,1,2
"CRPS","GDPC1","1","GP","sv","ber5","b","pre2020",0,0,0
"CRPS","GDPC1","1","GP","sv","ber5","f","pre2020",0,0,0
"CRPS","GDPC1","1","GP","sv","fou3","s","pre2020",1,1,2
"CRPS","GDPC1","1","GP","sv","fou3","b","pre2020",0,0,0
"CRPS","GDPC1","1","GP","sv","fou3","f","pre2020",0,0,0
"CRPS","GDPC1","1","MFVAR","hom","blu","s","pre2020",1,1,2
"CRPS","GDPC1","1","MFVAR","hom","blu","f","pre2020",1,1,2
"CRPS","GDPC1","1","MFVAR","sv","blu","s","pre2020",0,0,0
"CRPS","GDPC1","1","MFVAR","sv","blu","f","pre2020",0,0,0
"CRPS","GDPCTPI","1","BLR","hom","blu","s","pre2020",0,0,0
"CRPS","GDPCTPI","1","BLR","hom","blu","b","pre2020",0,0,0
"CRPS","GDPCTPI","1","BLR","hom","blu","f","pre2020",1,1,2
"CRPS","GDPCTPI","1","BLR","hom","svd","s","pre2020",1,1,2
"CRPS","GDPCTPI","1","BLR","hom","svd","b","pre2020",1,1,2
"CRPS","GDPCTPI","1","BLR","hom","svd","f","pre2020",0,1,1
"CRPS","GDPCTPI","1","BLR","hom","br","s","pre2020",0,0,0
"CRPS","GDPCTPI","1","BLR","hom","br","b","pre2020",1,1,2
"CRPS","GDPCTPI","1","BLR","hom","br","f","pre2020",1,1,2
"CRPS","GDPCTPI","1","BLR","hom","eq","s","pre2020",0,1,1
"CRPS","GDPCTPI","1","BLR","hom","eq","b","pre2020",1,1,2
"CRPS","GDPCTPI","1","BLR","hom","eq","f","pre2020",1,1,2
"CRPS","GDPCTPI","1","BLR","hom","xalm","s","pre2020",0,0,0
"CRPS","GDPCTPI","1","BLR","hom","xalm","b","pre2020",1,1,2
"CRPS","GDPCTPI","1","BLR","hom","xalm","f","pre2020",0,0,0
"CRPS","GDPCTPI","1","BLR","hom","alm3","s","pre2020",1,1,2
"CRPS","GDPCTPI","1","BLR","hom","alm3","b","pre2020",0,0,0
"CRPS","GDPCTPI","1","BLR","hom","alm3","f","pre2020",1,1,2
"CRPS","GDPCTPI","1","BLR","hom","leg3","s","pre2020",0,0,0
"CRPS","GDPCTPI","1","BLR","hom","leg3","b","pre2020",0,0,0
"CRPS","GDPCTPI","1","BLR","hom","leg3","f","pre2020",0,1,1
"CRPS","GDPCTPI","1","BLR","hom","leg5","s","pre2020",0,0,0
"CRPS","GDPCTPI","1","BLR","hom","leg5","b","pre2020",0,0,0
"CRPS","GDPCTPI","1","BLR","hom","leg5","f","pre2020",1,1,2
"CRPS","GDPCTPI","1","BLR","hom","ber3","s","pre2020",0,0,0
"CRPS","GDPCTPI","1","BLR","hom","ber3","b","pre2020",0,0,0
"CRPS","GDPCTPI","1","BLR","hom","ber3","f","pre2020",0,0,0
"CRPS","GDPCTPI","1","BLR","hom","ber5","s","pre2020",0,0,0
"CRPS","GDPCTPI","1","BLR","hom","ber5","b","pre2020",0,0,0
"CRPS","GDPCTPI","1","BLR","hom","ber5","f","pre2020",0,1,1
"CRPS","GDPCTPI","1","BLR","hom","fou3","s","pre2020",0,0,0
"CRPS","GDPCTPI","1","BLR","hom","fou3","b","pre2020",0,0,0
"CRPS","GDPCTPI","1","BLR","hom","fou3","f","pre2020",0,0,0
"CRPS","GDPCTPI","1","BART","hom","blu","s","pre2020",0,0,0
"CRPS","GDPCTPI","1","BART","hom","blu","b","pre2020",0,0,0
"CRPS","GDPCTPI","1","BART","hom","blu","f","pre2020",1,1,2
"CRPS","GDPCTPI","1","BART","hom","svd","s","pre2020",0,0,0
"CRPS","GDPCTPI","1","BART","hom","svd","b","pre2020",0,0,0
"CRPS","GDPCTPI","1","BART","hom","svd","f","pre2020",0,0,0
"CRPS","GDPCTPI","1","BART","hom","br","s","pre2020",0,1,1
"CRPS","GDPCTPI","1","BART","hom","br","b","pre2020",1,1,2
"CRPS","GDPCTPI","1","BART","hom","br","f","pre2020",0,0,0
"CRPS","GDPCTPI","1","BART","hom","eq","s","pre2020",0,0,0
"CRPS","GDPCTPI","1","BART","hom","eq","b","pre2020",0,0,0
"CRPS","GDPCTPI","1","BART","hom","eq","f","pre2020",0,0,0
"CRPS","GDPCTPI","1","BART","hom","xalm","s","pre2020",0,0,0
"CRPS","GDPCTPI","1","BART","hom","xalm","b","pre2020",0,0,0
"CRPS","GDPCTPI","1","BART","hom","xalm","f","pre2020",0,0,0
"CRPS","GDPCTPI","1","BART","hom","alm3","s","pre2020",0,0,0
"CRPS","GDPCTPI","1","BART","hom","alm3","b","pre2020",0,0,0
"CRPS","GDPCTPI","1","BART","hom","alm3","f","pre2020",0,0,0
"CRPS","GDPCTPI","1","BART","hom","leg3","s","pre2020",0,0,0
"CRPS","GDPCTPI","1","BART","hom","leg3","b","pre2020",0,0,0
"CRPS","GDPCTPI","1","BART","hom","leg3","f","pre2020",0,0,0
"CRPS","GDPCTPI","1","BART","hom","leg5","s","pre2020",0,0,0
"CRPS","GDPCTPI","1","BART","hom","leg5","b","pre2020",0,0,0
"CRPS","GDPCTPI","1","BART","hom","leg5","f","pre2020",1,1,2
"CRPS","GDPCTPI","1","BART","hom","ber3","s","pre2020",0,0,0
"CRPS","GDPCTPI","1","BART","hom","ber3","b","pre2020",0,0,0
"CRPS","GDPCTPI","1","BART","hom","ber3","f","pre2020",0,0,0
"CRPS","GDPCTPI","1","BART","hom","ber5","s","pre2020",0,0,0
"CRPS","GDPCTPI","1","BART","hom","ber5","b","pre2020",0,1,1
"CRPS","GDPCTPI","1","BART","hom","ber5","f","pre2020",0,0,0
"CRPS","GDPCTPI","1","BART","hom","fou3","s","pre2020",0,0,0
"CRPS","GDPCTPI","1","BART","hom","fou3","b","pre2020",0,0,0
"CRPS","GDPCTPI","1","BART","hom","fou3","f","pre2020",0,0,0
"CRPS","GDPCTPI","1","GP","hom","blu","s","pre2020",0,0,0
"CRPS","GDPCTPI","1","GP","hom","blu","b","pre2020",0,0,0
"CRPS","GDPCTPI","1","GP","hom","blu","f","pre2020",1,1,2
"CRPS","GDPCTPI","1","GP","hom","svd","s","pre2020",1,1,2
"CRPS","GDPCTPI","1","GP","hom","svd","b","pre2020",1,1,2
"CRPS","GDPCTPI","1","GP","hom","svd","f","pre2020",1,1,2
"CRPS","GDPCTPI","1","GP","hom","br","s","pre2020",0,1,1
"CRPS","GDPCTPI","1","GP","hom","br","b","pre2020",1,1,2
"CRPS","GDPCTPI","1","GP","hom","br","f","pre2020",0,1,1
"CRPS","GDPCTPI","1","GP","hom","eq","s","pre2020",0,0,0
"CRPS","GDPCTPI","1","GP","hom","eq","b","pre2020",0,0,0
"CRPS","GDPCTPI","1","GP","hom","eq","f","pre2020",0,0,0
"CRPS","GDPCTPI","1","GP","hom","xalm","s","pre2020",0,0,0
"CRPS","GDPCTPI","1","GP","hom","xalm","b","pre2020",0,0,0
"CRPS","GDPCTPI","1","GP","hom","xalm","f","pre2020",1,1,2
"CRPS","GDPCTPI","1","GP","hom","alm3","s","pre2020",0,0,0
"CRPS","GDPCTPI","1","GP","hom","alm3","b","pre2020",0,0,0
"CRPS","GDPCTPI","1","GP","hom","alm3","f","pre2020",0,0,0
"CRPS","GDPCTPI","1","GP","hom","leg3","s","pre2020",0,0,0
"CRPS","GDPCTPI","1","GP","hom","leg3","b","pre2020",1,1,2
"CRPS","GDPCTPI","1","GP","hom","leg3","f","pre2020",1,1,2
"CRPS","GDPCTPI","1","GP","hom","leg5","s","pre2020",0,0,0
"CRPS","GDPCTPI","1","GP","hom","leg5","b","pre2020",1,1,2
"CRPS","GDPCTPI","1","GP","hom","leg5","f","pre2020",0,0,0
"CRPS","GDPCTPI","1","GP","hom","ber3","s","pre2020",0,0,0
"CRPS","GDPCTPI","1","GP","hom","ber3","b","pre2020",1,1,2
"CRPS","GDPCTPI","1","GP","hom","ber3","f","pre2020",0,0,0
"CRPS","GDPCTPI","1","GP","hom","ber5","s","pre2020",0,0,0
"CRPS","GDPCTPI","1","GP","hom","ber5","b","pre2020",1,1,2
"CRPS","GDPCTPI","1","GP","hom","ber5","f","pre2020",0,0,0
"CRPS","GDPCTPI","1","GP","hom","fou3","s","pre2020",0,0,0
"CRPS","GDPCTPI","1","GP","hom","fou3","b","pre2020",0,0,0
"CRPS","GDPCTPI","1","GP","hom","fou3","f","pre2020",0,0,0
"CRPS","GDPCTPI","1","BLR","sv","blu","s","pre2020",0,0,0
"CRPS","GDPCTPI","1","BLR","sv","blu","b","pre2020",0,0,0
"CRPS","GDPCTPI","1","BLR","sv","blu","f","pre2020",0,0,0
"CRPS","GDPCTPI","1","BLR","sv","svd","s","pre2020",0,0,0
"CRPS","GDPCTPI","1","BLR","sv","svd","b","pre2020",1,1,2
"CRPS","GDPCTPI","1","BLR","sv","svd","f","pre2020",0,1,1
"CRPS","GDPCTPI","1","BLR","sv","br","s","pre2020",0,0,0
"CRPS","GDPCTPI","1","BLR","sv","br","b","pre2020",0,1,1
"CRPS","GDPCTPI","1","BLR","sv","br","f","pre2020",0,0,0
"CRPS","GDPCTPI","1","BLR","sv","eq","s","pre2020",0,0,0
"CRPS","GDPCTPI","1","BLR","sv","eq","b","pre2020",1,1,2
"CRPS","GDPCTPI","1","BLR","sv","eq","f","pre2020",0,0,0
"CRPS","GDPCTPI","1","BLR","sv","xalm","s","pre2020",0,0,0
"CRPS","GDPCTPI","1","BLR","sv","xalm","b","pre2020",1,1,2
"CRPS","GDPCTPI","1","BLR","sv","xalm","f","pre2020",1,1,2
"CRPS","GDPCTPI","1","BLR","sv","alm3","s","pre2020",0,0,0
"CRPS","GDPCTPI","1","BLR","sv","alm3","b","pre2020",0,0,0
"CRPS","GDPCTPI","1","BLR","sv","alm3","f","pre2020",0,1,1
"CRPS","GDPCTPI","1","BLR","sv","leg3","s","pre2020",0,0,0
"CRPS","GDPCTPI","1","BLR","sv","leg3","b","pre2020",0,0,0
"CRPS","GDPCTPI","1","BLR","sv","leg3","f","pre2020",0,0,0
"CRPS","GDPCTPI","1","BLR","sv","leg5","s","pre2020",0,0,0
"CRPS","GDPCTPI","1","BLR","sv","leg5","b","pre2020",1,1,2
"CRPS","GDPCTPI","1","BLR","sv","leg5","f","pre2020",0,0,0
"CRPS","GDPCTPI","1","BLR","sv","ber3","s","pre2020",0,0,0
"CRPS","GDPCTPI","1","BLR","sv","ber3","b","pre2020",0,0,0
"CRPS","GDPCTPI","1","BLR","sv","ber3","f","pre2020",1,1,2
"CRPS","GDPCTPI","1","BLR","sv","ber5","s","pre2020",0,0,0
"CRPS","GDPCTPI","1","BLR","sv","ber5","b","pre2020",0,0,0
"CRPS","GDPCTPI","1","BLR","sv","ber5","f","pre2020",1,1,2
"CRPS","GDPCTPI","1","BLR","sv","fou3","s","pre2020",0,0,0
"CRPS","GDPCTPI","1","BLR","sv","fou3","b","pre2020",0,0,0
"CRPS","GDPCTPI","1","BLR","sv","fou3","f","pre2020",1,1,2
"CRPS","GDPCTPI","1","BART","sv","blu","s","pre2020",0,0,0
"CRPS","GDPCTPI","1","BART","sv","blu","b","pre2020",0,0,0
"CRPS","GDPCTPI","1","BART","sv","blu","f","pre2020",1,1,2
"CRPS","GDPCTPI","1","BART","sv","svd","s","pre2020",0,0,0
"CRPS","GDPCTPI","1","BART","sv","svd","b","pre2020",0,0,0
"CRPS","GDPCTPI","1","BART","sv","svd","f","pre2020",1,1,2
"CRPS","GDPCTPI","1","BART","sv","br","s","pre2020",0,0,0
"CRPS","GDPCTPI","1","BART","sv","br","b","pre2020",1,1,2
"CRPS","GDPCTPI","1","BART","sv","br","f","pre2020",0,1,1
"CRPS","GDPCTPI","1","BART","sv","eq","s","pre2020",0,0,0
"CRPS","GDPCTPI","1","BART","sv","eq","b","pre2020",0,0,0
"CRPS","GDPCTPI","1","BART","sv","eq","f","pre2020",0,0,0
"CRPS","GDPCTPI","1","BART","sv","xalm","s","pre2020",0,0,0
"CRPS","GDPCTPI","1","BART","sv","xalm","b","pre2020",0,0,0
"CRPS","GDPCTPI","1","BART","sv","xalm","f","pre2020",0,0,0
"CRPS","GDPCTPI","1","BART","sv","alm3","s","pre2020",0,0,0
"CRPS","GDPCTPI","1","BART","sv","alm3","b","pre2020",0,1,1
"CRPS","GDPCTPI","1","BART","sv","alm3","f","pre2020",0,0,0
"CRPS","GDPCTPI","1","BART","sv","leg3","s","pre2020",0,0,0
"CRPS","GDPCTPI","1","BART","sv","leg3","b","pre2020",0,0,0
"CRPS","GDPCTPI","1","BART","sv","leg3","f","pre2020",0,0,0
"CRPS","GDPCTPI","1","BART","sv","leg5","s","pre2020",0,0,0
"CRPS","GDPCTPI","1","BART","sv","leg5","b","pre2020",0,0,0
"CRPS","GDPCTPI","1","BART","sv","leg5","f","pre2020",0,1,1
"CRPS","GDPCTPI","1","BART","sv","ber3","s","pre2020",0,0,0
"CRPS","GDPCTPI","1","BART","sv","ber3","b","pre2020",0,0,0
"CRPS","GDPCTPI","1","BART","sv","ber3","f","pre2020",0,0,0
"CRPS","GDPCTPI","1","BART","sv","ber5","s","pre2020",0,0,0
"CRPS","GDPCTPI","1","BART","sv","ber5","b","pre2020",0,0,0
"CRPS","GDPCTPI","1","BART","sv","ber5","f","pre2020",0,0,0
"CRPS","GDPCTPI","1","BART","sv","fou3","s","pre2020",0,0,0
"CRPS","GDPCTPI","1","BART","sv","fou3","b","pre2020",0,1,1
"CRPS","GDPCTPI","1","BART","sv","fou3","f","pre2020",0,0,0
"CRPS","GDPCTPI","1","GP","sv","blu","s","pre2020",0,0,0
"CRPS","GDPCTPI","1","GP","sv","blu","b","pre2020",0,0,0
"CRPS","GDPCTPI","1","GP","sv","blu","f","pre2020",1,1,2
"CRPS","GDPCTPI","1","GP","sv","svd","s","pre2020",0,0,0
"CRPS","GDPCTPI","1","GP","sv","svd","b","pre2020",1,1,2
"CRPS","GDPCTPI","1","GP","sv","svd","f","pre2020",0,0,0
"CRPS","GDPCTPI","1","GP","sv","br","s","pre2020",0,0,0
"CRPS","GDPCTPI","1","GP","sv","br","b","pre2020",1,1,2
"CRPS","GDPCTPI","1","GP","sv","br","f","pre2020",0,0,0
"CRPS","GDPCTPI","1","GP","sv","eq","s","pre2020",0,0,0
"CRPS","GDPCTPI","1","GP","sv","eq","b","pre2020",0,0,0
"CRPS","GDPCTPI","1","GP","sv","eq","f","pre2020",0,0,0
"CRPS","GDPCTPI","1","GP","sv","xalm","s","pre2020",0,0,0
"CRPS","GDPCTPI","1","GP","sv","xalm","b","pre2020",0,0,0
"CRPS","GDPCTPI","1","GP","sv","xalm","f","pre2020",0,0,0
"CRPS","GDPCTPI","1","GP","sv","alm3","s","pre2020",0,0,0
"CRPS","GDPCTPI","1","GP","sv","alm3","b","pre2020",0,0,0
"CRPS","GDPCTPI","1","GP","sv","alm3","f","pre2020",0,0,0
"CRPS","GDPCTPI","1","GP","sv","leg3","s","pre2020",0,0,0
"CRPS","GDPCTPI","1","GP","sv","leg3","b","pre2020",1,1,2
"CRPS","GDPCTPI","1","GP","sv","leg3","f","pre2020",1,1,2
"CRPS","GDPCTPI","1","GP","sv","leg5","s","pre2020",0,0,0
"CRPS","GDPCTPI","1","GP","sv","leg5","b","pre2020",1,1,2
"CRPS","GDPCTPI","1","GP","sv","leg5","f","pre2020",0,0,0
"CRPS","GDPCTPI","1","GP","sv","ber3","s","pre2020",0,0,0
"CRPS","GDPCTPI","1","GP","sv","ber3","b","pre2020",0,1,1
"CRPS","GDPCTPI","1","GP","sv","ber3","f","pre2020",0,0,0
"CRPS","GDPCTPI","1","GP","sv","ber5","s","pre2020",0,0,0
"CRPS","GDPCTPI","1","GP","sv","ber5","b","pre2020",1,1,2
"CRPS","GDPCTPI","1","GP","sv","ber5","f","pre2020",0,0,0
"CRPS","GDPCTPI","1","GP","sv","fou3","s","pre2020",0,0,0
"CRPS","GDPCTPI","1","GP","sv","fou3","b","pre2020",0,0,0
"CRPS","GDPCTPI","1","GP","sv","fou3","f","pre2020",0,0,0
"CRPS","GDPCTPI","1","MFVAR","hom","blu","s","pre2020",1,1,2
"CRPS","GDPCTPI","1","MFVAR","hom","blu","f","pre2020",0,1,1
"CRPS","GDPCTPI","1","MFVAR","sv","blu","s","pre2020",0,0,0
"CRPS","GDPCTPI","1","MFVAR","sv","blu","f","pre2020",1,1,2
"CRPS","GDPC1","2/3","BLR","hom","blu","s","pre2020",0,0,0
"CRPS","GDPC1","2/3","BLR","hom","blu","b","pre2020",1,1,2
"CRPS","GDPC1","2/3","BLR","hom","blu","f","pre2020",1,1,2
"CRPS","GDPC1","2/3","BLR","hom","svd","s","pre2020",0,0,0
"CRPS","GDPC1","2/3","BLR","hom","svd","b","pre2020",0,0,0
"CRPS","GDPC1","2/3","BLR","hom","svd","f","pre2020",0,0,0
"CRPS","GDPC1","2/3","BLR","hom","br","s","pre2020",1,1,2
"CRPS","GDPC1","2/3","BLR","hom","br","b","pre2020",1,1,2
"CRPS","GDPC1","2/3","BLR","hom","br","f","pre2020",1,1,2
"CRPS","GDPC1","2/3","BLR","hom","eq","s","pre2020",0,0,0
"CRPS","GDPC1","2/3","BLR","hom","eq","b","pre2020",0,1,1
"CRPS","GDPC1","2/3","BLR","hom","eq","f","pre2020",0,0,0
"CRPS","GDPC1","2/3","BLR","hom","xalm","s","pre2020",1,1,2
"CRPS","GDPC1","2/3","BLR","hom","xalm","b","pre2020",1,1,2
"CRPS","GDPC1","2/3","BLR","hom","xalm","f","pre2020",1,1,2
"CRPS","GDPC1","2/3","BLR","hom","alm3","s","pre2020",1,1,2
"CRPS","GDPC1","2/3","BLR","hom","alm3","b","pre2020",0,1,1
"CRPS","GDPC1","2/3","BLR","hom","alm3","f","pre2020",1,1,2
"CRPS","GDPC1","2/3","BLR","hom","leg3","s","pre2020",1,1,2
"CRPS","GDPC1","2/3","BLR","hom","leg3","b","pre2020",1,1,2
"CRPS","GDPC1","2/3","BLR","hom","leg3","f","pre2020",1,1,2
"CRPS","GDPC1","2/3","BLR","hom","leg5","s","pre2020",1,1,2
"CRPS","GDPC1","2/3","BLR","hom","leg5","b","pre2020",1,1,2
"CRPS","GDPC1","2/3","BLR","hom","leg5","f","pre2020",1,1,2
"CRPS","GDPC1","2/3","BLR","hom","ber3","s","pre2020",1,1,2
"CRPS","GDPC1","2/3","BLR","hom","ber3","b","pre2020",1,1,2
"CRPS","GDPC1","2/3","BLR","hom","ber3","f","pre2020",1,1,2
"CRPS","GDPC1","2/3","BLR","hom","ber5","s","pre2020",1,1,2
"CRPS","GDPC1","2/3","BLR","hom","ber5","b","pre2020",1,1,2
"CRPS","GDPC1","2/3","BLR","hom","ber5","f","pre2020",1,1,2
"CRPS","GDPC1","2/3","BLR","hom","fou3","s","pre2020",1,1,2
"CRPS","GDPC1","2/3","BLR","hom","fou3","b","pre2020",1,1,2
"CRPS","GDPC1","2/3","BLR","hom","fou3","f","pre2020",1,1,2
"CRPS","GDPC1","2/3","BART","hom","blu","s","pre2020",0,0,0
"CRPS","GDPC1","2/3","BART","hom","blu","b","pre2020",0,0,0
"CRPS","GDPC1","2/3","BART","hom","blu","f","pre2020",1,1,2
"CRPS","GDPC1","2/3","BART","hom","svd","s","pre2020",0,0,0
"CRPS","GDPC1","2/3","BART","hom","svd","b","pre2020",0,0,0
"CRPS","GDPC1","2/3","BART","hom","svd","f","pre2020",0,0,0
"CRPS","GDPC1","2/3","BART","hom","br","s","pre2020",1,1,2
"CRPS","GDPC1","2/3","BART","hom","br","b","pre2020",0,0,0
"CRPS","GDPC1","2/3","BART","hom","br","f","pre2020",1,1,2
"CRPS","GDPC1","2/3","BART","hom","eq","s","pre2020",0,0,0
"CRPS","GDPC1","2/3","BART","hom","eq","b","pre2020",0,0,0
"CRPS","GDPC1","2/3","BART","hom","eq","f","pre2020",0,0,0
"CRPS","GDPC1","2/3","BART","hom","xalm","s","pre2020",0,0,0
"CRPS","GDPC1","2/3","BART","hom","xalm","b","pre2020",0,0,0
"CRPS","GDPC1","2/3","BART","hom","xalm","f","pre2020",1,1,2
"CRPS","GDPC1","2/3","BART","hom","alm3","s","pre2020",0,0,0
"CRPS","GDPC1","2/3","BART","hom","alm3","b","pre2020",0,0,0
"CRPS","GDPC1","2/3","BART","hom","alm3","f","pre2020",0,0,0
"CRPS","GDPC1","2/3","BART","hom","leg3","s","pre2020",0,1,1
"CRPS","GDPC1","2/3","BART","hom","leg3","b","pre2020",0,0,0
"CRPS","GDPC1","2/3","BART","hom","leg3","f","pre2020",0,0,0
"CRPS","GDPC1","2/3","BART","hom","leg5","s","pre2020",1,1,2
"CRPS","GDPC1","2/3","BART","hom","leg5","b","pre2020",0,0,0
"CRPS","GDPC1","2/3","BART","hom","leg5","f","pre2020",1,1,2
"CRPS","GDPC1","2/3","BART","hom","ber3","s","pre2020",0,0,0
"CRPS","GDPC1","2/3","BART","hom","ber3","b","pre2020",0,0,0
"CRPS","GDPC1","2/3","BART","hom","ber3","f","pre2020",0,0,0
"CRPS","GDPC1","2/3","BART","hom","ber5","s","pre2020",0,0,0
"CRPS","GDPC1","2/3","BART","hom","ber5","b","pre2020",0,0,0
"CRPS","GDPC1","2/3","BART","hom","ber5","f","pre2020",0,0,0
"CRPS","GDPC1","2/3","BART","hom","fou3","s","pre2020",0,0,0
"CRPS","GDPC1","2/3","BART","hom","fou3","b","pre2020",0,0,0
"CRPS","GDPC1","2/3","BART","hom","fou3","f","pre2020",0,0,0
"CRPS","GDPC1","2/3","GP","hom","blu","s","pre2020",0,1,1
"CRPS","GDPC1","2/3","GP","hom","blu","b","pre2020",0,0,0
"CRPS","GDPC1","2/3","GP","hom","blu","f","pre2020",1,1,2
"CRPS","GDPC1","2/3","GP","hom","svd","s","pre2020",0,0,0
"CRPS","GDPC1","2/3","GP","hom","svd","b","pre2020",0,0,0
"CRPS","GDPC1","2/3","GP","hom","svd","f","pre2020",0,0,0
"CRPS","GDPC1","2/3","GP","hom","br","s","pre2020",1,1,2
"CRPS","GDPC1","2/3","GP","hom","br","b","pre2020",0,0,0
"CRPS","GDPC1","2/3","GP","hom","br","f","pre2020",1,1,2
"CRPS","GDPC1","2/3","GP","hom","eq","s","pre2020",0,0,0
"CRPS","GDPC1","2/3","GP","hom","eq","b","pre2020",0,0,0
"CRPS","GDPC1","2/3","GP","hom","eq","f","pre2020",0,0,0
"CRPS","GDPC1","2/3","GP","hom","xalm","s","pre2020",1,1,2
"CRPS","GDPC1","2/3","GP","hom","xalm","b","pre2020",0,0,0
"CRPS","GDPC1","2/3","GP","hom","xalm","f","pre2020",1,1,2
"CRPS","GDPC1","2/3","GP","hom","alm3","s","pre2020",0,0,0
"CRPS","GDPC1","2/3","GP","hom","alm3","b","pre2020",0,0,0
"CRPS","GDPC1","2/3","GP","hom","alm3","f","pre2020",0,1,1
"CRPS","GDPC1","2/3","GP","hom","leg3","s","pre2020",1,1,2
"CRPS","GDPC1","2/3","GP","hom","leg3","b","pre2020",0,0,0
"CRPS","GDPC1","2/3","GP","hom","leg3","f","pre2020",1,1,2
"CRPS","GDPC1","2/3","GP","hom","leg5","s","pre2020",1,1,2
"CRPS","GDPC1","2/3","GP","hom","leg5","b","pre2020",0,0,0
"CRPS","GDPC1","2/3","GP","hom","leg5","f","pre2020",1,1,2
"CRPS","GDPC1","2/3","GP","hom","ber3","s","pre2020",0,1,1
"CRPS","GDPC1","2/3","GP","hom","ber3","b","pre2020",0,0,0
"CRPS","GDPC1","2/3","GP","hom","ber3","f","pre2020",1,1,2
"CRPS","GDPC1","2/3","GP","hom","ber5","s","pre2020",1,1,2
"CRPS","GDPC1","2/3","GP","hom","ber5","b","pre2020",0,0,0
"CRPS","GDPC1","2/3","GP","hom","ber5","f","pre2020",1,1,2
"CRPS","GDPC1","2/3","GP","hom","fou3","s","pre2020",0,0,0
"CRPS","GDPC1","2/3","GP","hom","fou3","b","pre2020",0,0,0
"CRPS","GDPC1","2/3","GP","hom","fou3","f","pre2020",0,0,0
"CRPS","GDPC1","2/3","BLR","sv","blu","s","pre2020",0,0,0
"CRPS","GDPC1","2/3","BLR","sv","blu","b","pre2020",1,1,2
"CRPS","GDPC1","2/3","BLR","sv","blu","f","pre2020",0,0,0
"CRPS","GDPC1","2/3","BLR","sv","svd","s","pre2020",0,0,0
"CRPS","GDPC1","2/3","BLR","sv","svd","b","pre2020",0,0,0
"CRPS","GDPC1","2/3","BLR","sv","svd","f","pre2020",0,0,0
"CRPS","GDPC1","2/3","BLR","sv","br","s","pre2020",0,0,0
"CRPS","GDPC1","2/3","BLR","sv","br","b","pre2020",0,0,0
"CRPS","GDPC1","2/3","BLR","sv","br","f","pre2020",0,0,0
"CRPS","GDPC1","2/3","BLR","sv","eq","s","pre2020",0,0,0
"CRPS","GDPC1","2/3","BLR","sv","eq","b","pre2020",0,0,0
"CRPS","GDPC1","2/3","BLR","sv","eq","f","pre2020",0,0,0
"CRPS","GDPC1","2/3","BLR","sv","xalm","s","pre2020",1,1,2
"CRPS","GDPC1","2/3","BLR","sv","xalm","b","pre2020",0,0,0
"CRPS","GDPC1","2/3","BLR","sv","xalm","f","pre2020",0,0,0
"CRPS","GDPC1","2/3","BLR","sv","alm3","s","pre2020",0,0,0
"CRPS","GDPC1","2/3","BLR","sv","alm3","b","pre2020",0,0,0
"CRPS","GDPC1","2/3","BLR","sv","alm3","f","pre2020",0,0,0
"CRPS","GDPC1","2/3","BLR","sv","leg3","s","pre2020",0,0,0
"CRPS","GDPC1","2/3","BLR","sv","leg3","b","pre2020",0,0,0
"CRPS","GDPC1","2/3","BLR","sv","leg3","f","pre2020",0,1,1
"CRPS","GDPC1","2/3","BLR","sv","leg5","s","pre2020",0,0,0
"CRPS","GDPC1","2/3","BLR","sv","leg5","b","pre2020",0,0,0
"CRPS","GDPC1","2/3","BLR","sv","leg5","f","pre2020",1,1,2
"CRPS","GDPC1","2/3","BLR","sv","ber3","s","pre2020",0,1,1
"CRPS","GDPC1","2/3","BLR","sv","ber3","b","pre2020",0,0,0
"CRPS","GDPC1","2/3","BLR","sv","ber3","f","pre2020",0,1,1
"CRPS","GDPC1","2/3","BLR","sv","ber5","s","pre2020",0,0,0
"CRPS","GDPC1","2/3","BLR","sv","ber5","b","pre2020",0,0,0
"CRPS","GDPC1","2/3","BLR","sv","ber5","f","pre2020",0,1,1
"CRPS","GDPC1","2/3","BLR","sv","fou3","s","pre2020",0,0,0
"CRPS","GDPC1","2/3","BLR","sv","fou3","b","pre2020",0,0,0
"CRPS","GDPC1","2/3","BLR","sv","fou3","f","pre2020",0,0,0
"CRPS","GDPC1","2/3","BART","sv","blu","s","pre2020",0,0,0
"CRPS","GDPC1","2/3","BART","sv","blu","b","pre2020",0,0,0
"CRPS","GDPC1","2/3","BART","sv","blu","f","pre2020",0,0,0
"CRPS","GDPC1","2/3","BART","sv","svd","s","pre2020",0,0,0
"CRPS","GDPC1","2/3","BART","sv","svd","b","pre2020",0,0,0
"CRPS","GDPC1","2/3","BART","sv","svd","f","pre2020",0,0,0
"CRPS","GDPC1","2/3","BART","sv","br","s","pre2020",0,0,0
"CRPS","GDPC1","2/3","BART","sv","br","b","pre2020",0,0,0
"CRPS","GDPC1","2/3","BART","sv","br","f","pre2020",0,0,0
"CRPS","GDPC1","2/3","BART","sv","eq","s","pre2020",0,0,0
"CRPS","GDPC1","2/3","BART","sv","eq","b","pre2020",0,0,0
"CRPS","GDPC1","2/3","BART","sv","eq","f","pre2020",0,0,0
"CRPS","GDPC1","2/3","BART","sv","xalm","s","pre2020",0,0,0
"CRPS","GDPC1","2/3","BART","sv","xalm","b","pre2020",0,0,0
"CRPS","GDPC1","2/3","BART","sv","xalm","f","pre2020",0,0,0
"CRPS","GDPC1","2/3","BART","sv","alm3","s","pre2020",0,0,0
"CRPS","GDPC1","2/3","BART","sv","alm3","b","pre2020",0,0,0
"CRPS","GDPC1","2/3","BART","sv","alm3","f","pre2020",0,0,0
"CRPS","GDPC1","2/3","BART","sv","leg3","s","pre2020",0,0,0
"CRPS","GDPC1","2/3","BART","sv","leg3","b","pre2020",0,0,0
"CRPS","GDPC1","2/3","BART","sv","leg3","f","pre2020",0,0,0
"CRPS","GDPC1","2/3","BART","sv","leg5","s","pre2020",0,0,0
"CRPS","GDPC1","2/3","BART","sv","leg5","b","pre2020",0,0,0
"CRPS","GDPC1","2/3","BART","sv","leg5","f","pre2020",0,1,1
"CRPS","GDPC1","2/3","BART","sv","ber3","s","pre2020",0,0,0
"CRPS","GDPC1","2/3","BART","sv","ber3","b","pre2020",0,0,0
"CRPS","GDPC1","2/3","BART","sv","ber3","f","pre2020",0,0,0
"CRPS","GDPC1","2/3","BART","sv","ber5","s","pre2020",0,0,0
"CRPS","GDPC1","2/3","BART","sv","ber5","b","pre2020",0,0,0
"CRPS","GDPC1","2/3","BART","sv","ber5","f","pre2020",0,0,0
"CRPS","GDPC1","2/3","BART","sv","fou3","s","pre2020",0,0,0
"CRPS","GDPC1","2/3","BART","sv","fou3","b","pre2020",0,0,0
"CRPS","GDPC1","2/3","BART","sv","fou3","f","pre2020",0,0,0
"CRPS","GDPC1","2/3","GP","sv","blu","s","pre2020",0,0,0
"CRPS","GDPC1","2/3","GP","sv","blu","b","pre2020",0,0,0
"CRPS","GDPC1","2/3","GP","sv","blu","f","pre2020",0,0,0
"CRPS","GDPC1","2/3","GP","sv","svd","s","pre2020",0,0,0
"CRPS","GDPC1","2/3","GP","sv","svd","b","pre2020",0,0,0
"CRPS","GDPC1","2/3","GP","sv","svd","f","pre2020",0,0,0
"CRPS","GDPC1","2/3","GP","sv","br","s","pre2020",0,0,0
"CRPS","GDPC1","2/3","GP","sv","br","b","pre2020",0,0,0
"CRPS","GDPC1","2/3","GP","sv","br","f","pre2020",0,0,0
"CRPS","GDPC1","2/3","GP","sv","eq","s","pre2020",0,0,0
"CRPS","GDPC1","2/3","GP","sv","eq","b","pre2020",0,0,0
"CRPS","GDPC1","2/3","GP","sv","eq","f","pre2020",0,0,0
"CRPS","GDPC1","2/3","GP","sv","xalm","s","pre2020",1,1,2
"CRPS","GDPC1","2/3","GP","sv","xalm","b","pre2020",0,0,0
"CRPS","GDPC1","2/3","GP","sv","xalm","f","pre2020",0,0,0
"CRPS","GDPC1","2/3","GP","sv","alm3","s","pre2020",0,0,0
"CRPS","GDPC1","2/3","GP","sv","alm3","b","pre2020",0,0,0
"CRPS","GDPC1","2/3","GP","sv","alm3","f","pre2020",0,0,0
"CRPS","GDPC1","2/3","GP","sv","leg3","s","pre2020",0,0,0
"CRPS","GDPC1","2/3","GP","sv","leg3","b","pre2020",0,0,0
"CRPS","GDPC1","2/3","GP","sv","leg3","f","pre2020",0,0,0
"CRPS","GDPC1","2/3","GP","sv","leg5","s","pre2020",0,0,0
"CRPS","GDPC1","2/3","GP","sv","leg5","b","pre2020",0,0,0
"CRPS","GDPC1","2/3","GP","sv","leg5","f","pre2020",0,0,0
"CRPS","GDPC1","2/3","GP","sv","ber3","s","pre2020",0,0,0
"CRPS","GDPC1","2/3","GP","sv","ber3","b","pre2020",0,0,0
"CRPS","GDPC1","2/3","GP","sv","ber3","f","pre2020",0,0,0
"CRPS","GDPC1","2/3","GP","sv","ber5","s","pre2020",0,0,0
"CRPS","GDPC1","2/3","GP","sv","ber5","b","pre2020",0,0,0
"CRPS","GDPC1","2/3","GP","sv","ber5","f","pre2020",0,0,0
"CRPS","GDPC1","2/3","GP","sv","fou3","s","pre2020",0,0,0
"CRPS","GDPC1","2/3","GP","sv","fou3","b","pre2020",0,0,0
"CRPS","GDPC1","2/3","GP","sv","fou3","f","pre2020",0,0,0
"CRPS","GDPC1","2/3","MFVAR","hom","blu","s","pre2020",1,1,2
"CRPS","GDPC1","2/3","MFVAR","hom","blu","f","pre2020",1,1,2
"CRPS","GDPC1","2/3","MFVAR","sv","blu","s","pre2020",0,0,0
"CRPS","GDPC1","2/3","MFVAR","sv","blu","f","pre2020",0,0,0
"CRPS","GDPCTPI","2/3","BLR","hom","blu","s","pre2020",1,1,2
"CRPS","GDPCTPI","2/3","BLR","hom","blu","b","pre2020",0,0,0
"CRPS","GDPCTPI","2/3","BLR","hom","blu","f","pre2020",1,1,2
"CRPS","GDPCTPI","2/3","BLR","hom","svd","s","pre2020",0,0,0
"CRPS","GDPCTPI","2/3","BLR","hom","svd","b","pre2020",1,1,2
"CRPS","GDPCTPI","2/3","BLR","hom","svd","f","pre2020",0,0,0
"CRPS","GDPCTPI","2/3","BLR","hom","br","s","pre2020",0,0,0
"CRPS","GDPCTPI","2/3","BLR","hom","br","b","pre2020",0,0,0
"CRPS","GDPCTPI","2/3","BLR","hom","br","f","pre2020",0,1,1
"CRPS","GDPCTPI","2/3","BLR","hom","eq","s","pre2020",1,1,2
"CRPS","GDPCTPI","2/3","BLR","hom","eq","b","pre2020",1,1,2
"CRPS","GDPCTPI","2/3","BLR","hom","eq","f","pre2020",1,1,2
"CRPS","GDPCTPI","2/3","BLR","hom","xalm","s","pre2020",1,1,2
"CRPS","GDPCTPI","2/3","BLR","hom","xalm","b","pre2020",0,0,0
"CRPS","GDPCTPI","2/3","BLR","hom","xalm","f","pre2020",1,1,2
"CRPS","GDPCTPI","2/3","BLR","hom","alm3","s","pre2020",0,0,0
"CRPS","GDPCTPI","2/3","BLR","hom","alm3","b","pre2020",1,1,2
"CRPS","GDPCTPI","2/3","BLR","hom","alm3","f","pre2020",1,1,2
"CRPS","GDPCTPI","2/3","BLR","hom","leg3","s","pre2020",0,0,0
"CRPS","GDPCTPI","2/3","BLR","hom","leg3","b","pre2020",0,0,0
"CRPS","GDPCTPI","2/3","BLR","hom","leg3","f","pre2020",1,1,2
"CRPS","GDPCTPI","2/3","BLR","hom","leg5","s","pre2020",0,0,0
"CRPS","GDPCTPI","2/3","BLR","hom","leg5","b","pre2020",1,1,2
"CRPS","GDPCTPI","2/3","BLR","hom","leg5","f","pre2020",1,1,2
"CRPS","GDPCTPI","2/3","BLR","hom","ber3","s","pre2020",0,0,0
"CRPS","GDPCTPI","2/3","BLR","hom","ber3","b","pre2020",0,0,0
"CRPS","GDPCTPI","2/3","BLR","hom","ber3","f","pre2020",1,1,2
"CRPS","GDPCTPI","2/3","BLR","hom","ber5","s","pre2020",0,0,0
"CRPS","GDPCTPI","2/3","BLR","hom","ber5","b","pre2020",0,0,0
"CRPS","GDPCTPI","2/3","BLR","hom","ber5","f","pre2020",1,1,2
"CRPS","GDPCTPI","2/3","BLR","hom","fou3","s","pre2020",0,0,0
"CRPS","GDPCTPI","2/3","BLR","hom","fou3","b","pre2020",0,0,0
"CRPS","GDPCTPI","2/3","BLR","hom","fou3","f","pre2020",1,1,2
"CRPS","GDPCTPI","2/3","BART","hom","blu","s","pre2020",0,0,0
"CRPS","GDPCTPI","2/3","BART","hom","blu","b","pre2020",0,0,0
"CRPS","GDPCTPI","2/3","BART","hom","blu","f","pre2020",1,1,2
"CRPS","GDPCTPI","2/3","BART","hom","svd","s","pre2020",0,0,0
"CRPS","GDPCTPI","2/3","BART","hom","svd","b","pre2020",0,0,0
"CRPS","GDPCTPI","2/3","BART","hom","svd","f","pre2020",0,0,0
"CRPS","GDPCTPI","2/3","BART","hom","br","s","pre2020",0,0,0
"CRPS","GDPCTPI","2/3","BART","hom","br","b","pre2020",0,0,0
"CRPS","GDPCTPI","2/3","BART","hom","br","f","pre2020",1,1,2
"CRPS","GDPCTPI","2/3","BART","hom","eq","s","pre2020",0,0,0
"CRPS","GDPCTPI","2/3","BART","hom","eq","b","pre2020",0,0,0
"CRPS","GDPCTPI","2/3","BART","hom","eq","f","pre2020",0,0,0
"CRPS","GDPCTPI","2/3","BART","hom","xalm","s","pre2020",0,0,0
"CRPS","GDPCTPI","2/3","BART","hom","xalm","b","pre2020",0,0,0
"CRPS","GDPCTPI","2/3","BART","hom","xalm","f","pre2020",0,0,0
"CRPS","GDPCTPI","2/3","BART","hom","alm3","s","pre2020",0,0,0
"CRPS","GDPCTPI","2/3","BART","hom","alm3","b","pre2020",0,0,0
"CRPS","GDPCTPI","2/3","BART","hom","alm3","f","pre2020",0,0,0
"CRPS","GDPCTPI","2/3","BART","hom","leg3","s","pre2020",0,0,0
"CRPS","GDPCTPI","2/3","BART","hom","leg3","b","pre2020",0,0,0
"CRPS","GDPCTPI","2/3","BART","hom","leg3","f","pre2020",0,0,0
"CRPS","GDPCTPI","2/3","BART","hom","leg5","s","pre2020",0,0,0
"CRPS","GDPCTPI","2/3","BART","hom","leg5","b","pre2020",0,1,1
"CRPS","GDPCTPI","2/3","BART","hom","leg5","f","pre2020",0,0,0
"CRPS","GDPCTPI","2/3","BART","hom","ber3","s","pre2020",0,0,0
"CRPS","GDPCTPI","2/3","BART","hom","ber3","b","pre2020",0,0,0
"CRPS","GDPCTPI","2/3","BART","hom","ber3","f","pre2020",0,0,0
"CRPS","GDPCTPI","2/3","BART","hom","ber5","s","pre2020",0,0,0
"CRPS","GDPCTPI","2/3","BART","hom","ber5","b","pre2020",0,0,0
"CRPS","GDPCTPI","2/3","BART","hom","ber5","f","pre2020",0,0,0
"CRPS","GDPCTPI","2/3","BART","hom","fou3","s","pre2020",0,0,0
"CRPS","GDPCTPI","2/3","BART","hom","fou3","b","pre2020",0,0,0
"CRPS","GDPCTPI","2/3","BART","hom","fou3","f","pre2020",0,0,0
"CRPS","GDPCTPI","2/3","GP","hom","blu","s","pre2020",0,0,0
"CRPS","GDPCTPI","2/3","GP","hom","blu","b","pre2020",0,0,0
"CRPS","GDPCTPI","2/3","GP","hom","blu","f","pre2020",0,0,0
"CRPS","GDPCTPI","2/3","GP","hom","svd","s","pre2020",0,0,0
"CRPS","GDPCTPI","2/3","GP","hom","svd","b","pre2020",1,1,2
"CRPS","GDPCTPI","2/3","GP","hom","svd","f","pre2020",0,0,0
"CRPS","GDPCTPI","2/3","GP","hom","br","s","pre2020",0,0,0
"CRPS","GDPCTPI","2/3","GP","hom","br","b","pre2020",1,1,2
"CRPS","GDPCTPI","2/3","GP","hom","br","f","pre2020",1,1,2
"CRPS","GDPCTPI","2/3","GP","hom","eq","s","pre2020",0,0,0
"CRPS","GDPCTPI","2/3","GP","hom","eq","b","pre2020",0,0,0
"CRPS","GDPCTPI","2/3","GP","hom","eq","f","pre2020",1,1,2
"CRPS","GDPCTPI","2/3","GP","hom","xalm","s","pre2020",1,1,2
"CRPS","GDPCTPI","2/3","GP","hom","xalm","b","pre2020",1,1,2
"CRPS","GDPCTPI","2/3","GP","hom","xalm","f","pre2020",1,1,2
"CRPS","GDPCTPI","2/3","GP","hom","alm3","s","pre2020",0,0,0
"CRPS","GDPCTPI","2/3","GP","hom","alm3","b","pre2020",0,0,0
"CRPS","GDPCTPI","2/3","GP","hom","alm3","f","pre2020",0,1,1
"CRPS","GDPCTPI","2/3","GP","hom","leg3","s","pre2020",0,0,0
"CRPS","GDPCTPI","2/3","GP","hom","leg3","b","pre2020",0,0,0
"CRPS","GDPCTPI","2/3","GP","hom","leg3","f","pre2020",0,0,0
"CRPS","GDPCTPI","2/3","GP","hom","leg5","s","pre2020",0,0,0
"CRPS","GDPCTPI","2/3","GP","hom","leg5","b","pre2020",1,1,2
"CRPS","GDPCTPI","2/3","GP","hom","leg5","f","pre2020",0,0,0
"CRPS","GDPCTPI","2/3","GP","hom","ber3","s","pre2020",0,0,0
"CRPS","GDPCTPI","2/3","GP","hom","ber3","b","pre2020",0,1,1
"CRPS","GDPCTPI","2/3","GP","hom","ber3","f","pre2020",0,1,1
"CRPS","GDPCTPI","2/3","GP","hom","ber5","s","pre2020",0,0,0
"CRPS","GDPCTPI","2/3","GP","hom","ber5","b","pre2020",1,1,2
"CRPS","GDPCTPI","2/3","GP","hom","ber5","f","pre2020",0,1,1
"CRPS","GDPCTPI","2/3","GP","hom","fou3","s","pre2020",0,0,0
"CRPS","GDPCTPI","2/3","GP","hom","fou3","b","pre2020",0,0,0
"CRPS","GDPCTPI","2/3","GP","hom","fou3","f","pre2020",0,0,0
"CRPS","GDPCTPI","2/3","BLR","sv","blu","s","pre2020",0,0,0
"CRPS","GDPCTPI","2/3","BLR","sv","blu","b","pre2020",0,1,1
"CRPS","GDPCTPI","2/3","BLR","sv","blu","f","pre2020",0,0,0
"CRPS","GDPCTPI","2/3","BLR","sv","svd","s","pre2020",0,0,0
"CRPS","GDPCTPI","2/3","BLR","sv","svd","b","pre2020",1,1,2
"CRPS","GDPCTPI","2/3","BLR","sv","svd","f","pre2020",0,0,0
"CRPS","GDPCTPI","2/3","BLR","sv","br","s","pre2020",0,0,0
"CRPS","GDPCTPI","2/3","BLR","sv","br","b","pre2020",0,0,0
"CRPS","GDPCTPI","2/3","BLR","sv","br","f","pre2020",0,0,0
"CRPS","GDPCTPI","2/3","BLR","sv","eq","s","pre2020",0,1,1
"CRPS","GDPCTPI","2/3","BLR","sv","eq","b","pre2020",0,1,1
"CRPS","GDPCTPI","2/3","BLR","sv","eq","f","pre2020",1,1,2
"CRPS","GDPCTPI","2/3","BLR","sv","xalm","s","pre2020",0,1,1
"CRPS","GDPCTPI","2/3","BLR","sv","xalm","b","pre2020",1,1,2
"CRPS","GDPCTPI","2/3","BLR","sv","xalm","f","pre2020",0,1,1
"CRPS","GDPCTPI","2/3","BLR","sv","alm3","s","pre2020",0,0,0
"CRPS","GDPCTPI","2/3","BLR","sv","alm3","b","pre2020",1,1,2
"CRPS","GDPCTPI","2/3","BLR","sv","alm3","f","pre2020",1,1,2
"CRPS","GDPCTPI","2/3","BLR","sv","leg3","s","pre2020",1,1,2
"CRPS","GDPCTPI","2/3","BLR","sv","leg3","b","pre2020",0,0,0
"CRPS","GDPCTPI","2/3","BLR","sv","leg3","f","pre2020",0,0,0
"CRPS","GDPCTPI","2/3","BLR","sv","leg5","s","pre2020",1,1,2
"CRPS","GDPCTPI","2/3","BLR","sv","leg5","b","pre2020",1,1,2
"CRPS","GDPCTPI","2/3","BLR","sv","leg5","f","pre2020",1,1,2
"CRPS","GDPCTPI","2/3","BLR","sv","ber3","s","pre2020",0,0,0
"CRPS","GDPCTPI","2/3","BLR","sv","ber3","b","pre2020",0,0,0
"CRPS","GDPCTPI","2/3","BLR","sv","ber3","f","pre2020",0,0,0
"CRPS","GDPCTPI","2/3","BLR","sv","ber5","s","pre2020",0,0,0
"CRPS","GDPCTPI","2/3","BLR","sv","ber5","b","pre2020",0,0,0
"CRPS","GDPCTPI","2/3","BLR","sv","ber5","f","pre2020",1,1,2
"CRPS","GDPCTPI","2/3","BLR","sv","fou3","s","pre2020",0,0,0
"CRPS","GDPCTPI","2/3","BLR","sv","fou3","b","pre2020",0,0,0
"CRPS","GDPCTPI","2/3","BLR","sv","fou3","f","pre2020",0,0,0
"CRPS","GDPCTPI","2/3","BART","sv","blu","s","pre2020",0,0,0
"CRPS","GDPCTPI","2/3","BART","sv","blu","b","pre2020",0,0,0
"CRPS","GDPCTPI","2/3","BART","sv","blu","f","pre2020",1,1,2
"CRPS","GDPCTPI","2/3","BART","sv","svd","s","pre2020",0,0,0
"CRPS","GDPCTPI","2/3","BART","sv","svd","b","pre2020",0,0,0
"CRPS","GDPCTPI","2/3","BART","sv","svd","f","pre2020",0,0,0
"CRPS","GDPCTPI","2/3","BART","sv","br","s","pre2020",0,0,0
"CRPS","GDPCTPI","2/3","BART","sv","br","b","pre2020",0,0,0
"CRPS","GDPCTPI","2/3","BART","sv","br","f","pre2020",0,1,1
"CRPS","GDPCTPI","2/3","BART","sv","eq","s","pre2020",0,0,0
"CRPS","GDPCTPI","2/3","BART","sv","eq","b","pre2020",0,0,0
"CRPS","GDPCTPI","2/3","BART","sv","eq","f","pre2020",0,0,0
"CRPS","GDPCTPI","2/3","BART","sv","xalm","s","pre2020",0,0,0
"CRPS","GDPCTPI","2/3","BART","sv","xalm","b","pre2020",0,0,0
"CRPS","GDPCTPI","2/3","BART","sv","xalm","f","pre2020",0,0,0
"CRPS","GDPCTPI","2/3","BART","sv","alm3","s","pre2020",0,0,0
"CRPS","GDPCTPI","2/3","BART","sv","alm3","b","pre2020",0,0,0
"CRPS","GDPCTPI","2/3","BART","sv","alm3","f","pre2020",0,0,0
"CRPS","GDPCTPI","2/3","BART","sv","leg3","s","pre2020",0,0,0
"CRPS","GDPCTPI","2/3","BART","sv","leg3","b","pre2020",0,0,0
"CRPS","GDPCTPI","2/3","BART","sv","leg3","f","pre2020",0,0,0
"CRPS","GDPCTPI","2/3","BART","sv","leg5","s","pre2020",0,0,0
"CRPS","GDPCTPI","2/3","BART","sv","leg5","b","pre2020",1,1,2
"CRPS","GDPCTPI","2/3","BART","sv","leg5","f","pre2020",0,0,0
"CRPS","GDPCTPI","2/3","BART","sv","ber3","s","pre2020",0,0,0
"CRPS","GDPCTPI","2/3","BART","sv","ber3","b","pre2020",1,1,2
"CRPS","GDPCTPI","2/3","BART","sv","ber3","f","pre2020",0,0,0
"CRPS","GDPCTPI","2/3","BART","sv","ber5","s","pre2020",0,0,0
"CRPS","GDPCTPI","2/3","BART","sv","ber5","b","pre2020",1,1,2
"CRPS","GDPCTPI","2/3","BART","sv","ber5","f","pre2020",0,0,0
"CRPS","GDPCTPI","2/3","BART","sv","fou3","s","pre2020",0,0,0
"CRPS","GDPCTPI","2/3","BART","sv","fou3","b","pre2020",0,0,0
"CRPS","GDPCTPI","2/3","BART","sv","fou3","f","pre2020",0,0,0
"CRPS","GDPCTPI","2/3","GP","sv","blu","s","pre2020",0,0,0
"CRPS","GDPCTPI","2/3","GP","sv","blu","b","pre2020",0,0,0
"CRPS","GDPCTPI","2/3","GP","sv","blu","f","pre2020",0,0,0
"CRPS","GDPCTPI","2/3","GP","sv","svd","s","pre2020",0,0,0
"CRPS","GDPCTPI","2/3","GP","sv","svd","b","pre2020",1,1,2
"CRPS","GDPCTPI","2/3","GP","sv","svd","f","pre2020",0,0,0
"CRPS","GDPCTPI","2/3","GP","sv","br","s","pre2020",0,0,0
"CRPS","GDPCTPI","2/3","GP","sv","br","b","pre2020",1,1,2
"CRPS","GDPCTPI","2/3","GP","sv","br","f","pre2020",0,0,0
"CRPS","GDPCTPI","2/3","GP","sv","eq","s","pre2020",0,0,0
"CRPS","GDPCTPI","2/3","GP","sv","eq","b","pre2020",0,0,0
"CRPS","GDPCTPI","2/3","GP","sv","eq","f","pre2020",0,1,1
"CRPS","GDPCTPI","2/3","GP","sv","xalm","s","pre2020",0,0,0
"CRPS","GDPCTPI","2/3","GP","sv","xalm","b","pre2020",1,1,2
"CRPS","GDPCTPI","2/3","GP","sv","xalm","f","pre2020",1,1,2
"CRPS","GDPCTPI","2/3","GP","sv","alm3","s","pre2020",0,0,0
"CRPS","GDPCTPI","2/3","GP","sv","alm3","b","pre2020",0,0,0
"CRPS","GDPCTPI","2/3","GP","sv","alm3","f","pre2020",0,0,0
"CRPS","GDPCTPI","2/3","GP","sv","leg3","s","pre2020",0,0,0
"CRPS","GDPCTPI","2/3","GP","sv","leg3","b","pre2020",0,0,0
"CRPS","GDPCTPI","2/3","GP","sv","leg3","f","pre2020",0,0,0
"CRPS","GDPCTPI","2/3","GP","sv","leg5","s","pre2020",0,0,0
"CRPS","GDPCTPI","2/3","GP","sv","leg5","b","pre2020",1,1,2
"CRPS","GDPCTPI","2/3","GP","sv","leg5","f","pre2020",0,0,0
"CRPS","GDPCTPI","2/3","GP","sv","ber3","s","pre2020",0,0,0
"CRPS","GDPCTPI","2/3","GP","sv","ber3","b","pre2020",1,1,2
"CRPS","GDPCTPI","2/3","GP","sv","ber3","f","pre2020",0,0,0
"CRPS","GDPCTPI","2/3","GP","sv","ber5","s","pre2020",0,0,0
"CRPS","GDPCTPI","2/3","GP","sv","ber5","b","pre2020",1,1,2
"CRPS","GDPCTPI","2/3","GP","sv","ber5","f","pre2020",0,0,0
"CRPS","GDPCTPI","2/3","GP","sv","fou3","s","pre2020",0,0,0
"CRPS","GDPCTPI","2/3","GP","sv","fou3","b","pre2020",0,0,0
"CRPS","GDPCTPI","2/3","GP","sv","fou3","f","pre2020",0,0,0
"CRPS","GDPCTPI","2/3","MFVAR","hom","blu","s","pre2020",0,0,0
"CRPS","GDPCTPI","2/3","MFVAR","hom","blu","f","pre2020",0,0,0
"CRPS","GDPCTPI","2/3","MFVAR","sv","blu","s","pre2020",0,0,0
"CRPS","GDPCTPI","2/3","MFVAR","sv","blu","f","pre2020",0,0,0
"CRPS","GDPC1","1/3","BLR","hom","blu","s","pre2020",1,1,2
"CRPS","GDPC1","1/3","BLR","hom","blu","b","pre2020",0,0,0
"CRPS","GDPC1","1/3","BLR","hom","blu","f","pre2020",1,1,2
"CRPS","GDPC1","1/3","BLR","hom","svd","s","pre2020",0,0,0
"CRPS","GDPC1","1/3","BLR","hom","svd","b","pre2020",0,1,1
"CRPS","GDPC1","1/3","BLR","hom","svd","f","pre2020",0,0,0
"CRPS","GDPC1","1/3","BLR","hom","br","s","pre2020",1,1,2
"CRPS","GDPC1","1/3","BLR","hom","br","b","pre2020",0,0,0
"CRPS","GDPC1","1/3","BLR","hom","br","f","pre2020",1,1,2
"CRPS","GDPC1","1/3","BLR","hom","eq","s","pre2020",1,1,2
"CRPS","GDPC1","1/3","BLR","hom","eq","b","pre2020",1,1,2
"CRPS","GDPC1","1/3","BLR","hom","eq","f","pre2020",1,1,2
"CRPS","GDPC1","1/3","BLR","hom","xalm","s","pre2020",1,1,2
"CRPS","GDPC1","1/3","BLR","hom","xalm","b","pre2020",1,1,2
"CRPS","GDPC1","1/3","BLR","hom","xalm","f","pre2020",1,1,2
"CRPS","GDPC1","1/3","BLR","hom","alm3","s","pre2020",1,1,2
"CRPS","GDPC1","1/3","BLR","hom","alm3","b","pre2020",1,1,2
"CRPS","GDPC1","1/3","BLR","hom","alm3","f","pre2020",1,1,2
"CRPS","GDPC1","1/3","BLR","hom","leg3","s","pre2020",1,1,2
"CRPS","GDPC1","1/3","BLR","hom","leg3","b","pre2020",1,1,2
"CRPS","GDPC1","1/3","BLR","hom","leg3","f","pre2020",1,1,2
"CRPS","GDPC1","1/3","BLR","hom","leg5","s","pre2020",0,0,0
"CRPS","GDPC1","1/3","BLR","hom","leg5","b","pre2020",0,0,0
"CRPS","GDPC1","1/3","BLR","hom","leg5","f","pre2020",1,1,2
"CRPS","GDPC1","1/3","BLR","hom","ber3","s","pre2020",1,1,2
"CRPS","GDPC1","1/3","BLR","hom","ber3","b","pre2020",1,1,2
"CRPS","GDPC1","1/3","BLR","hom","ber3","f","pre2020",1,1,2
"CRPS","GDPC1","1/3","BLR","hom","ber5","s","pre2020",1,1,2
"CRPS","GDPC1","1/3","BLR","hom","ber5","b","pre2020",1,1,2
"CRPS","GDPC1","1/3","BLR","hom","ber5","f","pre2020",1,1,2
"CRPS","GDPC1","1/3","BLR","hom","fou3","s","pre2020",1,1,2
"CRPS","GDPC1","1/3","BLR","hom","fou3","b","pre2020",0,1,1
"CRPS","GDPC1","1/3","BLR","hom","fou3","f","pre2020",1,1,2
"CRPS","GDPC1","1/3","BART","hom","blu","s","pre2020",0,0,0
"CRPS","GDPC1","1/3","BART","hom","blu","b","pre2020",0,0,0
"CRPS","GDPC1","1/3","BART","hom","blu","f","pre2020",1,1,2
"CRPS","GDPC1","1/3","BART","hom","svd","s","pre2020",0,0,0
"CRPS","GDPC1","1/3","BART","hom","svd","b","pre2020",0,0,0
"CRPS","GDPC1","1/3","BART","hom","svd","f","pre2020",0,0,0
"CRPS","GDPC1","1/3","BART","hom","br","s","pre2020",0,0,0
"CRPS","GDPC1","1/3","BART","hom","br","b","pre2020",0,0,0
"CRPS","GDPC1","1/3","BART","hom","br","f","pre2020",0,0,0
"CRPS","GDPC1","1/3","BART","hom","eq","s","pre2020",0,1,1
"CRPS","GDPC1","1/3","BART","hom","eq","b","pre2020",0,0,0
"CRPS","GDPC1","1/3","BART","hom","eq","f","pre2020",0,0,0
"CRPS","GDPC1","1/3","BART","hom","xalm","s","pre2020",1,1,2
"CRPS","GDPC1","1/3","BART","hom","xalm","b","pre2020",1,1,2
"CRPS","GDPC1","1/3","BART","hom","xalm","f","pre2020",0,1,1
"CRPS","GDPC1","1/3","BART","hom","alm3","s","pre2020",1,1,2
"CRPS","GDPC1","1/3","BART","hom","alm3","b","pre2020",0,0,0
"CRPS","GDPC1","1/3","BART","hom","alm3","f","pre2020",0,0,0
"CRPS","GDPC1","1/3","BART","hom","leg3","s","pre2020",1,1,2
"CRPS","GDPC1","1/3","BART","hom","leg3","b","pre2020",1,1,2
"CRPS","GDPC1","1/3","BART","hom","leg3","f","pre2020",0,0,0
"CRPS","GDPC1","1/3","BART","hom","leg5","s","pre2020",1,1,2
"CRPS","GDPC1","1/3","BART","hom","leg5","b","pre2020",1,1,2
"CRPS","GDPC1","1/3","BART","hom","leg5","f","pre2020",0,0,0
"CRPS","GDPC1","1/3","BART","hom","ber3","s","pre2020",1,1,2
"CRPS","GDPC1","1/3","BART","hom","ber3","b","pre2020",0,0,0
"CRPS","GDPC1","1/3","BART","hom","ber3","f","pre2020",0,0,0
"CRPS","GDPC1","1/3","BART","hom","ber5","s","pre2020",1,1,2
"CRPS","GDPC1","1/3","BART","hom","ber5","b","pre2020",0,0,0
"CRPS","GDPC1","1/3","BART","hom","ber5","f","pre2020",0,0,0
"CRPS","GDPC1","1/3","BART","hom","fou3","s","pre2020",1,1,2
"CRPS","GDPC1","1/3","BART","hom","fou3","b","pre2020",0,1,1
"CRPS","GDPC1","1/3","BART","hom","fou3","f","pre2020",0,0,0
"CRPS","GDPC1","1/3","GP","hom","blu","s","pre2020",0,0,0
"CRPS","GDPC1","1/3","GP","hom","blu","b","pre2020",0,0,0
"CRPS","GDPC1","1/3","GP","hom","blu","f","pre2020",1,1,2
"CRPS","GDPC1","1/3","GP","hom","svd","s","pre2020",0,0,0
"CRPS","GDPC1","1/3","GP","hom","svd","b","pre2020",0,0,0
"CRPS","GDPC1","1/3","GP","hom","svd","f","pre2020",0,0,0
"CRPS","GDPC1","1/3","GP","hom","br","s","pre2020",1,1,2
"CRPS","GDPC1","1/3","GP","hom","br","b","pre2020",0,1,1
"CRPS","GDPC1","1/3","GP","hom","br","f","pre2020",1,1,2
"CRPS","GDPC1","1/3","GP","hom","eq","s","pre2020",1,1,2
"CRPS","GDPC1","1/3","GP","hom","eq","b","pre2020",0,0,0
"CRPS","GDPC1","1/3","GP","hom","eq","f","pre2020",0,0,0
"CRPS","GDPC1","1/3","GP","hom","xalm","s","pre2020",1,1,2
"CRPS","GDPC1","1/3","GP","hom","xalm","b","pre2020",1,1,2
"CRPS","GDPC1","1/3","GP","hom","xalm","f","pre2020",1,1,2
"CRPS","GDPC1","1/3","GP","hom","alm3","s","pre2020",1,1,2
"CRPS","GDPC1","1/3","GP","hom","alm3","b","pre2020",0,0,0
"CRPS","GDPC1","1/3","GP","hom","alm3","f","pre2020",1,1,2
"CRPS","GDPC1","1/3","GP","hom","leg3","s","pre2020",0,0,0
"CRPS","GDPC1","1/3","GP","hom","leg3","b","pre2020",0,0,0
"CRPS","GDPC1","1/3","GP","hom","leg3","f","pre2020",0,0,0
"CRPS","GDPC1","1/3","GP","hom","leg5","s","pre2020",0,0,0
"CRPS","GDPC1","1/3","GP","hom","leg5","b","pre2020",0,0,0
"CRPS","GDPC1","1/3","GP","hom","leg5","f","pre2020",1,1,2
"CRPS","GDPC1","1/3","GP","hom","ber3","s","pre2020",1,1,2
"CRPS","GDPC1","1/3","GP","hom","ber3","b","pre2020",0,0,0
"CRPS","GDPC1","1/3","GP","hom","ber3","f","pre2020",1,1,2
"CRPS","GDPC1","1/3","GP","hom","ber5","s","pre2020",1,1,2
"CRPS","GDPC1","1/3","GP","hom","ber5","b","pre2020",0,0,0
"CRPS","GDPC1","1/3","GP","hom","ber5","f","pre2020",1,1,2
"CRPS","GDPC1","1/3","GP","hom","fou3","s","pre2020",1,1,2
"CRPS","GDPC1","1/3","GP","hom","fou3","b","pre2020",1,1,2
"CRPS","GDPC1","1/3","GP","hom","fou3","f","pre2020",0,1,1
"CRPS","GDPC1","1/3","BLR","sv","blu","s","pre2020",1,1,2
"CRPS","GDPC1","1/3","BLR","sv","blu","b","pre2020",0,0,0
"CRPS","GDPC1","1/3","BLR","sv","blu","f","pre2020",1,1,2
"CRPS","GDPC1","1/3","BLR","sv","svd","s","pre2020",0,0,0
"CRPS","GDPC1","1/3","BLR","sv","svd","b","pre2020",0,0,0
"CRPS","GDPC1","1/3","BLR","sv","svd","f","pre2020",0,0,0
"CRPS","GDPC1","1/3","BLR","sv","br","s","pre2020",1,1,2
"CRPS","GDPC1","1/3","BLR","sv","br","b","pre2020",0,0,0
"CRPS","GDPC1","1/3","BLR","sv","br","f","pre2020",0,1,1
"CRPS","GDPC1","1/3","BLR","sv","eq","s","pre2020",1,1,2
"CRPS","GDPC1","1/3","BLR","sv","eq","b","pre2020",0,0,0
"CRPS","GDPC1","1/3","BLR","sv","eq","f","pre2020",1,1,2
"CRPS","GDPC1","1/3","BLR","sv","xalm","s","pre2020",1,1,2
"CRPS","GDPC1","1/3","BLR","sv","xalm","b","pre2020",1,1,2
"CRPS","GDPC1","1/3","BLR","sv","xalm","f","pre2020",1,1,2
"CRPS","GDPC1","1/3","BLR","sv","alm3","s","pre2020",1,1,2
"CRPS","GDPC1","1/3","BLR","sv","alm3","b","pre2020",1,1,2
"CRPS","GDPC1","1/3","BLR","sv","alm3","f","pre2020",1,1,2
"CRPS","GDPC1","1/3","BLR","sv","leg3","s","pre2020",1,1,2
"CRPS","GDPC1","1/3","BLR","sv","leg3","b","pre2020",1,1,2
"CRPS","GDPC1","1/3","BLR","sv","leg3","f","pre2020",1,1,2
"CRPS","GDPC1","1/3","BLR","sv","leg5","s","pre2020",0,0,0
"CRPS","GDPC1","1/3","BLR","sv","leg5","b","pre2020",0,0,0
"CRPS","GDPC1","1/3","BLR","sv","leg5","f","pre2020",1,1,2
"CRPS","GDPC1","1/3","BLR","sv","ber3","s","pre2020",1,1,2
"CRPS","GDPC1","1/3","BLR","sv","ber3","b","pre2020",1,1,2
"CRPS","GDPC1","1/3","BLR","sv","ber3","f","pre2020",1,1,2
"CRPS","GDPC1","1/3","BLR","sv","ber5","s","pre2020",1,1,2
"CRPS","GDPC1","1/3","BLR","sv","ber5","b","pre2020",1,1,2
"CRPS","GDPC1","1/3","BLR","sv","ber5","f","pre2020",1,1,2
"CRPS","GDPC1","1/3","BLR","sv","fou3","s","pre2020",1,1,2
"CRPS","GDPC1","1/3","BLR","sv","fou3","b","pre2020",1,1,2
"CRPS","GDPC1","1/3","BLR","sv","fou3","f","pre2020",1,1,2
"CRPS","GDPC1","1/3","BART","sv","blu","s","pre2020",0,0,0
"CRPS","GDPC1","1/3","BART","sv","blu","b","pre2020",0,0,0
"CRPS","GDPC1","1/3","BART","sv","blu","f","pre2020",1,1,2
"CRPS","GDPC1","1/3","BART","sv","svd","s","pre2020",0,0,0
"CRPS","GDPC1","1/3","BART","sv","svd","b","pre2020",0,0,0
"CRPS","GDPC1","1/3","BART","sv","svd","f","pre2020",0,0,0
"CRPS","GDPC1","1/3","BART","sv","br","s","pre2020",0,0,0
"CRPS","GDPC1","1/3","BART","sv","br","b","pre2020",0,0,0
"CRPS","GDPC1","1/3","BART","sv","br","f","pre2020",0,0,0
"CRPS","GDPC1","1/3","BART","sv","eq","s","pre2020",0,0,0
"CRPS","GDPC1","1/3","BART","sv","eq","b","pre2020",0,0,0
"CRPS","GDPC1","1/3","BART","sv","eq","f","pre2020",0,0,0
"CRPS","GDPC1","1/3","BART","sv","xalm","s","pre2020",1,1,2
"CRPS","GDPC1","1/3","BART","sv","xalm","b","pre2020",0,0,0
"CRPS","GDPC1","1/3","BART","sv","xalm","f","pre2020",0,1,1
"CRPS","GDPC1","1/3","BART","sv","alm3","s","pre2020",1,1,2
"CRPS","GDPC1","1/3","BART","sv","alm3","b","pre2020",0,0,0
"CRPS","GDPC1","1/3","BART","sv","alm3","f","pre2020",0,0,0
"CRPS","GDPC1","1/3","BART","sv","leg3","s","pre2020",1,1,2
"CRPS","GDPC1","1/3","BART","sv","leg3","b","pre2020",1,1,2
"CRPS","GDPC1","1/3","BART","sv","leg3","f","pre2020",0,0,0
"CRPS","GDPC1","1/3","BART","sv","leg5","s","pre2020",1,1,2
"CRPS","GDPC1","1/3","BART","sv","leg5","b","pre2020",1,1,2
"CRPS","GDPC1","1/3","BART","sv","leg5","f","pre2020",0,0,0
"CRPS","GDPC1","1/3","BART","sv","ber3","s","pre2020",1,1,2
"CRPS","GDPC1","1/3","BART","sv","ber3","b","pre2020",0,0,0
"CRPS","GDPC1","1/3","BART","sv","ber3","f","pre2020",0,0,0
"CRPS","GDPC1","1/3","BART","sv","ber5","s","pre2020",1,1,2
"CRPS","GDPC1","1/3","BART","sv","ber5","b","pre2020",0,1,1
"CRPS","GDPC1","1/3","BART","sv","ber5","f","pre2020",0,0,0
"CRPS","GDPC1","1/3","BART","sv","fou3","s","pre2020",1,1,2
"CRPS","GDPC1","1/3","BART","sv","fou3","b","pre2020",0,0,0
"CRPS","GDPC1","1/3","BART","sv","fou3","f","pre2020",0,0,0
"CRPS","GDPC1","1/3","GP","sv","blu","s","pre2020",0,1,1
"CRPS","GDPC1","1/3","GP","sv","blu","b","pre2020",0,0,0
"CRPS","GDPC1","1/3","GP","sv","blu","f","pre2020",0,1,1
"CRPS","GDPC1","1/3","GP","sv","svd","s","pre2020",0,0,0
"CRPS","GDPC1","1/3","GP","sv","svd","b","pre2020",0,0,0
"CRPS","GDPC1","1/3","GP","sv","svd","f","pre2020",0,0,0
"CRPS","GDPC1","1/3","GP","sv","br","s","pre2020",1,1,2
"CRPS","GDPC1","1/3","GP","sv","br","b","pre2020",0,0,0
"CRPS","GDPC1","1/3","GP","sv","br","f","pre2020",1,1,2
"CRPS","GDPC1","1/3","GP","sv","eq","s","pre2020",1,1,2
"CRPS","GDPC1","1/3","GP","sv","eq","b","pre2020",0,0,0
"CRPS","GDPC1","1/3","GP","sv","eq","f","pre2020",1,1,2
"CRPS","GDPC1","1/3","GP","sv","xalm","s","pre2020",1,1,2
"CRPS","GDPC1","1/3","GP","sv","xalm","b","pre2020",1,1,2
"CRPS","GDPC1","1/3","GP","sv","xalm","f","pre2020",1,1,2
"CRPS","GDPC1","1/3","GP","sv","alm3","s","pre2020",0,0,0
"CRPS","GDPC1","1/3","GP","sv","alm3","b","pre2020",0,0,0
"CRPS","GDPC1","1/3","GP","sv","alm3","f","pre2020",0,0,0
"CRPS","GDPC1","1/3","GP","sv","leg3","s","pre2020",0,0,0
"CRPS","GDPC1","1/3","GP","sv","leg3","b","pre2020",0,0,0
"CRPS","GDPC1","1/3","GP","sv","leg3","f","pre2020",0,0,0
"CRPS","GDPC1","1/3","GP","sv","leg5","s","pre2020",0,1,1
"CRPS","GDPC1","1/3","GP","sv","leg5","b","pre2020",0,0,0
"CRPS","GDPC1","1/3","GP","sv","leg5","f","pre2020",0,0,0
"CRPS","GDPC1","1/3","GP","sv","ber3","s","pre2020",0,0,0
"CRPS","GDPC1","1/3","GP","sv","ber3","b","pre2020",0,0,0
"CRPS","GDPC1","1/3","GP","sv","ber3","f","pre2020",0,1,1
"CRPS","GDPC1","1/3","GP","sv","ber5","s","pre2020",0,0,0
"CRPS","GDPC1","1/3","GP","sv","ber5","b","pre2020",0,0,0
"CRPS","GDPC1","1/3","GP","sv","ber5","f","pre2020",1,1,2
"CRPS","GDPC1","1/3","GP","sv","fou3","s","pre2020",0,0,0
"CRPS","GDPC1","1/3","GP","sv","fou3","b","pre2020",0,0,0
"CRPS","GDPC1","1/3","GP","sv","fou3","f","pre2020",1,1,2
"CRPS","GDPC1","1/3","MFVAR","hom","blu","s","pre2020",1,1,2
"CRPS","GDPC1","1/3","MFVAR","hom","blu","f","pre2020",1,1,2
"CRPS","GDPC1","1/3","MFVAR","sv","blu","s","pre2020",0,0,0
"CRPS","GDPC1","1/3","MFVAR","sv","blu","f","pre2020",0,0,0
"CRPS","GDPCTPI","1/3","BLR","hom","blu","s","pre2020",0,1,1
"CRPS","GDPCTPI","1/3","BLR","hom","blu","b","pre2020",0,0,0
"CRPS","GDPCTPI","1/3","BLR","hom","blu","f","pre2020",1,1,2
"CRPS","GDPCTPI","1/3","BLR","hom","svd","s","pre2020",0,0,0
"CRPS","GDPCTPI","1/3","BLR","hom","svd","b","pre2020",1,1,2
"CRPS","GDPCTPI","1/3","BLR","hom","svd","f","pre2020",0,0,0
"CRPS","GDPCTPI","1/3","BLR","hom","br","s","pre2020",1,1,2
"CRPS","GDPCTPI","1/3","BLR","hom","br","b","pre2020",0,1,1
"CRPS","GDPCTPI","1/3","BLR","hom","br","f","pre2020",1,1,2
"CRPS","GDPCTPI","1/3","BLR","hom","eq","s","pre2020",0,0,0
"CRPS","GDPCTPI","1/3","BLR","hom","eq","b","pre2020",1,1,2
"CRPS","GDPCTPI","1/3","BLR","hom","eq","f","pre2020",1,1,2
"CRPS","GDPCTPI","1/3","BLR","hom","xalm","s","pre2020",1,1,2
"CRPS","GDPCTPI","1/3","BLR","hom","xalm","b","pre2020",0,0,0
"CRPS","GDPCTPI","1/3","BLR","hom","xalm","f","pre2020",1,1,2
"CRPS","GDPCTPI","1/3","BLR","hom","alm3","s","pre2020",1,1,2
"CRPS","GDPCTPI","1/3","BLR","hom","alm3","b","pre2020",1,1,2
"CRPS","GDPCTPI","1/3","BLR","hom","alm3","f","pre2020",1,1,2
"CRPS","GDPCTPI","1/3","BLR","hom","leg3","s","pre2020",1,1,2
"CRPS","GDPCTPI","1/3","BLR","hom","leg3","b","pre2020",0,0,0
"CRPS","GDPCTPI","1/3","BLR","hom","leg3","f","pre2020",0,0,0
"CRPS","GDPCTPI","1/3","BLR","hom","leg5","s","pre2020",1,1,2
"CRPS","GDPCTPI","1/3","BLR","hom","leg5","b","pre2020",0,0,0
"CRPS","GDPCTPI","1/3","BLR","hom","leg5","f","pre2020",1,1,2
"CRPS","GDPCTPI","1/3","BLR","hom","ber3","s","pre2020",0,0,0
"CRPS","GDPCTPI","1/3","BLR","hom","ber3","b","pre2020",0,0,0
"CRPS","GDPCTPI","1/3","BLR","hom","ber3","f","pre2020",1,1,2
"CRPS","GDPCTPI","1/3","BLR","hom","ber5","s","pre2020",0,0,0
"CRPS","GDPCTPI","1/3","BLR","hom","ber5","b","pre2020",0,0,0
"CRPS","GDPCTPI","1/3","BLR","hom","ber5","f","pre2020",1,1,2
"CRPS","GDPCTPI","1/3","BLR","hom","fou3","s","pre2020",0,0,0
"CRPS","GDPCTPI","1/3","BLR","hom","fou3","b","pre2020",0,0,0
"CRPS","GDPCTPI","1/3","BLR","hom","fou3","f","pre2020",1,1,2
"CRPS","GDPCTPI","1/3","BART","hom","blu","s","pre2020",0,0,0
"CRPS","GDPCTPI","1/3","BART","hom","blu","b","pre2020",0,0,0
"CRPS","GDPCTPI","1/3","BART","hom","blu","f","pre2020",0,0,0
"CRPS","GDPCTPI","1/3","BART","hom","svd","s","pre2020",0,0,0
"CRPS","GDPCTPI","1/3","BART","hom","svd","b","pre2020",0,0,0
"CRPS","GDPCTPI","1/3","BART","hom","svd","f","pre2020",0,0,0
"CRPS","GDPCTPI","1/3","BART","hom","br","s","pre2020",0,0,0
"CRPS","GDPCTPI","1/3","BART","hom","br","b","pre2020",0,0,0
"CRPS","GDPCTPI","1/3","BART","hom","br","f","pre2020",0,0,0
"CRPS","GDPCTPI","1/3","BART","hom","eq","s","pre2020",0,0,0
"CRPS","GDPCTPI","1/3","BART","hom","eq","b","pre2020",0,1,1
"CRPS","GDPCTPI","1/3","BART","hom","eq","f","pre2020",0,0,0
"CRPS","GDPCTPI","1/3","BART","hom","xalm","s","pre2020",1,1,2
"CRPS","GDPCTPI","1/3","BART","hom","xalm","b","pre2020",1,1,2
"CRPS","GDPCTPI","1/3","BART","hom","xalm","f","pre2020",0,0,0
"CRPS","GDPCTPI","1/3","BART","hom","alm3","s","pre2020",1,1,2
"CRPS","GDPCTPI","1/3","BART","hom","alm3","b","pre2020",1,1,2
"CRPS","GDPCTPI","1/3","BART","hom","alm3","f","pre2020",0,0,0
"CRPS","GDPCTPI","1/3","BART","hom","leg3","s","pre2020",0,0,0
"CRPS","GDPCTPI","1/3","BART","hom","leg3","b","pre2020",0,0,0
"CRPS","GDPCTPI","1/3","BART","hom","leg3","f","pre2020",0,0,0
"CRPS","GDPCTPI","1/3","BART","hom","leg5","s","pre2020",0,0,0
"CRPS","GDPCTPI","1/3","BART","hom","leg5","b","pre2020",0,0,0
"CRPS","GDPCTPI","1/3","BART","hom","leg5","f","pre2020",1,1,2
"CRPS","GDPCTPI","1/3","BART","hom","ber3","s","pre2020",0,0,0
"CRPS","GDPCTPI","1/3","BART","hom","ber3","b","pre2020",0,0,0
"CRPS","GDPCTPI","1/3","BART","hom","ber3","f","pre2020",0,0,0
"CRPS","GDPCTPI","1/3","BART","hom","ber5","s","pre2020",0,0,0
"CRPS","GDPCTPI","1/3","BART","hom","ber5","b","pre2020",0,0,0
"CRPS","GDPCTPI","1/3","BART","hom","ber5","f","pre2020",0,0,0
"CRPS","GDPCTPI","1/3","BART","hom","fou3","s","pre2020",0,0,0
"CRPS","GDPCTPI","1/3","BART","hom","fou3","b","pre2020",0,1,1
"CRPS","GDPCTPI","1/3","BART","hom","fou3","f","pre2020",0,0,0
"CRPS","GDPCTPI","1/3","GP","hom","blu","s","pre2020",0,0,0
"CRPS","GDPCTPI","1/3","GP","hom","blu","b","pre2020",0,0,0
"CRPS","GDPCTPI","1/3","GP","hom","blu","f","pre2020",0,0,0
"CRPS","GDPCTPI","1/3","GP","hom","svd","s","pre2020",0,0,0
"CRPS","GDPCTPI","1/3","GP","hom","svd","b","pre2020",1,1,2
"CRPS","GDPCTPI","1/3","GP","hom","svd","f","pre2020",0,0,0
"CRPS","GDPCTPI","1/3","GP","hom","br","s","pre2020",0,0,0
"CRPS","GDPCTPI","1/3","GP","hom","br","b","pre2020",0,0,0
"CRPS","GDPCTPI","1/3","GP","hom","br","f","pre2020",0,0,0
"CRPS","GDPCTPI","1/3","GP","hom","eq","s","pre2020",0,0,0
"CRPS","GDPCTPI","1/3","GP","hom","eq","b","pre2020",0,0,0
"CRPS","GDPCTPI","1/3","GP","hom","eq","f","pre2020",1,1,2
"CRPS","GDPCTPI","1/3","GP","hom","xalm","s","pre2020",1,1,2
"CRPS","GDPCTPI","1/3","GP","hom","xalm","b","pre2020",1,1,2
"CRPS","GDPCTPI","1/3","GP","hom","xalm","f","pre2020",1,1,2
"CRPS","GDPCTPI","1/3","GP","hom","alm3","s","pre2020",0,0,0
"CRPS","GDPCTPI","1/3","GP","hom","alm3","b","pre2020",0,0,0
"CRPS","GDPCTPI","1/3","GP","hom","alm3","f","pre2020",0,0,0
"CRPS","GDPCTPI","1/3","GP","hom","leg3","s","pre2020",0,0,0
"CRPS","GDPCTPI","1/3","GP","hom","leg3","b","pre2020",0,0,0
"CRPS","GDPCTPI","1/3","GP","hom","leg3","f","pre2020",0,1,1
"CRPS","GDPCTPI","1/3","GP","hom","leg5","s","pre2020",0,0,0
"CRPS","GDPCTPI","1/3","GP","hom","leg5","b","pre2020",0,0,0
"CRPS","GDPCTPI","1/3","GP","hom","leg5","f","pre2020",0,0,0
"CRPS","GDPCTPI","1/3","GP","hom","ber3","s","pre2020",0,0,0
"CRPS","GDPCTPI","1/3","GP","hom","ber3","b","pre2020",0,1,1
"CRPS","GDPCTPI","1/3","GP","hom","ber3","f","pre2020",1,1,2
"CRPS","GDPCTPI","1/3","GP","hom","ber5","s","pre2020",0,0,0
"CRPS","GDPCTPI","1/3","GP","hom","ber5","b","pre2020",1,1,2
"CRPS","GDPCTPI","1/3","GP","hom","ber5","f","pre2020",0,1,1
"CRPS","GDPCTPI","1/3","GP","hom","fou3","s","pre2020",0,0,0
"CRPS","GDPCTPI","1/3","GP","hom","fou3","b","pre2020",0,1,1
"CRPS","GDPCTPI","1/3","GP","hom","fou3","f","pre2020",0,1,1
"CRPS","GDPCTPI","1/3","BLR","sv","blu","s","pre2020",0,0,0
"CRPS","GDPCTPI","1/3","BLR","sv","blu","b","pre2020",1,1,2
"CRPS","GDPCTPI","1/3","BLR","sv","blu","f","pre2020",1,1,2
"CRPS","GDPCTPI","1/3","BLR","sv","svd","s","pre2020",0,0,0
"CRPS","GDPCTPI","1/3","BLR","sv","svd","b","pre2020",1,1,2
"CRPS","GDPCTPI","1/3","BLR","sv","svd","f","pre2020",0,1,1
"CRPS","GDPCTPI","1/3","BLR","sv","br","s","pre2020",1,1,2
"CRPS","GDPCTPI","1/3","BLR","sv","br","b","pre2020",0,1,1
"CRPS","GDPCTPI","1/3","BLR","sv","br","f","pre2020",1,1,2
"CRPS","GDPCTPI","1/3","BLR","sv","eq","s","pre2020",1,1,2
"CRPS","GDPCTPI","1/3","BLR","sv","eq","b","pre2020",1,1,2
"CRPS","GDPCTPI","1/3","BLR","sv","eq","f","pre2020",1,1,2
"CRPS","GDPCTPI","1/3","BLR","sv","xalm","s","pre2020",1,1,2
"CRPS","GDPCTPI","1/3","BLR","sv","xalm","b","pre2020",1,1,2
"CRPS","GDPCTPI","1/3","BLR","sv","xalm","f","pre2020",1,1,2
"CRPS","GDPCTPI","1/3","BLR","sv","alm3","s","pre2020",1,1,2
"CRPS","GDPCTPI","1/3","BLR","sv","alm3","b","pre2020",1,1,2
"CRPS","GDPCTPI","1/3","BLR","sv","alm3","f","pre2020",1,1,2
"CRPS","GDPCTPI","1/3","BLR","sv","leg3","s","pre2020",1,1,2
"CRPS","GDPCTPI","1/3","BLR","sv","leg3","b","pre2020",1,1,2
"CRPS","GDPCTPI","1/3","BLR","sv","leg3","f","pre2020",0,0,0
"CRPS","GDPCTPI","1/3","BLR","sv","leg5","s","pre2020",1,1,2
"CRPS","GDPCTPI","1/3","BLR","sv","leg5","b","pre2020",1,1,2
"CRPS","GDPCTPI","1/3","BLR","sv","leg5","f","pre2020",0,1,1
"CRPS","GDPCTPI","1/3","BLR","sv","ber3","s","pre2020",0,1,1
"CRPS","GDPCTPI","1/3","BLR","sv","ber3","b","pre2020",0,1,1
"CRPS","GDPCTPI","1/3","BLR","sv","ber3","f","pre2020",1,1,2
"CRPS","GDPCTPI","1/3","BLR","sv","ber5","s","pre2020",0,1,1
"CRPS","GDPCTPI","1/3","BLR","sv","ber5","b","pre2020",1,1,2
"CRPS","GDPCTPI","1/3","BLR","sv","ber5","f","pre2020",1,1,2
"CRPS","GDPCTPI","1/3","BLR","sv","fou3","s","pre2020",0,0,0
"CRPS","GDPCTPI","1/3","BLR","sv","fou3","b","pre2020",0,0,0
"CRPS","GDPCTPI","1/3","BLR","sv","fou3","f","pre2020",1,1,2
"CRPS","GDPCTPI","1/3","BART","sv","blu","s","pre2020",0,0,0
"CRPS","GDPCTPI","1/3","BART","sv","blu","b","pre2020",0,0,0
"CRPS","GDPCTPI","1/3","BART","sv","blu","f","pre2020",0,0,0
"CRPS","GDPCTPI","1/3","BART","sv","svd","s","pre2020",0,0,0
"CRPS","GDPCTPI","1/3","BART","sv","svd","b","pre2020",0,0,0
"CRPS","GDPCTPI","1/3","BART","sv","svd","f","pre2020",0,0,0
"CRPS","GDPCTPI","1/3","BART","sv","br","s","pre2020",0,0,0
"CRPS","GDPCTPI","1/3","BART","sv","br","b","pre2020",0,0,0
"CRPS","GDPCTPI","1/3","BART","sv","br","f","pre2020",0,0,0
"CRPS","GDPCTPI","1/3","BART","sv","eq","s","pre2020",0,1,1
"CRPS","GDPCTPI","1/3","BART","sv","eq","b","pre2020",0,0,0
"CRPS","GDPCTPI","1/3","BART","sv","eq","f","pre2020",0,0,0
"CRPS","GDPCTPI","1/3","BART","sv","xalm","s","pre2020",1,1,2
"CRPS","GDPCTPI","1/3","BART","sv","xalm","b","pre2020",0,0,0
"CRPS","GDPCTPI","1/3","BART","sv","xalm","f","pre2020",0,0,0
"CRPS","GDPCTPI","1/3","BART","sv","alm3","s","pre2020",0,0,0
"CRPS","GDPCTPI","1/3","BART","sv","alm3","b","pre2020",1,1,2
"CRPS","GDPCTPI","1/3","BART","sv","alm3","f","pre2020",0,0,0
"CRPS","GDPCTPI","1/3","BART","sv","leg3","s","pre2020",0,0,0
"CRPS","GDPCTPI","1/3","BART","sv","leg3","b","pre2020",0,0,0
"CRPS","GDPCTPI","1/3","BART","sv","leg3","f","pre2020",0,0,0
"CRPS","GDPCTPI","1/3","BART","sv","leg5","s","pre2020",0,0,0
"CRPS","GDPCTPI","1/3","BART","sv","leg5","b","pre2020",0,0,0
"CRPS","GDPCTPI","1/3","BART","sv","leg5","f","pre2020",1,1,2
"CRPS","GDPCTPI","1/3","BART","sv","ber3","s","pre2020",0,0,0
"CRPS","GDPCTPI","1/3","BART","sv","ber3","b","pre2020",0,0,0
"CRPS","GDPCTPI","1/3","BART","sv","ber3","f","pre2020",0,0,0
"CRPS","GDPCTPI","1/3","BART","sv","ber5","s","pre2020",0,0,0
"CRPS","GDPCTPI","1/3","BART","sv","ber5","b","pre2020",0,0,0
"CRPS","GDPCTPI","1/3","BART","sv","ber5","f","pre2020",0,0,0
"CRPS","GDPCTPI","1/3","BART","sv","fou3","s","pre2020",0,0,0
"CRPS","GDPCTPI","1/3","BART","sv","fou3","b","pre2020",0,1,1
"CRPS","GDPCTPI","1/3","BART","sv","fou3","f","pre2020",0,0,0
"CRPS","GDPCTPI","1/3","GP","sv","blu","s","pre2020",0,0,0
"CRPS","GDPCTPI","1/3","GP","sv","blu","b","pre2020",0,0,0
"CRPS","GDPCTPI","1/3","GP","sv","blu","f","pre2020",0,0,0
"CRPS","GDPCTPI","1/3","GP","sv","svd","s","pre2020",0,0,0
"CRPS","GDPCTPI","1/3","GP","sv","svd","b","pre2020",0,1,1
"CRPS","GDPCTPI","1/3","GP","sv","svd","f","pre2020",0,0,0
"CRPS","GDPCTPI","1/3","GP","sv","br","s","pre2020",0,0,0
"CRPS","GDPCTPI","1/3","GP","sv","br","b","pre2020",0,0,0
"CRPS","GDPCTPI","1/3","GP","sv","br","f","pre2020",0,0,0
"CRPS","GDPCTPI","1/3","GP","sv","eq","s","pre2020",0,0,0
"CRPS","GDPCTPI","1/3","GP","sv","eq","b","pre2020",0,0,0
"CRPS","GDPCTPI","1/3","GP","sv","eq","f","pre2020",0,1,1
"CRPS","GDPCTPI","1/3","GP","sv","xalm","s","pre2020",1,1,2
"CRPS","GDPCTPI","1/3","GP","sv","xalm","b","pre2020",1,1,2
"CRPS","GDPCTPI","1/3","GP","sv","xalm","f","pre2020",1,1,2
"CRPS","GDPCTPI","1/3","GP","sv","alm3","s","pre2020",0,0,0
"CRPS","GDPCTPI","1/3","GP","sv","alm3","b","pre2020",0,0,0
"CRPS","GDPCTPI","1/3","GP","sv","alm3","f","pre2020",0,1,1
"CRPS","GDPCTPI","1/3","GP","sv","leg3","s","pre2020",0,0,0
"CRPS","GDPCTPI","1/3","GP","sv","leg3","b","pre2020",0,0,0
"CRPS","GDPCTPI","1/3","GP","sv","leg3","f","pre2020",0,0,0
"CRPS","GDPCTPI","1/3","GP","sv","leg5","s","pre2020",0,0,0
"CRPS","GDPCTPI","1/3","GP","sv","leg5","b","pre2020",0,0,0
"CRPS","GDPCTPI","1/3","GP","sv","leg5","f","pre2020",0,0,0
"CRPS","GDPCTPI","1/3","GP","sv","ber3","s","pre2020",0,0,0
"CRPS","GDPCTPI","1/3","GP","sv","ber3","b","pre2020",0,0,0
"CRPS","GDPCTPI","1/3","GP","sv","ber3","f","pre2020",0,0,0
"CRPS","GDPCTPI","1/3","GP","sv","ber5","s","pre2020",0,0,0
"CRPS","GDPCTPI","1/3","GP","sv","ber5","b","pre2020",0,0,0
"CRPS","GDPCTPI","1/3","GP","sv","ber5","f","pre2020",0,0,0
"CRPS","GDPCTPI","1/3","GP","sv","fou3","s","pre2020",0,0,0
"CRPS","GDPCTPI","1/3","GP","sv","fou3","b","pre2020",0,0,0
"CRPS","GDPCTPI","1/3","GP","sv","fou3","f","pre2020",0,0,0
"CRPS","GDPCTPI","1/3","MFVAR","hom","blu","s","pre2020",0,0,0
"CRPS","GDPCTPI","1/3","MFVAR","hom","blu","f","pre2020",1,1,2
"CRPS","GDPCTPI","1/3","MFVAR","sv","blu","s","pre2020",0,0,0
"CRPS","GDPCTPI","1/3","MFVAR","sv","blu","f","pre2020",0,0,0
"CRPS","GDPC1","0","BLR","hom","blu","s","pre2020",1,1,2
"CRPS","GDPC1","0","BLR","hom","blu","b","pre2020",0,0,0
"CRPS","GDPC1","0","BLR","hom","blu","f","pre2020",0,1,1
"CRPS","GDPC1","0","BLR","hom","svd","s","pre2020",0,1,1
"CRPS","GDPC1","0","BLR","hom","svd","b","pre2020",1,1,2
"CRPS","GDPC1","0","BLR","hom","svd","f","pre2020",0,0,0
"CRPS","GDPC1","0","BLR","hom","br","s","pre2020",1,1,2
"CRPS","GDPC1","0","BLR","hom","br","b","pre2020",1,1,2
"CRPS","GDPC1","0","BLR","hom","br","f","pre2020",1,1,2
"CRPS","GDPC1","0","BLR","hom","eq","s","pre2020",1,1,2
"CRPS","GDPC1","0","BLR","hom","eq","b","pre2020",1,1,2
"CRPS","GDPC1","0","BLR","hom","eq","f","pre2020",1,1,2
"CRPS","GDPC1","0","BLR","hom","xalm","s","pre2020",1,1,2
"CRPS","GDPC1","0","BLR","hom","xalm","b","pre2020",1,1,2
"CRPS","GDPC1","0","BLR","hom","xalm","f","pre2020",1,1,2
"CRPS","GDPC1","0","BLR","hom","alm3","s","pre2020",1,1,2
"CRPS","GDPC1","0","BLR","hom","alm3","b","pre2020",1,1,2
"CRPS","GDPC1","0","BLR","hom","alm3","f","pre2020",1,1,2
"CRPS","GDPC1","0","BLR","hom","leg3","s","pre2020",1,1,2
"CRPS","GDPC1","0","BLR","hom","leg3","b","pre2020",0,1,1
"CRPS","GDPC1","0","BLR","hom","leg3","f","pre2020",1,1,2
"CRPS","GDPC1","0","BLR","hom","leg5","s","pre2020",1,1,2
"CRPS","GDPC1","0","BLR","hom","leg5","b","pre2020",0,0,0
"CRPS","GDPC1","0","BLR","hom","leg5","f","pre2020",1,1,2
"CRPS","GDPC1","0","BLR","hom","ber3","s","pre2020",1,1,2
"CRPS","GDPC1","0","BLR","hom","ber3","b","pre2020",1,1,2
"CRPS","GDPC1","0","BLR","hom","ber3","f","pre2020",1,1,2
"CRPS","GDPC1","0","BLR","hom","ber5","s","pre2020",1,1,2
"CRPS","GDPC1","0","BLR","hom","ber5","b","pre2020",0,1,1
"CRPS","GDPC1","0","BLR","hom","ber5","f","pre2020",1,1,2
"CRPS","GDPC1","0","BLR","hom","fou3","s","pre2020",1,1,2
"CRPS","GDPC1","0","BLR","hom","fou3","b","pre2020",1,1,2
"CRPS","GDPC1","0","BLR","hom","fou3","f","pre2020",1,1,2
"CRPS","GDPC1","0","BART","hom","blu","s","pre2020",0,1,1
"CRPS","GDPC1","0","BART","hom","blu","b","pre2020",0,0,0
"CRPS","GDPC1","0","BART","hom","blu","f","pre2020",1,1,2
"CRPS","GDPC1","0","BART","hom","svd","s","pre2020",0,0,0
"CRPS","GDPC1","0","BART","hom","svd","b","pre2020",0,0,0
"CRPS","GDPC1","0","BART","hom","svd","f","pre2020",0,0,0
"CRPS","GDPC1","0","BART","hom","br","s","pre2020",0,0,0
"CRPS","GDPC1","0","BART","hom","br","b","pre2020",0,0,0
"CRPS","GDPC1","0","BART","hom","br","f","pre2020",0,0,0
"CRPS","GDPC1","0","BART","hom","eq","s","pre2020",1,1,2
"CRPS","GDPC1","0","BART","hom","eq","b","pre2020",0,0,0
"CRPS","GDPC1","0","BART","hom","eq","f","pre2020",0,0,0
"CRPS","GDPC1","0","BART","hom","xalm","s","pre2020",1,1,2
"CRPS","GDPC1","0","BART","hom","xalm","b","pre2020",0,0,0
"CRPS","GDPC1","0","BART","hom","xalm","f","pre2020",0,1,1
"CRPS","GDPC1","0","BART","hom","alm3","s","pre2020",1,1,2
"CRPS","GDPC1","0","BART","hom","alm3","b","pre2020",0,0,0
"CRPS","GDPC1","0","BART","hom","alm3","f","pre2020",0,0,0
"CRPS","GDPC1","0","BART","hom","leg3","s","pre2020",1,1,2
"CRPS","GDPC1","0","BART","hom","leg3","b","pre2020",0,0,0
"CRPS","GDPC1","0","BART","hom","leg3","f","pre2020",1,1,2
"CRPS","GDPC1","0","BART","hom","leg5","s","pre2020",0,0,0
"CRPS","GDPC1","0","BART","hom","leg5","b","pre2020",0,0,0
"CRPS","GDPC1","0","BART","hom","leg5","f","pre2020",1,1,2
"CRPS","GDPC1","0","BART","hom","ber3","s","pre2020",1,1,2
"CRPS","GDPC1","0","BART","hom","ber3","b","pre2020",0,0,0
"CRPS","GDPC1","0","BART","hom","ber3","f","pre2020",0,0,0
"CRPS","GDPC1","0","BART","hom","ber5","s","pre2020",1,1,2
"CRPS","GDPC1","0","BART","hom","ber5","b","pre2020",0,0,0
"CRPS","GDPC1","0","BART","hom","ber5","f","pre2020",0,0,0
"CRPS","GDPC1","0","BART","hom","fou3","s","pre2020",0,0,0
"CRPS","GDPC1","0","BART","hom","fou3","b","pre2020",0,0,0
"CRPS","GDPC1","0","BART","hom","fou3","f","pre2020",0,0,0
"CRPS","GDPC1","0","GP","hom","blu","s","pre2020",1,1,2
"CRPS","GDPC1","0","GP","hom","blu","b","pre2020",0,0,0
"CRPS","GDPC1","0","GP","hom","blu","f","pre2020",1,1,2
"CRPS","GDPC1","0","GP","hom","svd","s","pre2020",0,0,0
"CRPS","GDPC1","0","GP","hom","svd","b","pre2020",1,1,2
"CRPS","GDPC1","0","GP","hom","svd","f","pre2020",0,0,0
"CRPS","GDPC1","0","GP","hom","br","s","pre2020",0,0,0
"CRPS","GDPC1","0","GP","hom","br","b","pre2020",0,0,0
"CRPS","GDPC1","0","GP","hom","br","f","pre2020",1,1,2
"CRPS","GDPC1","0","GP","hom","eq","s","pre2020",1,1,2
"CRPS","GDPC1","0","GP","hom","eq","b","pre2020",0,1,1
"CRPS","GDPC1","0","GP","hom","eq","f","pre2020",1,1,2
"CRPS","GDPC1","0","GP","hom","xalm","s","pre2020",0,0,0
"CRPS","GDPC1","0","GP","hom","xalm","b","pre2020",1,1,2
"CRPS","GDPC1","0","GP","hom","xalm","f","pre2020",1,1,2
"CRPS","GDPC1","0","GP","hom","alm3","s","pre2020",1,1,2
"CRPS","GDPC1","0","GP","hom","alm3","b","pre2020",0,0,0
"CRPS","GDPC1","0","GP","hom","alm3","f","pre2020",1,1,2
"CRPS","GDPC1","0","GP","hom","leg3","s","pre2020",1,1,2
"CRPS","GDPC1","0","GP","hom","leg3","b","pre2020",0,0,0
"CRPS","GDPC1","0","GP","hom","leg3","f","pre2020",1,1,2
"CRPS","GDPC1","0","GP","hom","leg5","s","pre2020",1,1,2
"CRPS","GDPC1","0","GP","hom","leg5","b","pre2020",0,0,0
"CRPS","GDPC1","0","GP","hom","leg5","f","pre2020",0,1,1
"CRPS","GDPC1","0","GP","hom","ber3","s","pre2020",1,1,2
"CRPS","GDPC1","0","GP","hom","ber3","b","pre2020",0,0,0
"CRPS","GDPC1","0","GP","hom","ber3","f","pre2020",1,1,2
"CRPS","GDPC1","0","GP","hom","ber5","s","pre2020",1,1,2
"CRPS","GDPC1","0","GP","hom","ber5","b","pre2020",0,0,0
"CRPS","GDPC1","0","GP","hom","ber5","f","pre2020",1,1,2
"CRPS","GDPC1","0","GP","hom","fou3","s","pre2020",1,1,2
"CRPS","GDPC1","0","GP","hom","fou3","b","pre2020",0,0,0
"CRPS","GDPC1","0","GP","hom","fou3","f","pre2020",1,1,2
"CRPS","GDPC1","0","BLR","sv","blu","s","pre2020",1,1,2
"CRPS","GDPC1","0","BLR","sv","blu","b","pre2020",0,0,0
"CRPS","GDPC1","0","BLR","sv","blu","f","pre2020",0,0,0
"CRPS","GDPC1","0","BLR","sv","svd","s","pre2020",0,0,0
"CRPS","GDPC1","0","BLR","sv","svd","b","pre2020",0,0,0
"CRPS","GDPC1","0","BLR","sv","svd","f","pre2020",0,0,0
"CRPS","GDPC1","0","BLR","sv","br","s","pre2020",1,1,2
"CRPS","GDPC1","0","BLR","sv","br","b","pre2020",1,1,2
"CRPS","GDPC1","0","BLR","sv","br","f","pre2020",0,1,1
"CRPS","GDPC1","0","BLR","sv","eq","s","pre2020",1,1,2
"CRPS","GDPC1","0","BLR","sv","eq","b","pre2020",1,1,2
"CRPS","GDPC1","0","BLR","sv","eq","f","pre2020",1,1,2
"CRPS","GDPC1","0","BLR","sv","xalm","s","pre2020",0,0,0
"CRPS","GDPC1","0","BLR","sv","xalm","b","pre2020",1,1,2
"CRPS","GDPC1","0","BLR","sv","xalm","f","pre2020",1,1,2
"CRPS","GDPC1","0","BLR","sv","alm3","s","pre2020",1,1,2
"CRPS","GDPC1","0","BLR","sv","alm3","b","pre2020",1,1,2
"CRPS","GDPC1","0","BLR","sv","alm3","f","pre2020",1,1,2
"CRPS","GDPC1","0","BLR","sv","leg3","s","pre2020",1,1,2
"CRPS","GDPC1","0","BLR","sv","leg3","b","pre2020",1,1,2
"CRPS","GDPC1","0","BLR","sv","leg3","f","pre2020",1,1,2
"CRPS","GDPC1","0","BLR","sv","leg5","s","pre2020",1,1,2
"CRPS","GDPC1","0","BLR","sv","leg5","b","pre2020",0,0,0
"CRPS","GDPC1","0","BLR","sv","leg5","f","pre2020",0,0,0
"CRPS","GDPC1","0","BLR","sv","ber3","s","pre2020",1,1,2
"CRPS","GDPC1","0","BLR","sv","ber3","b","pre2020",1,1,2
"CRPS","GDPC1","0","BLR","sv","ber3","f","pre2020",1,1,2
"CRPS","GDPC1","0","BLR","sv","ber5","s","pre2020",1,1,2
"CRPS","GDPC1","0","BLR","sv","ber5","b","pre2020",0,1,1
"CRPS","GDPC1","0","BLR","sv","ber5","f","pre2020",0,1,1
"CRPS","GDPC1","0","BLR","sv","fou3","s","pre2020",1,1,2
"CRPS","GDPC1","0","BLR","sv","fou3","b","pre2020",1,1,2
"CRPS","GDPC1","0","BLR","sv","fou3","f","pre2020",1,1,2
"CRPS","GDPC1","0","BART","sv","blu","s","pre2020",0,0,0
"CRPS","GDPC1","0","BART","sv","blu","b","pre2020",0,0,0
"CRPS","GDPC1","0","BART","sv","blu","f","pre2020",1,1,2
"CRPS","GDPC1","0","BART","sv","svd","s","pre2020",0,0,0
"CRPS","GDPC1","0","BART","sv","svd","b","pre2020",0,0,0
"CRPS","GDPC1","0","BART","sv","svd","f","pre2020",0,0,0
"CRPS","GDPC1","0","BART","sv","br","s","pre2020",0,0,0
"CRPS","GDPC1","0","BART","sv","br","b","pre2020",0,0,0
"CRPS","GDPC1","0","BART","sv","br","f","pre2020",0,0,0
"CRPS","GDPC1","0","BART","sv","eq","s","pre2020",0,0,0
"CRPS","GDPC1","0","BART","sv","eq","b","pre2020",0,0,0
"CRPS","GDPC1","0","BART","sv","eq","f","pre2020",0,0,0
"CRPS","GDPC1","0","BART","sv","xalm","s","pre2020",1,1,2
"CRPS","GDPC1","0","BART","sv","xalm","b","pre2020",0,0,0
"CRPS","GDPC1","0","BART","sv","xalm","f","pre2020",0,1,1
"CRPS","GDPC1","0","BART","sv","alm3","s","pre2020",1,1,2
"CRPS","GDPC1","0","BART","sv","alm3","b","pre2020",0,0,0
"CRPS","GDPC1","0","BART","sv","alm3","f","pre2020",0,0,0
"CRPS","GDPC1","0","BART","sv","leg3","s","pre2020",1,1,2
"CRPS","GDPC1","0","BART","sv","leg3","b","pre2020",0,0,0
"CRPS","GDPC1","0","BART","sv","leg3","f","pre2020",1,1,2
"CRPS","GDPC1","0","BART","sv","leg5","s","pre2020",0,0,0
"CRPS","GDPC1","0","BART","sv","leg5","b","pre2020",0,0,0
"CRPS","GDPC1","0","BART","sv","leg5","f","pre2020",0,0,0
"CRPS","GDPC1","0","BART","sv","ber3","s","pre2020",0,1,1
"CRPS","GDPC1","0","BART","sv","ber3","b","pre2020",0,0,0
"CRPS","GDPC1","0","BART","sv","ber3","f","pre2020",0,0,0
"CRPS","GDPC1","0","BART","sv","ber5","s","pre2020",0,1,1
"CRPS","GDPC1","0","BART","sv","ber5","b","pre2020",0,0,0
"CRPS","GDPC1","0","BART","sv","ber5","f","pre2020",0,0,0
"CRPS","GDPC1","0","BART","sv","fou3","s","pre2020",0,0,0
"CRPS","GDPC1","0","BART","sv","fou3","b","pre2020",0,0,0
"CRPS","GDPC1","0","BART","sv","fou3","f","pre2020",0,0,0
"CRPS","GDPC1","0","GP","sv","blu","s","pre2020",1,1,2
"CRPS","GDPC1","0","GP","sv","blu","b","pre2020",0,0,0
"CRPS","GDPC1","0","GP","sv","blu","f","pre2020",0,1,1
"CRPS","GDPC1","0","GP","sv","svd","s","pre2020",0,0,0
"CRPS","GDPC1","0","GP","sv","svd","b","pre2020",1,1,2
"CRPS","GDPC1","0","GP","sv","svd","f","pre2020",0,0,0
"CRPS","GDPC1","0","GP","sv","br","s","pre2020",0,0,0
"CRPS","GDPC1","0","GP","sv","br","b","pre2020",0,0,0
"CRPS","GDPC1","0","GP","sv","br","f","pre2020",1,1,2
"CRPS","GDPC1","0","GP","sv","eq","s","pre2020",1,1,2
"CRPS","GDPC1","0","GP","sv","eq","b","pre2020",0,0,0
"CRPS","GDPC1","0","GP","sv","eq","f","pre2020",1,1,2
"CRPS","GDPC1","0","GP","sv","xalm","s","pre2020",1,1,2
"CRPS","GDPC1","0","GP","sv","xalm","b","pre2020",1,1,2
"CRPS","GDPC1","0","GP","sv","xalm","f","pre2020",1,1,2
"CRPS","GDPC1","0","GP","sv","alm3","s","pre2020",0,0,0
"CRPS","GDPC1","0","GP","sv","alm3","b","pre2020",0,0,0
"CRPS","GDPC1","0","GP","sv","alm3","f","pre2020",0,0,0
"CRPS","GDPC1","0","GP","sv","leg3","s","pre2020",1,1,2
"CRPS","GDPC1","0","GP","sv","leg3","b","pre2020",0,0,0
"CRPS","GDPC1","0","GP","sv","leg3","f","pre2020",1,1,2
"CRPS","GDPC1","0","GP","sv","leg5","s","pre2020",1,1,2
"CRPS","GDPC1","0","GP","sv","leg5","b","pre2020",0,0,0
"CRPS","GDPC1","0","GP","sv","leg5","f","pre2020",1,1,2
"CRPS","GDPC1","0","GP","sv","ber3","s","pre2020",1,1,2
"CRPS","GDPC1","0","GP","sv","ber3","b","pre2020",0,0,0
"CRPS","GDPC1","0","GP","sv","ber3","f","pre2020",1,1,2
"CRPS","GDPC1","0","GP","sv","ber5","s","pre2020",1,1,2
"CRPS","GDPC1","0","GP","sv","ber5","b","pre2020",0,0,0
"CRPS","GDPC1","0","GP","sv","ber5","f","pre2020",1,1,2
"CRPS","GDPC1","0","GP","sv","fou3","s","pre2020",0,0,0
"CRPS","GDPC1","0","GP","sv","fou3","b","pre2020",0,0,0
"CRPS","GDPC1","0","GP","sv","fou3","f","pre2020",0,0,0
"CRPS","GDPC1","0","MFVAR","hom","blu","s","pre2020",1,1,2
"CRPS","GDPC1","0","MFVAR","hom","blu","f","pre2020",1,1,2
"CRPS","GDPC1","0","MFVAR","sv","blu","s","pre2020",0,0,0
"CRPS","GDPC1","0","MFVAR","sv","blu","f","pre2020",0,0,0
"CRPS","GDPCTPI","0","BLR","hom","blu","s","pre2020",0,0,0
"CRPS","GDPCTPI","0","BLR","hom","blu","b","pre2020",1,1,2
"CRPS","GDPCTPI","0","BLR","hom","blu","f","pre2020",1,1,2
"CRPS","GDPCTPI","0","BLR","hom","svd","s","pre2020",1,1,2
"CRPS","GDPCTPI","0","BLR","hom","svd","b","pre2020",1,1,2
"CRPS","GDPCTPI","0","BLR","hom","svd","f","pre2020",1,1,2
"CRPS","GDPCTPI","0","BLR","hom","br","s","pre2020",0,0,0
"CRPS","GDPCTPI","0","BLR","hom","br","b","pre2020",0,1,1
"CRPS","GDPCTPI","0","BLR","hom","br","f","pre2020",1,1,2
"CRPS","GDPCTPI","0","BLR","hom","eq","s","pre2020",0,0,0
"CRPS","GDPCTPI","0","BLR","hom","eq","b","pre2020",0,0,0
"CRPS","GDPCTPI","0","BLR","hom","eq","f","pre2020",1,1,2
"CRPS","GDPCTPI","0","BLR","hom","xalm","s","pre2020",1,1,2
"CRPS","GDPCTPI","0","BLR","hom","xalm","b","pre2020",0,1,1
"CRPS","GDPCTPI","0","BLR","hom","xalm","f","pre2020",1,1,2
"CRPS","GDPCTPI","0","BLR","hom","alm3","s","pre2020",1,1,2
"CRPS","GDPCTPI","0","BLR","hom","alm3","b","pre2020",0,0,0
"CRPS","GDPCTPI","0","BLR","hom","alm3","f","pre2020",1,1,2
"CRPS","GDPCTPI","0","BLR","hom","leg3","s","pre2020",1,1,2
"CRPS","GDPCTPI","0","BLR","hom","leg3","b","pre2020",0,0,0
"CRPS","GDPCTPI","0","BLR","hom","leg3","f","pre2020",1,1,2
"CRPS","GDPCTPI","0","BLR","hom","leg5","s","pre2020",1,1,2
"CRPS","GDPCTPI","0","BLR","hom","leg5","b","pre2020",0,0,0
"CRPS","GDPCTPI","0","BLR","hom","leg5","f","pre2020",1,1,2
"CRPS","GDPCTPI","0","BLR","hom","ber3","s","pre2020",1,1,2
"CRPS","GDPCTPI","0","BLR","hom","ber3","b","pre2020",0,0,0
"CRPS","GDPCTPI","0","BLR","hom","ber3","f","pre2020",1,1,2
"CRPS","GDPCTPI","0","BLR","hom","ber5","s","pre2020",1,1,2
"CRPS","GDPCTPI","0","BLR","hom","ber5","b","pre2020",0,0,0
"CRPS","GDPCTPI","0","BLR","hom","ber5","f","pre2020",1,1,2
"CRPS","GDPCTPI","0","BLR","hom","fou3","s","pre2020",1,1,2
"CRPS","GDPCTPI","0","BLR","hom","fou3","b","pre2020",1,1,2
"CRPS","GDPCTPI","0","BLR","hom","fou3","f","pre2020",1,1,2
"CRPS","GDPCTPI","0","BART","hom","blu","s","pre2020",0,0,0
"CRPS","GDPCTPI","0","BART","hom","blu","b","pre2020",0,0,0
"CRPS","GDPCTPI","0","BART","hom","blu","f","pre2020",0,0,0
"CRPS","GDPCTPI","0","BART","hom","svd","s","pre2020",0,0,0
"CRPS","GDPCTPI","0","BART","hom","svd","b","pre2020",1,1,2
"CRPS","GDPCTPI","0","BART","hom","svd","f","pre2020",0,0,0
"CRPS","GDPCTPI","0","BART","hom","br","s","pre2020",0,0,0
"CRPS","GDPCTPI","0","BART","hom","br","b","pre2020",0,0,0
"CRPS","GDPCTPI","0","BART","hom","br","f","pre2020",0,0,0
"CRPS","GDPCTPI","0","BART","hom","eq","s","pre2020",0,0,0
"CRPS","GDPCTPI","0","BART","hom","eq","b","pre2020",0,0,0
"CRPS","GDPCTPI","0","BART","hom","eq","f","pre2020",0,0,0
"CRPS","GDPCTPI","0","BART","hom","xalm","s","pre2020",0,1,1
"CRPS","GDPCTPI","0","BART","hom","xalm","b","pre2020",0,0,0
"CRPS","GDPCTPI","0","BART","hom","xalm","f","pre2020",1,1,2
"CRPS","GDPCTPI","0","BART","hom","alm3","s","pre2020",0,0,0
"CRPS","GDPCTPI","0","BART","hom","alm3","b","pre2020",0,0,0
"CRPS","GDPCTPI","0","BART","hom","alm3","f","pre2020",0,0,0
"CRPS","GDPCTPI","0","BART","hom","leg3","s","pre2020",0,0,0
"CRPS","GDPCTPI","0","BART","hom","leg3","b","pre2020",0,0,0
"CRPS","GDPCTPI","0","BART","hom","leg3","f","pre2020",1,1,2
"CRPS","GDPCTPI","0","BART","hom","leg5","s","pre2020",0,0,0
"CRPS","GDPCTPI","0","BART","hom","leg5","b","pre2020",0,0,0
"CRPS","GDPCTPI","0","BART","hom","leg5","f","pre2020",1,1,2
"CRPS","GDPCTPI","0","BART","hom","ber3","s","pre2020",0,0,0
"CRPS","GDPCTPI","0","BART","hom","ber3","b","pre2020",1,1,2
"CRPS","GDPCTPI","0","BART","hom","ber3","f","pre2020",0,1,1
"CRPS","GDPCTPI","0","BART","hom","ber5","s","pre2020",0,0,0
"CRPS","GDPCTPI","0","BART","hom","ber5","b","pre2020",1,1,2
"CRPS","GDPCTPI","0","BART","hom","ber5","f","pre2020",0,0,0
"CRPS","GDPCTPI","0","BART","hom","fou3","s","pre2020",0,0,0
"CRPS","GDPCTPI","0","BART","hom","fou3","b","pre2020",0,0,0
"CRPS","GDPCTPI","0","BART","hom","fou3","f","pre2020",1,1,2
"CRPS","GDPCTPI","0","GP","hom","blu","s","pre2020",0,0,0
"CRPS","GDPCTPI","0","GP","hom","blu","b","pre2020",1,1,2
"CRPS","GDPCTPI","0","GP","hom","blu","f","pre2020",0,0,0
"CRPS","GDPCTPI","0","GP","hom","svd","s","pre2020",0,0,0
"CRPS","GDPCTPI","0","GP","hom","svd","b","pre2020",1,1,2
"CRPS","GDPCTPI","0","GP","hom","svd","f","pre2020",1,1,2
"CRPS","GDPCTPI","0","GP","hom","br","s","pre2020",0,0,0
"CRPS","GDPCTPI","0","GP","hom","br","b","pre2020",1,1,2
"CRPS","GDPCTPI","0","GP","hom","br","f","pre2020",1,1,2
"CRPS","GDPCTPI","0","GP","hom","eq","s","pre2020",1,1,2
"CRPS","GDPCTPI","0","GP","hom","eq","b","pre2020",1,1,2
"CRPS","GDPCTPI","0","GP","hom","eq","f","pre2020",1,1,2
"CRPS","GDPCTPI","0","GP","hom","xalm","s","pre2020",1,1,2
"CRPS","GDPCTPI","0","GP","hom","xalm","b","pre2020",0,0,0
"CRPS","GDPCTPI","0","GP","hom","xalm","f","pre2020",1,1,2
"CRPS","GDPCTPI","0","GP","hom","alm3","s","pre2020",0,0,0
"CRPS","GDPCTPI","0","GP","hom","alm3","b","pre2020",1,1,2
"CRPS","GDPCTPI","0","GP","hom","alm3","f","pre2020",1,1,2
"CRPS","GDPCTPI","0","GP","hom","leg3","s","pre2020",0,0,0
"CRPS","GDPCTPI","0","GP","hom","leg3","b","pre2020",0,0,0
"CRPS","GDPCTPI","0","GP","hom","leg3","f","pre2020",1,1,2
"CRPS","GDPCTPI","0","GP","hom","leg5","s","pre2020",0,0,0
"CRPS","GDPCTPI","0","GP","hom","leg5","b","pre2020",1,1,2
"CRPS","GDPCTPI","0","GP","hom","leg5","f","pre2020",1,1,2
"CRPS","GDPCTPI","0","GP","hom","ber3","s","pre2020",0,0,0
"CRPS","GDPCTPI","0","GP","hom","ber3","b","pre2020",1,1,2
"CRPS","GDPCTPI","0","GP","hom","ber3","f","pre2020",1,1,2
"CRPS","GDPCTPI","0","GP","hom","ber5","s","pre2020",0,0,0
"CRPS","GDPCTPI","0","GP","hom","ber5","b","pre2020",0,1,1
"CRPS","GDPCTPI","0","GP","hom","ber5","f","pre2020",1,1,2
"CRPS","GDPCTPI","0","GP","hom","fou3","s","pre2020",0,0,0
"CRPS","GDPCTPI","0","GP","hom","fou3","b","pre2020",1,1,2
"CRPS","GDPCTPI","0","GP","hom","fou3","f","pre2020",1,1,2
"CRPS","GDPCTPI","0","BLR","sv","blu","s","pre2020",0,0,0
"CRPS","GDPCTPI","0","BLR","sv","blu","b","pre2020",1,1,2
"CRPS","GDPCTPI","0","BLR","sv","blu","f","pre2020",1,1,2
"CRPS","GDPCTPI","0","BLR","sv","svd","s","pre2020",1,1,2
"CRPS","GDPCTPI","0","BLR","sv","svd","b","pre2020",1,1,2
"CRPS","GDPCTPI","0","BLR","sv","svd","f","pre2020",1,1,2
"CRPS","GDPCTPI","0","BLR","sv","br","s","pre2020",1,1,2
"CRPS","GDPCTPI","0","BLR","sv","br","b","pre2020",1,1,2
"CRPS","GDPCTPI","0","BLR","sv","br","f","pre2020",1,1,2
"CRPS","GDPCTPI","0","BLR","sv","eq","s","pre2020",0,0,0
"CRPS","GDPCTPI","0","BLR","sv","eq","b","pre2020",1,1,2
"CRPS","GDPCTPI","0","BLR","sv","eq","f","pre2020",1,1,2
"CRPS","GDPCTPI","0","BLR","sv","xalm","s","pre2020",0,1,1
"CRPS","GDPCTPI","0","BLR","sv","xalm","b","pre2020",0,0,0
"CRPS","GDPCTPI","0","BLR","sv","xalm","f","pre2020",0,0,0
"CRPS","GDPCTPI","0","BLR","sv","alm3","s","pre2020",0,1,1
"CRPS","GDPCTPI","0","BLR","sv","alm3","b","pre2020",1,1,2
"CRPS","GDPCTPI","0","BLR","sv","alm3","f","pre2020",0,0,0
"CRPS","GDPCTPI","0","BLR","sv","leg3","s","pre2020",0,0,0
"CRPS","GDPCTPI","0","BLR","sv","leg3","b","pre2020",0,0,0
"CRPS","GDPCTPI","0","BLR","sv","leg3","f","pre2020",0,0,0
"CRPS","GDPCTPI","0","BLR","sv","leg5","s","pre2020",0,1,1
"CRPS","GDPCTPI","0","BLR","sv","leg5","b","pre2020",0,0,0
"CRPS","GDPCTPI","0","BLR","sv","leg5","f","pre2020",0,0,0
"CRPS","GDPCTPI","0","BLR","sv","ber3","s","pre2020",1,1,2
"CRPS","GDPCTPI","0","BLR","sv","ber3","b","pre2020",1,1,2
"CRPS","GDPCTPI","0","BLR","sv","ber3","f","pre2020",1,1,2
"CRPS","GDPCTPI","0","BLR","sv","ber5","s","pre2020",1,1,2
"CRPS","GDPCTPI","0","BLR","sv","ber5","b","pre2020",1,1,2
"CRPS","GDPCTPI","0","BLR","sv","ber5","f","pre2020",1,1,2
"CRPS","GDPCTPI","0","BLR","sv","fou3","s","pre2020",1,1,2
"CRPS","GDPCTPI","0","BLR","sv","fou3","b","pre2020",1,1,2
"CRPS","GDPCTPI","0","BLR","sv","fou3","f","pre2020",0,0,0
"CRPS","GDPCTPI","0","BART","sv","blu","s","pre2020",0,1,1
"CRPS","GDPCTPI","0","BART","sv","blu","b","pre2020",0,0,0
"CRPS","GDPCTPI","0","BART","sv","blu","f","pre2020",0,0,0
"CRPS","GDPCTPI","0","BART","sv","svd","s","pre2020",0,0,0
"CRPS","GDPCTPI","0","BART","sv","svd","b","pre2020",1,1,2
"CRPS","GDPCTPI","0","BART","sv","svd","f","pre2020",0,0,0
"CRPS","GDPCTPI","0","BART","sv","br","s","pre2020",0,0,0
"CRPS","GDPCTPI","0","BART","sv","br","b","pre2020",0,0,0
"CRPS","GDPCTPI","0","BART","sv","br","f","pre2020",0,0,0
"CRPS","GDPCTPI","0","BART","sv","eq","s","pre2020",0,0,0
"CRPS","GDPCTPI","0","BART","sv","eq","b","pre2020",0,0,0
"CRPS","GDPCTPI","0","BART","sv","eq","f","pre2020",0,0,0
"CRPS","GDPCTPI","0","BART","sv","xalm","s","pre2020",1,1,2
"CRPS","GDPCTPI","0","BART","sv","xalm","b","pre2020",1,1,2
"CRPS","GDPCTPI","0","BART","sv","xalm","f","pre2020",0,0,0
"CRPS","GDPCTPI","0","BART","sv","alm3","s","pre2020",0,0,0
"CRPS","GDPCTPI","0","BART","sv","alm3","b","pre2020",0,0,0
"CRPS","GDPCTPI","0","BART","sv","alm3","f","pre2020",0,0,0
"CRPS","GDPCTPI","0","BART","sv","leg3","s","pre2020",0,0,0
"CRPS","GDPCTPI","0","BART","sv","leg3","b","pre2020",0,0,0
"CRPS","GDPCTPI","0","BART","sv","leg3","f","pre2020",1,1,2
"CRPS","GDPCTPI","0","BART","sv","leg5","s","pre2020",1,1,2
"CRPS","GDPCTPI","0","BART","sv","leg5","b","pre2020",0,0,0
"CRPS","GDPCTPI","0","BART","sv","leg5","f","pre2020",0,1,1
"CRPS","GDPCTPI","0","BART","sv","ber3","s","pre2020",1,1,2
"CRPS","GDPCTPI","0","BART","sv","ber3","b","pre2020",1,1,2
"CRPS","GDPCTPI","0","BART","sv","ber3","f","pre2020",1,1,2
"CRPS","GDPCTPI","0","BART","sv","ber5","s","pre2020",0,0,0
"CRPS","GDPCTPI","0","BART","sv","ber5","b","pre2020",0,0,0
"CRPS","GDPCTPI","0","BART","sv","ber5","f","pre2020",1,1,2
"CRPS","GDPCTPI","0","BART","sv","fou3","s","pre2020",0,0,0
"CRPS","GDPCTPI","0","BART","sv","fou3","b","pre2020",0,0,0
"CRPS","GDPCTPI","0","BART","sv","fou3","f","pre2020",0,1,1
"CRPS","GDPCTPI","0","GP","sv","blu","s","pre2020",0,0,0
"CRPS","GDPCTPI","0","GP","sv","blu","b","pre2020",1,1,2
"CRPS","GDPCTPI","0","GP","sv","blu","f","pre2020",0,0,0
"CRPS","GDPCTPI","0","GP","sv","svd","s","pre2020",0,0,0
"CRPS","GDPCTPI","0","GP","sv","svd","b","pre2020",1,1,2
"CRPS","GDPCTPI","0","GP","sv","svd","f","pre2020",1,1,2
"CRPS","GDPCTPI","0","GP","sv","br","s","pre2020",0,0,0
"CRPS","GDPCTPI","0","GP","sv","br","b","pre2020",1,1,2
"CRPS","GDPCTPI","0","GP","sv","br","f","pre2020",1,1,2
"CRPS","GDPCTPI","0","GP","sv","eq","s","pre2020",0,0,0
"CRPS","GDPCTPI","0","GP","sv","eq","b","pre2020",1,1,2
"CRPS","GDPCTPI","0","GP","sv","eq","f","pre2020",0,0,0
"CRPS","GDPCTPI","0","GP","sv","xalm","s","pre2020",0,0,0
"CRPS","GDPCTPI","0","GP","sv","xalm","b","pre2020",1,1,2
"CRPS","GDPCTPI","0","GP","sv","xalm","f","pre2020",1,1,2
"CRPS","GDPCTPI","0","GP","sv","alm3","s","pre2020",0,0,0
"CRPS","GDPCTPI","0","GP","sv","alm3","b","pre2020",1,1,2
"CRPS","GDPCTPI","0","GP","sv","alm3","f","pre2020",1,1,2
"CRPS","GDPCTPI","0","GP","sv","leg3","s","pre2020",0,0,0
"CRPS","GDPCTPI","0","GP","sv","leg3","b","pre2020",1,1,2
"CRPS","GDPCTPI","0","GP","sv","leg3","f","pre2020",1,1,2
"CRPS","GDPCTPI","0","GP","sv","leg5","s","pre2020",0,0,0
"CRPS","GDPCTPI","0","GP","sv","leg5","b","pre2020",1,1,2
"CRPS","GDPCTPI","0","GP","sv","leg5","f","pre2020",1,1,2
"CRPS","GDPCTPI","0","GP","sv","ber3","s","pre2020",0,0,0
"CRPS","GDPCTPI","0","GP","sv","ber3","b","pre2020",0,1,1
"CRPS","GDPCTPI","0","GP","sv","ber3","f","pre2020",1,1,2
"CRPS","GDPCTPI","0","GP","sv","ber5","s","pre2020",0,0,0
"CRPS","GDPCTPI","0","GP","sv","ber5","b","pre2020",1,1,2
"CRPS","GDPCTPI","0","GP","sv","ber5","f","pre2020",1,1,2
"CRPS","GDPCTPI","0","GP","sv","fou3","s","pre2020",0,0,0
"CRPS","GDPCTPI","0","GP","sv","fou3","b","pre2020",1,1,2
"CRPS","GDPCTPI","0","GP","sv","fou3","f","pre2020",1,1,2
"CRPS","GDPCTPI","0","MFVAR","hom","blu","s","pre2020",0,0,0
"CRPS","GDPCTPI","0","MFVAR","hom","blu","f","pre2020",0,0,0
"CRPS","GDPCTPI","0","MFVAR","sv","blu","s","pre2020",0,1,1
"CRPS","GDPCTPI","0","MFVAR","sv","blu","f","pre2020",0,0,0
"CRPS","GDPC1","-1/3","BLR","hom","blu","s","pre2020",1,1,2
"CRPS","GDPC1","-1/3","BLR","hom","blu","b","pre2020",0,0,0
"CRPS","GDPC1","-1/3","BLR","hom","blu","f","pre2020",0,1,1
"CRPS","GDPC1","-1/3","BLR","hom","svd","s","pre2020",1,1,2
"CRPS","GDPC1","-1/3","BLR","hom","svd","b","pre2020",1,1,2
"CRPS","GDPC1","-1/3","BLR","hom","svd","f","pre2020",0,0,0
"CRPS","GDPC1","-1/3","BLR","hom","br","s","pre2020",1,1,2
"CRPS","GDPC1","-1/3","BLR","hom","br","b","pre2020",1,1,2
"CRPS","GDPC1","-1/3","BLR","hom","br","f","pre2020",1,1,2
"CRPS","GDPC1","-1/3","BLR","hom","eq","s","pre2020",1,1,2
"CRPS","GDPC1","-1/3","BLR","hom","eq","b","pre2020",1,1,2
"CRPS","GDPC1","-1/3","BLR","hom","eq","f","pre2020",1,1,2
"CRPS","GDPC1","-1/3","BLR","hom","xalm","s","pre2020",0,0,0
"CRPS","GDPC1","-1/3","BLR","hom","xalm","b","pre2020",1,1,2
"CRPS","GDPC1","-1/3","BLR","hom","xalm","f","pre2020",1,1,2
"CRPS","GDPC1","-1/3","BLR","hom","alm3","s","pre2020",1,1,2
"CRPS","GDPC1","-1/3","BLR","hom","alm3","b","pre2020",0,0,0
"CRPS","GDPC1","-1/3","BLR","hom","alm3","f","pre2020",1,1,2
"CRPS","GDPC1","-1/3","BLR","hom","leg3","s","pre2020",1,1,2
"CRPS","GDPC1","-1/3","BLR","hom","leg3","b","pre2020",0,1,1
"CRPS","GDPC1","-1/3","BLR","hom","leg3","f","pre2020",1,1,2
"CRPS","GDPC1","-1/3","BLR","hom","leg5","s","pre2020",1,1,2
"CRPS","GDPC1","-1/3","BLR","hom","leg5","b","pre2020",0,0,0
"CRPS","GDPC1","-1/3","BLR","hom","leg5","f","pre2020",1,1,2
"CRPS","GDPC1","-1/3","BLR","hom","ber3","s","pre2020",1,1,2
"CRPS","GDPC1","-1/3","BLR","hom","ber3","b","pre2020",0,0,0
"CRPS","GDPC1","-1/3","BLR","hom","ber3","f","pre2020",1,1,2
"CRPS","GDPC1","-1/3","BLR","hom","ber5","s","pre2020",1,1,2
"CRPS","GDPC1","-1/3","BLR","hom","ber5","b","pre2020",1,1,2
"CRPS","GDPC1","-1/3","BLR","hom","ber5","f","pre2020",1,1,2
"CRPS","GDPC1","-1/3","BLR","hom","fou3","s","pre2020",1,1,2
"CRPS","GDPC1","-1/3","BLR","hom","fou3","b","pre2020",0,0,0
"CRPS","GDPC1","-1/3","BLR","hom","fou3","f","pre2020",1,1,2
"CRPS","GDPC1","-1/3","BART","hom","blu","s","pre2020",1,1,2
"CRPS","GDPC1","-1/3","BART","hom","blu","b","pre2020",0,1,1
"CRPS","GDPC1","-1/3","BART","hom","blu","f","pre2020",1,1,2
"CRPS","GDPC1","-1/3","BART","hom","svd","s","pre2020",0,0,0
"CRPS","GDPC1","-1/3","BART","hom","svd","b","pre2020",0,0,0
"CRPS","GDPC1","-1/3","BART","hom","svd","f","pre2020",0,0,0
"CRPS","GDPC1","-1/3","BART","hom","br","s","pre2020",1,1,2
"CRPS","GDPC1","-1/3","BART","hom","br","b","pre2020",0,0,0
"CRPS","GDPC1","-1/3","BART","hom","br","f","pre2020",0,1,1
"CRPS","GDPC1","-1/3","BART","hom","eq","s","pre2020",1,1,2
"CRPS","GDPC1","-1/3","BART","hom","eq","b","pre2020",0,0,0
"CRPS","GDPC1","-1/3","BART","hom","eq","f","pre2020",0,0,0
"CRPS","GDPC1","-1/3","BART","hom","xalm","s","pre2020",1,1,2
"CRPS","GDPC1","-1/3","BART","hom","xalm","b","pre2020",0,0,0
"CRPS","GDPC1","-1/3","BART","hom","xalm","f","pre2020",0,0,0
"CRPS","GDPC1","-1/3","BART","hom","alm3","s","pre2020",1,1,2
"CRPS","GDPC1","-1/3","BART","hom","alm3","b","pre2020",0,0,0
"CRPS","GDPC1","-1/3","BART","hom","alm3","f","pre2020",0,0,0
"CRPS","GDPC1","-1/3","BART","hom","leg3","s","pre2020",0,0,0
"CRPS","GDPC1","-1/3","BART","hom","leg3","b","pre2020",0,0,0
"CRPS","GDPC1","-1/3","BART","hom","leg3","f","pre2020",1,1,2
"CRPS","GDPC1","-1/3","BART","hom","leg5","s","pre2020",0,0,0
"CRPS","GDPC1","-1/3","BART","hom","leg5","b","pre2020",0,0,0
"CRPS","GDPC1","-1/3","BART","hom","leg5","f","pre2020",0,0,0
"CRPS","GDPC1","-1/3","BART","hom","ber3","s","pre2020",0,0,0
"CRPS","GDPC1","-1/3","BART","hom","ber3","b","pre2020",0,0,0
"CRPS","GDPC1","-1/3","BART","hom","ber3","f","pre2020",0,0,0
"CRPS","GDPC1","-1/3","BART","hom","ber5","s","pre2020",0,0,0
"CRPS","GDPC1","-1/3","BART","hom","ber5","b","pre2020",0,0,0
"CRPS","GDPC1","-1/3","BART","hom","ber5","f","pre2020",0,1,1
"CRPS","GDPC1","-1/3","BART","hom","fou3","s","pre2020",0,0,0
"CRPS","GDPC1","-1/3","BART","hom","fou3","b","pre2020",0,0,0
"CRPS","GDPC1","-1/3","BART","hom","fou3","f","pre2020",1,1,2
"CRPS","GDPC1","-1/3","GP","hom","blu","s","pre2020",1,1,2
"CRPS","GDPC1","-1/3","GP","hom","blu","b","pre2020",0,0,0
"CRPS","GDPC1","-1/3","GP","hom","blu","f","pre2020",1,1,2
"CRPS","GDPC1","-1/3","GP","hom","svd","s","pre2020",1,1,2
"CRPS","GDPC1","-1/3","GP","hom","svd","b","pre2020",1,1,2
"CRPS","GDPC1","-1/3","GP","hom","svd","f","pre2020",0,0,0
"CRPS","GDPC1","-1/3","GP","hom","br","s","pre2020",1,1,2
"CRPS","GDPC1","-1/3","GP","hom","br","b","pre2020",0,0,0
"CRPS","GDPC1","-1/3","GP","hom","br","f","pre2020",1,1,2
"CRPS","GDPC1","-1/3","GP","hom","eq","s","pre2020",1,1,2
"CRPS","GDPC1","-1/3","GP","hom","eq","b","pre2020",0,0,0
"CRPS","GDPC1","-1/3","GP","hom","eq","f","pre2020",1,1,2
"CRPS","GDPC1","-1/3","GP","hom","xalm","s","pre2020",0,1,1
"CRPS","GDPC1","-1/3","GP","hom","xalm","b","pre2020",0,0,0
"CRPS","GDPC1","-1/3","GP","hom","xalm","f","pre2020",0,0,0
"CRPS","GDPC1","-1/3","GP","hom","alm3","s","pre2020",1,1,2
"CRPS","GDPC1","-1/3","GP","hom","alm3","b","pre2020",0,0,0
"CRPS","GDPC1","-1/3","GP","hom","alm3","f","pre2020",1,1,2
"CRPS","GDPC1","-1/3","GP","hom","leg3","s","pre2020",1,1,2
"CRPS","GDPC1","-1/3","GP","hom","leg3","b","pre2020",0,0,0
"CRPS","GDPC1","-1/3","GP","hom","leg3","f","pre2020",1,1,2
"CRPS","GDPC1","-1/3","GP","hom","leg5","s","pre2020",0,0,0
"CRPS","GDPC1","-1/3","GP","hom","leg5","b","pre2020",0,0,0
"CRPS","GDPC1","-1/3","GP","hom","leg5","f","pre2020",0,0,0
"CRPS","GDPC1","-1/3","GP","hom","ber3","s","pre2020",1,1,2
"CRPS","GDPC1","-1/3","GP","hom","ber3","b","pre2020",0,0,0
"CRPS","GDPC1","-1/3","GP","hom","ber3","f","pre2020",1,1,2
"CRPS","GDPC1","-1/3","GP","hom","ber5","s","pre2020",1,1,2
"CRPS","GDPC1","-1/3","GP","hom","ber5","b","pre2020",0,0,0
"CRPS","GDPC1","-1/3","GP","hom","ber5","f","pre2020",1,1,2
"CRPS","GDPC1","-1/3","GP","hom","fou3","s","pre2020",1,1,2
"CRPS","GDPC1","-1/3","GP","hom","fou3","b","pre2020",0,0,0
"CRPS","GDPC1","-1/3","GP","hom","fou3","f","pre2020",1,1,2
"CRPS","GDPC1","-1/3","BLR","sv","blu","s","pre2020",1,1,2
"CRPS","GDPC1","-1/3","BLR","sv","blu","b","pre2020",0,0,0
"CRPS","GDPC1","-1/3","BLR","sv","blu","f","pre2020",0,0,0
"CRPS","GDPC1","-1/3","BLR","sv","svd","s","pre2020",1,1,2
"CRPS","GDPC1","-1/3","BLR","sv","svd","b","pre2020",1,1,2
"CRPS","GDPC1","-1/3","BLR","sv","svd","f","pre2020",0,0,0
"CRPS","GDPC1","-1/3","BLR","sv","br","s","pre2020",1,1,2
"CRPS","GDPC1","-1/3","BLR","sv","br","b","pre2020",1,1,2
"CRPS","GDPC1","-1/3","BLR","sv","br","f","pre2020",1,1,2
"CRPS","GDPC1","-1/3","BLR","sv","eq","s","pre2020",1,1,2
"CRPS","GDPC1","-1/3","BLR","sv","eq","b","pre2020",1,1,2
"CRPS","GDPC1","-1/3","BLR","sv","eq","f","pre2020",1,1,2
"CRPS","GDPC1","-1/3","BLR","sv","xalm","s","pre2020",0,1,1
"CRPS","GDPC1","-1/3","BLR","sv","xalm","b","pre2020",1,1,2
"CRPS","GDPC1","-1/3","BLR","sv","xalm","f","pre2020",1,1,2
"CRPS","GDPC1","-1/3","BLR","sv","alm3","s","pre2020",1,1,2
"CRPS","GDPC1","-1/3","BLR","sv","alm3","b","pre2020",1,1,2
"CRPS","GDPC1","-1/3","BLR","sv","alm3","f","pre2020",1,1,2
"CRPS","GDPC1","-1/3","BLR","sv","leg3","s","pre2020",1,1,2
"CRPS","GDPC1","-1/3","BLR","sv","leg3","b","pre2020",0,0,0
"CRPS","GDPC1","-1/3","BLR","sv","leg3","f","pre2020",1,1,2
"CRPS","GDPC1","-1/3","BLR","sv","leg5","s","pre2020",1,1,2
"CRPS","GDPC1","-1/3","BLR","sv","leg5","b","pre2020",0,0,0
"CRPS","GDPC1","-1/3","BLR","sv","leg5","f","pre2020",1,1,2
"CRPS","GDPC1","-1/3","BLR","sv","ber3","s","pre2020",1,1,2
"CRPS","GDPC1","-1/3","BLR","sv","ber3","b","pre2020",1,1,2
"CRPS","GDPC1","-1/3","BLR","sv","ber3","f","pre2020",1,1,2
"CRPS","GDPC1","-1/3","BLR","sv","ber5","s","pre2020",1,1,2
"CRPS","GDPC1","-1/3","BLR","sv","ber5","b","pre2020",0,1,1
"CRPS","GDPC1","-1/3","BLR","sv","ber5","f","pre2020",1,1,2
"CRPS","GDPC1","-1/3","BLR","sv","fou3","s","pre2020",0,0,0
"CRPS","GDPC1","-1/3","BLR","sv","fou3","b","pre2020",0,0,0
"CRPS","GDPC1","-1/3","BLR","sv","fou3","f","pre2020",1,1,2
"CRPS","GDPC1","-1/3","BART","sv","blu","s","pre2020",1,1,2
"CRPS","GDPC1","-1/3","BART","sv","blu","b","pre2020",0,0,0
"CRPS","GDPC1","-1/3","BART","sv","blu","f","pre2020",0,0,0
"CRPS","GDPC1","-1/3","BART","sv","svd","s","pre2020",0,0,0
"CRPS","GDPC1","-1/3","BART","sv","svd","b","pre2020",0,0,0
"CRPS","GDPC1","-1/3","BART","sv","svd","f","pre2020",0,0,0
"CRPS","GDPC1","-1/3","BART","sv","br","s","pre2020",1,1,2
"CRPS","GDPC1","-1/3","BART","sv","br","b","pre2020",0,0,0
"CRPS","GDPC1","-1/3","BART","sv","br","f","pre2020",0,0,0
"CRPS","GDPC1","-1/3","BART","sv","eq","s","pre2020",1,1,2
"CRPS","GDPC1","-1/3","BART","sv","eq","b","pre2020",0,0,0
"CRPS","GDPC1","-1/3","BART","sv","eq","f","pre2020",0,0,0
"CRPS","GDPC1","-1/3","BART","sv","xalm","s","pre2020",1,1,2
"CRPS","GDPC1","-1/3","BART","sv","xalm","b","pre2020",0,0,0
"CRPS","GDPC1","-1/3","BART","sv","xalm","f","pre2020",0,0,0
"CRPS","GDPC1","-1/3","BART","sv","alm3","s","pre2020",0,0,0
"CRPS","GDPC1","-1/3","BART","sv","alm3","b","pre2020",0,0,0
"CRPS","GDPC1","-1/3","BART","sv","alm3","f","pre2020",0,0,0
"CRPS","GDPC1","-1/3","BART","sv","leg3","s","pre2020",0,0,0
"CRPS","GDPC1","-1/3","BART","sv","leg3","b","pre2020",0,0,0
"CRPS","GDPC1","-1/3","BART","sv","leg3","f","pre2020",1,1,2
"CRPS","GDPC1","-1/3","BART","sv","leg5","s","pre2020",0,0,0
"CRPS","GDPC1","-1/3","BART","sv","leg5","b","pre2020",0,0,0
"CRPS","GDPC1","-1/3","BART","sv","leg5","f","pre2020",0,0,0
"CRPS","GDPC1","-1/3","BART","sv","ber3","s","pre2020",0,0,0
"CRPS","GDPC1","-1/3","BART","sv","ber3","b","pre2020",0,0,0
"CRPS","GDPC1","-1/3","BART","sv","ber3","f","pre2020",0,0,0
"CRPS","GDPC1","-1/3","BART","sv","ber5","s","pre2020",0,0,0
"CRPS","GDPC1","-1/3","BART","sv","ber5","b","pre2020",0,0,0
"CRPS","GDPC1","-1/3","BART","sv","ber5","f","pre2020",0,0,0
"CRPS","GDPC1","-1/3","BART","sv","fou3","s","pre2020",0,0,0
"CRPS","GDPC1","-1/3","BART","sv","fou3","b","pre2020",0,0,0
"CRPS","GDPC1","-1/3","BART","sv","fou3","f","pre2020",1,1,2
"CRPS","GDPC1","-1/3","GP","sv","blu","s","pre2020",1,1,2
"CRPS","GDPC1","-1/3","GP","sv","blu","b","pre2020",0,0,0
"CRPS","GDPC1","-1/3","GP","sv","blu","f","pre2020",0,1,1
"CRPS","GDPC1","-1/3","GP","sv","svd","s","pre2020",1,1,2
"CRPS","GDPC1","-1/3","GP","sv","svd","b","pre2020",1,1,2
"CRPS","GDPC1","-1/3","GP","sv","svd","f","pre2020",0,0,0
"CRPS","GDPC1","-1/3","GP","sv","br","s","pre2020",1,1,2
"CRPS","GDPC1","-1/3","GP","sv","br","b","pre2020",0,0,0
"CRPS","GDPC1","-1/3","GP","sv","br","f","pre2020",1,1,2
"CRPS","GDPC1","-1/3","GP","sv","eq","s","pre2020",1,1,2
"CRPS","GDPC1","-1/3","GP","sv","eq","b","pre2020",0,0,0
"CRPS","GDPC1","-1/3","GP","sv","eq","f","pre2020",1,1,2
"CRPS","GDPC1","-1/3","GP","sv","xalm","s","pre2020",1,1,2
"CRPS","GDPC1","-1/3","GP","sv","xalm","b","pre2020",0,0,0
"CRPS","GDPC1","-1/3","GP","sv","xalm","f","pre2020",1,1,2
"CRPS","GDPC1","-1/3","GP","sv","alm3","s","pre2020",1,1,2
"CRPS","GDPC1","-1/3","GP","sv","alm3","b","pre2020",0,0,0
"CRPS","GDPC1","-1/3","GP","sv","alm3","f","pre2020",1,1,2
"CRPS","GDPC1","-1/3","GP","sv","leg3","s","pre2020",1,1,2
"CRPS","GDPC1","-1/3","GP","sv","leg3","b","pre2020",0,0,0
"CRPS","GDPC1","-1/3","GP","sv","leg3","f","pre2020",1,1,2
"CRPS","GDPC1","-1/3","GP","sv","leg5","s","pre2020",0,0,0
"CRPS","GDPC1","-1/3","GP","sv","leg5","b","pre2020",0,0,0
"CRPS","GDPC1","-1/3","GP","sv","leg5","f","pre2020",0,0,0
"CRPS","GDPC1","-1/3","GP","sv","ber3","s","pre2020",1,1,2
"CRPS","GDPC1","-1/3","GP","sv","ber3","b","pre2020",0,0,0
"CRPS","GDPC1","-1/3","GP","sv","ber3","f","pre2020",1,1,2
"CRPS","GDPC1","-1/3","GP","sv","ber5","s","pre2020",1,1,2
"CRPS","GDPC1","-1/3","GP","sv","ber5","b","pre2020",0,0,0
"CRPS","GDPC1","-1/3","GP","sv","ber5","f","pre2020",1,1,2
"CRPS","GDPC1","-1/3","GP","sv","fou3","s","pre2020",1,1,2
"CRPS","GDPC1","-1/3","GP","sv","fou3","b","pre2020",0,0,0
"CRPS","GDPC1","-1/3","GP","sv","fou3","f","pre2020",1,1,2
"CRPS","GDPC1","-1/3","MFVAR","hom","blu","s","pre2020",1,1,2
"CRPS","GDPC1","-1/3","MFVAR","hom","blu","f","pre2020",0,0,0
"CRPS","GDPC1","-1/3","MFVAR","sv","blu","s","pre2020",0,0,0
"CRPS","GDPC1","-1/3","MFVAR","sv","blu","f","pre2020",0,0,0
"CRPS","GDPCTPI","-1/3","BLR","hom","blu","s","pre2020",0,0,0
"CRPS","GDPCTPI","-1/3","BLR","hom","blu","b","pre2020",0,1,1
"CRPS","GDPCTPI","-1/3","BLR","hom","blu","f","pre2020",1,1,2
"CRPS","GDPCTPI","-1/3","BLR","hom","svd","s","pre2020",1,1,2
"CRPS","GDPCTPI","-1/3","BLR","hom","svd","b","pre2020",1,1,2
"CRPS","GDPCTPI","-1/3","BLR","hom","svd","f","pre2020",1,1,2
"CRPS","GDPCTPI","-1/3","BLR","hom","br","s","pre2020",0,0,0
"CRPS","GDPCTPI","-1/3","BLR","hom","br","b","pre2020",0,1,1
"CRPS","GDPCTPI","-1/3","BLR","hom","br","f","pre2020",1,1,2
"CRPS","GDPCTPI","-1/3","BLR","hom","eq","s","pre2020",0,0,0
"CRPS","GDPCTPI","-1/3","BLR","hom","eq","b","pre2020",0,0,0
"CRPS","GDPCTPI","-1/3","BLR","hom","eq","f","pre2020",0,0,0
"CRPS","GDPCTPI","-1/3","BLR","hom","xalm","s","pre2020",0,0,0
"CRPS","GDPCTPI","-1/3","BLR","hom","xalm","b","pre2020",0,0,0
"CRPS","GDPCTPI","-1/3","BLR","hom","xalm","f","pre2020",1,1,2
"CRPS","GDPCTPI","-1/3","BLR","hom","alm3","s","pre2020",0,0,0
"CRPS","GDPCTPI","-1/3","BLR","hom","alm3","b","pre2020",0,0,0
"CRPS","GDPCTPI","-1/3","BLR","hom","alm3","f","pre2020",0,0,0
"CRPS","GDPCTPI","-1/3","BLR","hom","leg3","s","pre2020",0,0,0
"CRPS","GDPCTPI","-1/3","BLR","hom","leg3","b","pre2020",0,0,0
"CRPS","GDPCTPI","-1/3","BLR","hom","leg3","f","pre2020",1,1,2
"CRPS","GDPCTPI","-1/3","BLR","hom","leg5","s","pre2020",0,0,0
"CRPS","GDPCTPI","-1/3","BLR","hom","leg5","b","pre2020",0,0,0
"CRPS","GDPCTPI","-1/3","BLR","hom","leg5","f","pre2020",1,1,2
"CRPS","GDPCTPI","-1/3","BLR","hom","ber3","s","pre2020",1,1,2
"CRPS","GDPCTPI","-1/3","BLR","hom","ber3","b","pre2020",0,0,0
"CRPS","GDPCTPI","-1/3","BLR","hom","ber3","f","pre2020",0,1,1
"CRPS","GDPCTPI","-1/3","BLR","hom","ber5","s","pre2020",0,0,0
"CRPS","GDPCTPI","-1/3","BLR","hom","ber5","b","pre2020",0,0,0
"CRPS","GDPCTPI","-1/3","BLR","hom","ber5","f","pre2020",0,0,0
"CRPS","GDPCTPI","-1/3","BLR","hom","fou3","s","pre2020",0,1,1
"CRPS","GDPCTPI","-1/3","BLR","hom","fou3","b","pre2020",0,0,0
"CRPS","GDPCTPI","-1/3","BLR","hom","fou3","f","pre2020",1,1,2
"CRPS","GDPCTPI","-1/3","BART","hom","blu","s","pre2020",0,0,0
"CRPS","GDPCTPI","-1/3","BART","hom","blu","b","pre2020",0,0,0
"CRPS","GDPCTPI","-1/3","BART","hom","blu","f","pre2020",0,1,1
"CRPS","GDPCTPI","-1/3","BART","hom","svd","s","pre2020",0,0,0
"CRPS","GDPCTPI","-1/3","BART","hom","svd","b","pre2020",0,1,1
"CRPS","GDPCTPI","-1/3","BART","hom","svd","f","pre2020",0,0,0
"CRPS","GDPCTPI","-1/3","BART","hom","br","s","pre2020",0,0,0
"CRPS","GDPCTPI","-1/3","BART","hom","br","b","pre2020",0,0,0
"CRPS","GDPCTPI","-1/3","BART","hom","br","f","pre2020",0,0,0
"CRPS","GDPCTPI","-1/3","BART","hom","eq","s","pre2020",0,0,0
"CRPS","GDPCTPI","-1/3","BART","hom","eq","b","pre2020",0,0,0
"CRPS","GDPCTPI","-1/3","BART","hom","eq","f","pre2020",0,0,0
"CRPS","GDPCTPI","-1/3","BART","hom","xalm","s","pre2020",0,0,0
"CRPS","GDPCTPI","-1/3","BART","hom","xalm","b","pre2020",0,0,0
"CRPS","GDPCTPI","-1/3","BART","hom","xalm","f","pre2020",0,0,0
"CRPS","GDPCTPI","-1/3","BART","hom","alm3","s","pre2020",0,0,0
"CRPS","GDPCTPI","-1/3","BART","hom","alm3","b","pre2020",0,0,0
"CRPS","GDPCTPI","-1/3","BART","hom","alm3","f","pre2020",0,0,0
"CRPS","GDPCTPI","-1/3","BART","hom","leg3","s","pre2020",0,0,0
"CRPS","GDPCTPI","-1/3","BART","hom","leg3","b","pre2020",0,0,0
"CRPS","GDPCTPI","-1/3","BART","hom","leg3","f","pre2020",1,1,2
"CRPS","GDPCTPI","-1/3","BART","hom","leg5","s","pre2020",1,1,2
"CRPS","GDPCTPI","-1/3","BART","hom","leg5","b","pre2020",0,0,0
"CRPS","GDPCTPI","-1/3","BART","hom","leg5","f","pre2020",1,1,2
"CRPS","GDPCTPI","-1/3","BART","hom","ber3","s","pre2020",0,1,1
"CRPS","GDPCTPI","-1/3","BART","hom","ber3","b","pre2020",0,0,0
"CRPS","GDPCTPI","-1/3","BART","hom","ber3","f","pre2020",0,0,0
"CRPS","GDPCTPI","-1/3","BART","hom","ber5","s","pre2020",0,0,0
"CRPS","GDPCTPI","-1/3","BART","hom","ber5","b","pre2020",0,0,0
"CRPS","GDPCTPI","-1/3","BART","hom","ber5","f","pre2020",0,0,0
"CRPS","GDPCTPI","-1/3","BART","hom","fou3","s","pre2020",0,0,0
"CRPS","GDPCTPI","-1/3","BART","hom","fou3","b","pre2020",0,0,0
"CRPS","GDPCTPI","-1/3","BART","hom","fou3","f","pre2020",0,0,0
"CRPS","GDPCTPI","-1/3","GP","hom","blu","s","pre2020",0,0,0
"CRPS","GDPCTPI","-1/3","GP","hom","blu","b","pre2020",0,0,0
"CRPS","GDPCTPI","-1/3","GP","hom","blu","f","pre2020",0,0,0
"CRPS","GDPCTPI","-1/3","GP","hom","svd","s","pre2020",0,0,0
"CRPS","GDPCTPI","-1/3","GP","hom","svd","b","pre2020",1,1,2
"CRPS","GDPCTPI","-1/3","GP","hom","svd","f","pre2020",1,1,2
"CRPS","GDPCTPI","-1/3","GP","hom","br","s","pre2020",0,0,0
"CRPS","GDPCTPI","-1/3","GP","hom","br","b","pre2020",1,1,2
"CRPS","GDPCTPI","-1/3","GP","hom","br","f","pre2020",0,0,0
"CRPS","GDPCTPI","-1/3","GP","hom","eq","s","pre2020",0,0,0
"CRPS","GDPCTPI","-1/3","GP","hom","eq","b","pre2020",0,1,1
"CRPS","GDPCTPI","-1/3","GP","hom","eq","f","pre2020",0,1,1
"CRPS","GDPCTPI","-1/3","GP","hom","xalm","s","pre2020",0,0,0
"CRPS","GDPCTPI","-1/3","GP","hom","xalm","b","pre2020",1,1,2
"CRPS","GDPCTPI","-1/3","GP","hom","xalm","f","pre2020",1,1,2
"CRPS","GDPCTPI","-1/3","GP","hom","alm3","s","pre2020",0,0,0
"CRPS","GDPCTPI","-1/3","GP","hom","alm3","b","pre2020",0,0,0
"CRPS","GDPCTPI","-1/3","GP","hom","alm3","f","pre2020",0,0,0
"CRPS","GDPCTPI","-1/3","GP","hom","leg3","s","pre2020",0,0,0
"CRPS","GDPCTPI","-1/3","GP","hom","leg3","b","pre2020",1,1,2
"CRPS","GDPCTPI","-1/3","GP","hom","leg3","f","pre2020",1,1,2
"CRPS","GDPCTPI","-1/3","GP","hom","leg5","s","pre2020",0,0,0
"CRPS","GDPCTPI","-1/3","GP","hom","leg5","b","pre2020",0,1,1
"CRPS","GDPCTPI","-1/3","GP","hom","leg5","f","pre2020",1,1,2
"CRPS","GDPCTPI","-1/3","GP","hom","ber3","s","pre2020",0,1,1
"CRPS","GDPCTPI","-1/3","GP","hom","ber3","b","pre2020",1,1,2
"CRPS","GDPCTPI","-1/3","GP","hom","ber3","f","pre2020",1,1,2
"CRPS","GDPCTPI","-1/3","GP","hom","ber5","s","pre2020",0,1,1
"CRPS","GDPCTPI","-1/3","GP","hom","ber5","b","pre2020",1,1,2
"CRPS","GDPCTPI","-1/3","GP","hom","ber5","f","pre2020",1,1,2
"CRPS","GDPCTPI","-1/3","GP","hom","fou3","s","pre2020",0,0,0
"CRPS","GDPCTPI","-1/3","GP","hom","fou3","b","pre2020",0,0,0
"CRPS","GDPCTPI","-1/3","GP","hom","fou3","f","pre2020",0,0,0
"CRPS","GDPCTPI","-1/3","BLR","sv","blu","s","pre2020",1,1,2
"CRPS","GDPCTPI","-1/3","BLR","sv","blu","b","pre2020",0,0,0
"CRPS","GDPCTPI","-1/3","BLR","sv","blu","f","pre2020",1,1,2
"CRPS","GDPCTPI","-1/3","BLR","sv","svd","s","pre2020",1,1,2
"CRPS","GDPCTPI","-1/3","BLR","sv","svd","b","pre2020",1,1,2
"CRPS","GDPCTPI","-1/3","BLR","sv","svd","f","pre2020",1,1,2
"CRPS","GDPCTPI","-1/3","BLR","sv","br","s","pre2020",0,0,0
"CRPS","GDPCTPI","-1/3","BLR","sv","br","b","pre2020",1,1,2
"CRPS","GDPCTPI","-1/3","BLR","sv","br","f","pre2020",1,1,2
"CRPS","GDPCTPI","-1/3","BLR","sv","eq","s","pre2020",0,0,0
"CRPS","GDPCTPI","-1/3","BLR","sv","eq","b","pre2020",0,0,0
"CRPS","GDPCTPI","-1/3","BLR","sv","eq","f","pre2020",0,1,1
"CRPS","GDPCTPI","-1/3","BLR","sv","xalm","s","pre2020",1,1,2
"CRPS","GDPCTPI","-1/3","BLR","sv","xalm","b","pre2020",1,1,2
"CRPS","GDPCTPI","-1/3","BLR","sv","xalm","f","pre2020",1,1,2
"CRPS","GDPCTPI","-1/3","BLR","sv","alm3","s","pre2020",0,0,0
"CRPS","GDPCTPI","-1/3","BLR","sv","alm3","b","pre2020",0,0,0
"CRPS","GDPCTPI","-1/3","BLR","sv","alm3","f","pre2020",0,0,0
"CRPS","GDPCTPI","-1/3","BLR","sv","leg3","s","pre2020",1,1,2
"CRPS","GDPCTPI","-1/3","BLR","sv","leg3","b","pre2020",0,0,0
"CRPS","GDPCTPI","-1/3","BLR","sv","leg3","f","pre2020",1,1,2
"CRPS","GDPCTPI","-1/3","BLR","sv","leg5","s","pre2020",1,1,2
"CRPS","GDPCTPI","-1/3","BLR","sv","leg5","b","pre2020",0,0,0
"CRPS","GDPCTPI","-1/3","BLR","sv","leg5","f","pre2020",1,1,2
"CRPS","GDPCTPI","-1/3","BLR","sv","ber3","s","pre2020",1,1,2
"CRPS","GDPCTPI","-1/3","BLR","sv","ber3","b","pre2020",1,1,2
"CRPS","GDPCTPI","-1/3","BLR","sv","ber3","f","pre2020",1,1,2
"CRPS","GDPCTPI","-1/3","BLR","sv","ber5","s","pre2020",1,1,2
"CRPS","GDPCTPI","-1/3","BLR","sv","ber5","b","pre2020",1,1,2
"CRPS","GDPCTPI","-1/3","BLR","sv","ber5","f","pre2020",1,1,2
"CRPS","GDPCTPI","-1/3","BLR","sv","fou3","s","pre2020",1,1,2
"CRPS","GDPCTPI","-1/3","BLR","sv","fou3","b","pre2020",0,1,1
"CRPS","GDPCTPI","-1/3","BLR","sv","fou3","f","pre2020",1,1,2
"CRPS","GDPCTPI","-1/3","BART","sv","blu","s","pre2020",0,0,0
"CRPS","GDPCTPI","-1/3","BART","sv","blu","b","pre2020",0,0,0
"CRPS","GDPCTPI","-1/3","BART","sv","blu","f","pre2020",1,1,2
"CRPS","GDPCTPI","-1/3","BART","sv","svd","s","pre2020",0,0,0
"CRPS","GDPCTPI","-1/3","BART","sv","svd","b","pre2020",1,1,2
"CRPS","GDPCTPI","-1/3","BART","sv","svd","f","pre2020",0,0,0
"CRPS","GDPCTPI","-1/3","BART","sv","br","s","pre2020",0,0,0
"CRPS","GDPCTPI","-1/3","BART","sv","br","b","pre2020",1,1,2
"CRPS","GDPCTPI","-1/3","BART","sv","br","f","pre2020",0,0,0
"CRPS","GDPCTPI","-1/3","BART","sv","eq","s","pre2020",0,0,0
"CRPS","GDPCTPI","-1/3","BART","sv","eq","b","pre2020",0,0,0
"CRPS","GDPCTPI","-1/3","BART","sv","eq","f","pre2020",0,0,0
"CRPS","GDPCTPI","-1/3","BART","sv","xalm","s","pre2020",0,0,0
"CRPS","GDPCTPI","-1/3","BART","sv","xalm","b","pre2020",0,0,0
"CRPS","GDPCTPI","-1/3","BART","sv","xalm","f","pre2020",0,1,1
"CRPS","GDPCTPI","-1/3","BART","sv","alm3","s","pre2020",0,0,0
"CRPS","GDPCTPI","-1/3","BART","sv","alm3","b","pre2020",0,0,0
"CRPS","GDPCTPI","-1/3","BART","sv","alm3","f","pre2020",0,0,0
"CRPS","GDPCTPI","-1/3","BART","sv","leg3","s","pre2020",0,0,0
"CRPS","GDPCTPI","-1/3","BART","sv","leg3","b","pre2020",0,0,0
"CRPS","GDPCTPI","-1/3","BART","sv","leg3","f","pre2020",1,1,2
"CRPS","GDPCTPI","-1/3","BART","sv","leg5","s","pre2020",1,1,2
"CRPS","GDPCTPI","-1/3","BART","sv","leg5","b","pre2020",0,0,0
"CRPS","GDPCTPI","-1/3","BART","sv","leg5","f","pre2020",1,1,2
"CRPS","GDPCTPI","-1/3","BART","sv","ber3","s","pre2020",1,1,2
"CRPS","GDPCTPI","-1/3","BART","sv","ber3","b","pre2020",1,1,2
"CRPS","GDPCTPI","-1/3","BART","sv","ber3","f","pre2020",0,0,0
"CRPS","GDPCTPI","-1/3","BART","sv","ber5","s","pre2020",0,0,0
"CRPS","GDPCTPI","-1/3","BART","sv","ber5","b","pre2020",1,1,2
"CRPS","GDPCTPI","-1/3","BART","sv","ber5","f","pre2020",0,0,0
"CRPS","GDPCTPI","-1/3","BART","sv","fou3","s","pre2020",0,0,0
"CRPS","GDPCTPI","-1/3","BART","sv","fou3","b","pre2020",0,1,1
"CRPS","GDPCTPI","-1/3","BART","sv","fou3","f","pre2020",0,0,0
"CRPS","GDPCTPI","-1/3","GP","sv","blu","s","pre2020",0,1,1
"CRPS","GDPCTPI","-1/3","GP","sv","blu","b","pre2020",1,1,2
"CRPS","GDPCTPI","-1/3","GP","sv","blu","f","pre2020",1,1,2
"CRPS","GDPCTPI","-1/3","GP","sv","svd","s","pre2020",0,1,1
"CRPS","GDPCTPI","-1/3","GP","sv","svd","b","pre2020",1,1,2
"CRPS","GDPCTPI","-1/3","GP","sv","svd","f","pre2020",0,1,1
"CRPS","GDPCTPI","-1/3","GP","sv","br","s","pre2020",0,0,0
"CRPS","GDPCTPI","-1/3","GP","sv","br","b","pre2020",1,1,2
"CRPS","GDPCTPI","-1/3","GP","sv","br","f","pre2020",0,0,0
"CRPS","GDPCTPI","-1/3","GP","sv","eq","s","pre2020",0,0,0
"CRPS","GDPCTPI","-1/3","GP","sv","eq","b","pre2020",0,0,0
"CRPS","GDPCTPI","-1/3","GP","sv","eq","f","pre2020",0,0,0
"CRPS","GDPCTPI","-1/3","GP","sv","xalm","s","pre2020",0,0,0
"CRPS","GDPCTPI","-1/3","GP","sv","xalm","b","pre2020",1,1,2
"CRPS","GDPCTPI","-1/3","GP","sv","xalm","f","pre2020",0,1,1
"CRPS","GDPCTPI","-1/3","GP","sv","alm3","s","pre2020",0,0,0
"CRPS","GDPCTPI","-1/3","GP","sv","alm3","b","pre2020",0,0,0
"CRPS","GDPCTPI","-1/3","GP","sv","alm3","f","pre2020",0,0,0
"CRPS","GDPCTPI","-1/3","GP","sv","leg3","s","pre2020",0,0,0
"CRPS","GDPCTPI","-1/3","GP","sv","leg3","b","pre2020",1,1,2
"CRPS","GDPCTPI","-1/3","GP","sv","leg3","f","pre2020",1,1,2
"CRPS","GDPCTPI","-1/3","GP","sv","leg5","s","pre2020",0,0,0
"CRPS","GDPCTPI","-1/3","GP","sv","leg5","b","pre2020",1,1,2
"CRPS","GDPCTPI","-1/3","GP","sv","leg5","f","pre2020",1,1,2
"CRPS","GDPCTPI","-1/3","GP","sv","ber3","s","pre2020",0,0,0
"CRPS","GDPCTPI","-1/3","GP","sv","ber3","b","pre2020",1,1,2
"CRPS","GDPCTPI","-1/3","GP","sv","ber3","f","pre2020",1,1,2
"CRPS","GDPCTPI","-1/3","GP","sv","ber5","s","pre2020",0,1,1
"CRPS","GDPCTPI","-1/3","GP","sv","ber5","b","pre2020",0,0,0
"CRPS","GDPCTPI","-1/3","GP","sv","ber5","f","pre2020",1,1,2
"CRPS","GDPCTPI","-1/3","GP","sv","fou3","s","pre2020",0,0,0
"CRPS","GDPCTPI","-1/3","GP","sv","fou3","b","pre2020",0,0,0
"CRPS","GDPCTPI","-1/3","GP","sv","fou3","f","pre2020",0,0,0
"CRPS","GDPCTPI","-1/3","MFVAR","hom","blu","s","pre2020",0,0,0
"CRPS","GDPCTPI","-1/3","MFVAR","hom","blu","f","pre2020",0,0,0
"CRPS","GDPCTPI","-1/3","MFVAR","sv","blu","s","pre2020",0,0,0
"CRPS","GDPCTPI","-1/3","MFVAR","sv","blu","f","pre2020",0,0,0
"CRPS","GDPC1","5/3","BLR","hom","blu","s","post2020-outl",0,0,0
"CRPS","GDPC1","5/3","BLR","hom","blu","b","post2020-outl",0,0,0
"CRPS","GDPC1","5/3","BLR","hom","blu","f","post2020-outl",0,1,1
"CRPS","GDPC1","5/3","BLR","hom","svd","s","post2020-outl",1,1,2
"CRPS","GDPC1","5/3","BLR","hom","svd","b","post2020-outl",0,0,0
"CRPS","GDPC1","5/3","BLR","hom","svd","f","post2020-outl",0,1,1
"CRPS","GDPC1","5/3","BLR","hom","br","s","post2020-outl",1,1,2
"CRPS","GDPC1","5/3","BLR","hom","br","b","post2020-outl",0,1,1
"CRPS","GDPC1","5/3","BLR","hom","br","f","post2020-outl",0,1,1
"CRPS","GDPC1","5/3","BLR","hom","eq","s","post2020-outl",0,0,0
"CRPS","GDPC1","5/3","BLR","hom","eq","b","post2020-outl",1,1,2
"CRPS","GDPC1","5/3","BLR","hom","eq","f","post2020-outl",1,1,2
"CRPS","GDPC1","5/3","BLR","hom","xalm","s","post2020-outl",1,1,2
"CRPS","GDPC1","5/3","BLR","hom","xalm","b","post2020-outl",0,0,0
"CRPS","GDPC1","5/3","BLR","hom","xalm","f","post2020-outl",1,1,2
"CRPS","GDPC1","5/3","BLR","hom","alm3","s","post2020-outl",0,1,1
"CRPS","GDPC1","5/3","BLR","hom","alm3","b","post2020-outl",0,0,0
"CRPS","GDPC1","5/3","BLR","hom","alm3","f","post2020-outl",1,1,2
"CRPS","GDPC1","5/3","BLR","hom","leg3","s","post2020-outl",1,1,2
"CRPS","GDPC1","5/3","BLR","hom","leg3","b","post2020-outl",0,0,0
"CRPS","GDPC1","5/3","BLR","hom","leg3","f","post2020-outl",0,0,0
"CRPS","GDPC1","5/3","BLR","hom","leg5","s","post2020-outl",1,1,2
"CRPS","GDPC1","5/3","BLR","hom","leg5","b","post2020-outl",0,0,0
"CRPS","GDPC1","5/3","BLR","hom","leg5","f","post2020-outl",0,1,1
"CRPS","GDPC1","5/3","BLR","hom","ber3","s","post2020-outl",1,1,2
"CRPS","GDPC1","5/3","BLR","hom","ber3","b","post2020-outl",0,0,0
"CRPS","GDPC1","5/3","BLR","hom","ber3","f","post2020-outl",1,1,2
"CRPS","GDPC1","5/3","BLR","hom","ber5","s","post2020-outl",1,1,2
"CRPS","GDPC1","5/3","BLR","hom","ber5","b","post2020-outl",0,0,0
"CRPS","GDPC1","5/3","BLR","hom","ber5","f","post2020-outl",0,0,0
"CRPS","GDPC1","5/3","BLR","hom","fou3","s","post2020-outl",1,1,2
"CRPS","GDPC1","5/3","BLR","hom","fou3","b","post2020-outl",0,0,0
"CRPS","GDPC1","5/3","BLR","hom","fou3","f","post2020-outl",0,0,0
"CRPS","GDPC1","5/3","BART","hom","blu","s","post2020-outl",1,1,2
"CRPS","GDPC1","5/3","BART","hom","blu","b","post2020-outl",0,0,0
"CRPS","GDPC1","5/3","BART","hom","blu","f","post2020-outl",1,1,2
"CRPS","GDPC1","5/3","BART","hom","svd","s","post2020-outl",0,0,0
"CRPS","GDPC1","5/3","BART","hom","svd","b","post2020-outl",0,0,0
"CRPS","GDPC1","5/3","BART","hom","svd","f","post2020-outl",0,1,1
"CRPS","GDPC1","5/3","BART","hom","br","s","post2020-outl",0,0,0
"CRPS","GDPC1","5/3","BART","hom","br","b","post2020-outl",0,0,0
"CRPS","GDPC1","5/3","BART","hom","br","f","post2020-outl",0,0,0
"CRPS","GDPC1","5/3","BART","hom","eq","s","post2020-outl",1,1,2
"CRPS","GDPC1","5/3","BART","hom","eq","b","post2020-outl",1,1,2
"CRPS","GDPC1","5/3","BART","hom","eq","f","post2020-outl",1,1,2
"CRPS","GDPC1","5/3","BART","hom","xalm","s","post2020-outl",1,1,2
"CRPS","GDPC1","5/3","BART","hom","xalm","b","post2020-outl",0,0,0
"CRPS","GDPC1","5/3","BART","hom","xalm","f","post2020-outl",1,1,2
"CRPS","GDPC1","5/3","BART","hom","alm3","s","post2020-outl",1,1,2
"CRPS","GDPC1","5/3","BART","hom","alm3","b","post2020-outl",0,0,0
"CRPS","GDPC1","5/3","BART","hom","alm3","f","post2020-outl",1,1,2
"CRPS","GDPC1","5/3","BART","hom","leg3","s","post2020-outl",0,1,1
"CRPS","GDPC1","5/3","BART","hom","leg3","b","post2020-outl",1,1,2
"CRPS","GDPC1","5/3","BART","hom","leg3","f","post2020-outl",0,0,0
"CRPS","GDPC1","5/3","BART","hom","leg5","s","post2020-outl",1,1,2
"CRPS","GDPC1","5/3","BART","hom","leg5","b","post2020-outl",0,0,0
"CRPS","GDPC1","5/3","BART","hom","leg5","f","post2020-outl",0,0,0
"CRPS","GDPC1","5/3","BART","hom","ber3","s","post2020-outl",0,0,0
"CRPS","GDPC1","5/3","BART","hom","ber3","b","post2020-outl",0,0,0
"CRPS","GDPC1","5/3","BART","hom","ber3","f","post2020-outl",0,1,1
"CRPS","GDPC1","5/3","BART","hom","ber5","s","post2020-outl",0,0,0
"CRPS","GDPC1","5/3","BART","hom","ber5","b","post2020-outl",0,0,0
"CRPS","GDPC1","5/3","BART","hom","ber5","f","post2020-outl",0,1,1
"CRPS","GDPC1","5/3","BART","hom","fou3","s","post2020-outl",0,0,0
"CRPS","GDPC1","5/3","BART","hom","fou3","b","post2020-outl",0,1,1
"CRPS","GDPC1","5/3","BART","hom","fou3","f","post2020-outl",1,1,2
"CRPS","GDPC1","5/3","GP","hom","blu","s","post2020-outl",1,1,2
"CRPS","GDPC1","5/3","GP","hom","blu","b","post2020-outl",1,1,2
"CRPS","GDPC1","5/3","GP","hom","blu","f","post2020-outl",1,1,2
"CRPS","GDPC1","5/3","GP","hom","svd","s","post2020-outl",0,0,0
"CRPS","GDPC1","5/3","GP","hom","svd","b","post2020-outl",1,1,2
"CRPS","GDPC1","5/3","GP","hom","svd","f","post2020-outl",0,0,0
"CRPS","GDPC1","5/3","GP","hom","br","s","post2020-outl",1,1,2
"CRPS","GDPC1","5/3","GP","hom","br","b","post2020-outl",1,1,2
"CRPS","GDPC1","5/3","GP","hom","br","f","post2020-outl",1,1,2
"CRPS","GDPC1","5/3","GP","hom","eq","s","post2020-outl",1,1,2
"CRPS","GDPC1","5/3","GP","hom","eq","b","post2020-outl",1,1,2
"CRPS","GDPC1","5/3","GP","hom","eq","f","post2020-outl",0,0,0
"CRPS","GDPC1","5/3","GP","hom","xalm","s","post2020-outl",1,1,2
"CRPS","GDPC1","5/3","GP","hom","xalm","b","post2020-outl",1,1,2
"CRPS","GDPC1","5/3","GP","hom","xalm","f","post2020-outl",0,1,1
"CRPS","GDPC1","5/3","GP","hom","alm3","s","post2020-outl",1,1,2
"CRPS","GDPC1","5/3","GP","hom","alm3","b","post2020-outl",1,1,2
"CRPS","GDPC1","5/3","GP","hom","alm3","f","post2020-outl",1,1,2
"CRPS","GDPC1","5/3","GP","hom","leg3","s","post2020-outl",0,1,1
"CRPS","GDPC1","5/3","GP","hom","leg3","b","post2020-outl",0,0,0
"CRPS","GDPC1","5/3","GP","hom","leg3","f","post2020-outl",1,1,2
"CRPS","GDPC1","5/3","GP","hom","leg5","s","post2020-outl",0,0,0
"CRPS","GDPC1","5/3","GP","hom","leg5","b","post2020-outl",0,0,0
"CRPS","GDPC1","5/3","GP","hom","leg5","f","post2020-outl",1,1,2
"CRPS","GDPC1","5/3","GP","hom","ber3","s","post2020-outl",1,1,2
"CRPS","GDPC1","5/3","GP","hom","ber3","b","post2020-outl",1,1,2
"CRPS","GDPC1","5/3","GP","hom","ber3","f","post2020-outl",1,1,2
"CRPS","GDPC1","5/3","GP","hom","ber5","s","post2020-outl",1,1,2
"CRPS","GDPC1","5/3","GP","hom","ber5","b","post2020-outl",1,1,2
"CRPS","GDPC1","5/3","GP","hom","ber5","f","post2020-outl",1,1,2
"CRPS","GDPC1","5/3","GP","hom","fou3","s","post2020-outl",1,1,2
"CRPS","GDPC1","5/3","GP","hom","fou3","b","post2020-outl",1,1,2
"CRPS","GDPC1","5/3","GP","hom","fou3","f","post2020-outl",1,1,2
"CRPS","GDPC1","5/3","BLR","sv","blu","s","post2020-outl",0,0,0
"CRPS","GDPC1","5/3","BLR","sv","blu","b","post2020-outl",0,0,0
"CRPS","GDPC1","5/3","BLR","sv","blu","f","post2020-outl",0,1,1
"CRPS","GDPC1","5/3","BLR","sv","svd","s","post2020-outl",0,0,0
"CRPS","GDPC1","5/3","BLR","sv","svd","b","post2020-outl",0,0,0
"CRPS","GDPC1","5/3","BLR","sv","svd","f","post2020-outl",1,1,2
"CRPS","GDPC1","5/3","BLR","sv","br","s","post2020-outl",1,1,2
"CRPS","GDPC1","5/3","BLR","sv","br","b","post2020-outl",1,1,2
"CRPS","GDPC1","5/3","BLR","sv","br","f","post2020-outl",1,1,2
"CRPS","GDPC1","5/3","BLR","sv","eq","s","post2020-outl",1,1,2
"CRPS","GDPC1","5/3","BLR","sv","eq","b","post2020-outl",1,1,2
"CRPS","GDPC1","5/3","BLR","sv","eq","f","post2020-outl",1,1,2
"CRPS","GDPC1","5/3","BLR","sv","xalm","s","post2020-outl",1,1,2
"CRPS","GDPC1","5/3","BLR","sv","xalm","b","post2020-outl",1,1,2
"CRPS","GDPC1","5/3","BLR","sv","xalm","f","post2020-outl",1,1,2
"CRPS","GDPC1","5/3","BLR","sv","alm3","s","post2020-outl",1,1,2
"CRPS","GDPC1","5/3","BLR","sv","alm3","b","post2020-outl",0,0,0
"CRPS","GDPC1","5/3","BLR","sv","alm3","f","post2020-outl",1,1,2
"CRPS","GDPC1","5/3","BLR","sv","leg3","s","post2020-outl",0,1,1
"CRPS","GDPC1","5/3","BLR","sv","leg3","b","post2020-outl",0,0,0
"CRPS","GDPC1","5/3","BLR","sv","leg3","f","post2020-outl",0,0,0
"CRPS","GDPC1","5/3","BLR","sv","leg5","s","post2020-outl",1,1,2
"CRPS","GDPC1","5/3","BLR","sv","leg5","b","post2020-outl",0,0,0
"CRPS","GDPC1","5/3","BLR","sv","leg5","f","post2020-outl",0,1,1
"CRPS","GDPC1","5/3","BLR","sv","ber3","s","post2020-outl",1,1,2
"CRPS","GDPC1","5/3","BLR","sv","ber3","b","post2020-outl",0,1,1
"CRPS","GDPC1","5/3","BLR","sv","ber3","f","post2020-outl",1,1,2
"CRPS","GDPC1","5/3","BLR","sv","ber5","s","post2020-outl",0,0,0
"CRPS","GDPC1","5/3","BLR","sv","ber5","b","post2020-outl",0,0,0
"CRPS","GDPC1","5/3","BLR","sv","ber5","f","post2020-outl",1,1,2
"CRPS","GDPC1","5/3","BLR","sv","fou3","s","post2020-outl",1,1,2
"CRPS","GDPC1","5/3","BLR","sv","fou3","b","post2020-outl",0,0,0
"CRPS","GDPC1","5/3","BLR","sv","fou3","f","post2020-outl",1,1,2
"CRPS","GDPC1","5/3","BART","sv","blu","s","post2020-outl",1,1,2
"CRPS","GDPC1","5/3","BART","sv","blu","b","post2020-outl",1,1,2
"CRPS","GDPC1","5/3","BART","sv","blu","f","post2020-outl",1,1,2
"CRPS","GDPC1","5/3","BART","sv","svd","s","post2020-outl",0,0,0
"CRPS","GDPC1","5/3","BART","sv","svd","b","post2020-outl",0,0,0
"CRPS","GDPC1","5/3","BART","sv","svd","f","post2020-outl",1,1,2
"CRPS","GDPC1","5/3","BART","sv","br","s","post2020-outl",0,0,0
"CRPS","GDPC1","5/3","BART","sv","br","b","post2020-outl",0,1,1
"CRPS","GDPC1","5/3","BART","sv","br","f","post2020-outl",1,1,2
"CRPS","GDPC1","5/3","BART","sv","eq","s","post2020-outl",1,1,2
"CRPS","GDPC1","5/3","BART","sv","eq","b","post2020-outl",1,1,2
"CRPS","GDPC1","5/3","BART","sv","eq","f","post2020-outl",0,1,1
"CRPS","GDPC1","5/3","BART","sv","xalm","s","post2020-outl",0,1,1
"CRPS","GDPC1","5/3","BART","sv","xalm","b","post2020-outl",1,1,2
"CRPS","GDPC1","5/3","BART","sv","xalm","f","post2020-outl",1,1,2
"CRPS","GDPC1","5/3","BART","sv","alm3","s","post2020-outl",1,1,2
"CRPS","GDPC1","5/3","BART","sv","alm3","b","post2020-outl",1,1,2
"CRPS","GDPC1","5/3","BART","sv","alm3","f","post2020-outl",1,1,2
"CRPS","GDPC1","5/3","BART","sv","leg3","s","post2020-outl",0,1,1
"CRPS","GDPC1","5/3","BART","sv","leg3","b","post2020-outl",1,1,2
"CRPS","GDPC1","5/3","BART","sv","leg3","f","post2020-outl",0,0,0
"CRPS","GDPC1","5/3","BART","sv","leg5","s","post2020-outl",1,1,2
"CRPS","GDPC1","5/3","BART","sv","leg5","b","post2020-outl",1,1,2
"CRPS","GDPC1","5/3","BART","sv","leg5","f","post2020-outl",0,1,1
"CRPS","GDPC1","5/3","BART","sv","ber3","s","post2020-outl",1,1,2
"CRPS","GDPC1","5/3","BART","sv","ber3","b","post2020-outl",1,1,2
"CRPS","GDPC1","5/3","BART","sv","ber3","f","post2020-outl",1,1,2
"CRPS","GDPC1","5/3","BART","sv","ber5","s","post2020-outl",1,1,2
"CRPS","GDPC1","5/3","BART","sv","ber5","b","post2020-outl",1,1,2
"CRPS","GDPC1","5/3","BART","sv","ber5","f","post2020-outl",1,1,2
"CRPS","GDPC1","5/3","BART","sv","fou3","s","post2020-outl",1,1,2
"CRPS","GDPC1","5/3","BART","sv","fou3","b","post2020-outl",1,1,2
"CRPS","GDPC1","5/3","BART","sv","fou3","f","post2020-outl",1,1,2
"CRPS","GDPC1","5/3","GP","sv","blu","s","post2020-outl",1,1,2
"CRPS","GDPC1","5/3","GP","sv","blu","b","post2020-outl",1,1,2
"CRPS","GDPC1","5/3","GP","sv","blu","f","post2020-outl",1,1,2
"CRPS","GDPC1","5/3","GP","sv","svd","s","post2020-outl",0,1,1
"CRPS","GDPC1","5/3","GP","sv","svd","b","post2020-outl",0,1,1
"CRPS","GDPC1","5/3","GP","sv","svd","f","post2020-outl",1,1,2
"CRPS","GDPC1","5/3","GP","sv","br","s","post2020-outl",1,1,2
"CRPS","GDPC1","5/3","GP","sv","br","b","post2020-outl",1,1,2
"CRPS","GDPC1","5/3","GP","sv","br","f","post2020-outl",1,1,2
"CRPS","GDPC1","5/3","GP","sv","eq","s","post2020-outl",1,1,2
"CRPS","GDPC1","5/3","GP","sv","eq","b","post2020-outl",1,1,2
"CRPS","GDPC1","5/3","GP","sv","eq","f","post2020-outl",1,1,2
"CRPS","GDPC1","5/3","GP","sv","xalm","s","post2020-outl",1,1,2
"CRPS","GDPC1","5/3","GP","sv","xalm","b","post2020-outl",1,1,2
"CRPS","GDPC1","5/3","GP","sv","xalm","f","post2020-outl",1,1,2
"CRPS","GDPC1","5/3","GP","sv","alm3","s","post2020-outl",1,1,2
"CRPS","GDPC1","5/3","GP","sv","alm3","b","post2020-outl",1,1,2
"CRPS","GDPC1","5/3","GP","sv","alm3","f","post2020-outl",1,1,2
"CRPS","GDPC1","5/3","GP","sv","leg3","s","post2020-outl",1,1,2
"CRPS","GDPC1","5/3","GP","sv","leg3","b","post2020-outl",1,1,2
"CRPS","GDPC1","5/3","GP","sv","leg3","f","post2020-outl",1,1,2
"CRPS","GDPC1","5/3","GP","sv","leg5","s","post2020-outl",1,1,2
"CRPS","GDPC1","5/3","GP","sv","leg5","b","post2020-outl",1,1,2
"CRPS","GDPC1","5/3","GP","sv","leg5","f","post2020-outl",1,1,2
"CRPS","GDPC1","5/3","GP","sv","ber3","s","post2020-outl",1,1,2
"CRPS","GDPC1","5/3","GP","sv","ber3","b","post2020-outl",1,1,2
"CRPS","GDPC1","5/3","GP","sv","ber3","f","post2020-outl",1,1,2
"CRPS","GDPC1","5/3","GP","sv","ber5","s","post2020-outl",1,1,2
"CRPS","GDPC1","5/3","GP","sv","ber5","b","post2020-outl",1,1,2
"CRPS","GDPC1","5/3","GP","sv","ber5","f","post2020-outl",1,1,2
"CRPS","GDPC1","5/3","GP","sv","fou3","s","post2020-outl",1,1,2
"CRPS","GDPC1","5/3","GP","sv","fou3","b","post2020-outl",1,1,2
"CRPS","GDPC1","5/3","GP","sv","fou3","f","post2020-outl",1,1,2
"CRPS","GDPC1","5/3","MFVAR","hom","blu","s","post2020-outl",0,0,0
"CRPS","GDPC1","5/3","MFVAR","hom","blu","f","post2020-outl",0,1,1
"CRPS","GDPC1","5/3","MFVAR","sv","blu","s","post2020-outl",1,1,2
"CRPS","GDPC1","5/3","MFVAR","sv","blu","f","post2020-outl",1,1,2
"CRPS","GDPCTPI","5/3","BLR","hom","blu","s","post2020-outl",0,0,0
"CRPS","GDPCTPI","5/3","BLR","hom","blu","b","post2020-outl",0,0,0
"CRPS","GDPCTPI","5/3","BLR","hom","blu","f","post2020-outl",0,0,0
"CRPS","GDPCTPI","5/3","BLR","hom","svd","s","post2020-outl",0,1,1
"CRPS","GDPCTPI","5/3","BLR","hom","svd","b","post2020-outl",0,1,1
"CRPS","GDPCTPI","5/3","BLR","hom","svd","f","post2020-outl",0,1,1
"CRPS","GDPCTPI","5/3","BLR","hom","br","s","post2020-outl",0,0,0
"CRPS","GDPCTPI","5/3","BLR","hom","br","b","post2020-outl",0,0,0
"CRPS","GDPCTPI","5/3","BLR","hom","br","f","post2020-outl",0,0,0
"CRPS","GDPCTPI","5/3","BLR","hom","eq","s","post2020-outl",1,1,2
"CRPS","GDPCTPI","5/3","BLR","hom","eq","b","post2020-outl",0,0,0
"CRPS","GDPCTPI","5/3","BLR","hom","eq","f","post2020-outl",0,0,0
"CRPS","GDPCTPI","5/3","BLR","hom","xalm","s","post2020-outl",0,1,1
"CRPS","GDPCTPI","5/3","BLR","hom","xalm","b","post2020-outl",0,0,0
"CRPS","GDPCTPI","5/3","BLR","hom","xalm","f","post2020-outl",0,0,0
"CRPS","GDPCTPI","5/3","BLR","hom","alm3","s","post2020-outl",0,0,0
"CRPS","GDPCTPI","5/3","BLR","hom","alm3","b","post2020-outl",0,0,0
"CRPS","GDPCTPI","5/3","BLR","hom","alm3","f","post2020-outl",0,0,0
"CRPS","GDPCTPI","5/3","BLR","hom","leg3","s","post2020-outl",0,0,0
"CRPS","GDPCTPI","5/3","BLR","hom","leg3","b","post2020-outl",0,0,0
"CRPS","GDPCTPI","5/3","BLR","hom","leg3","f","post2020-outl",0,0,0
"CRPS","GDPCTPI","5/3","BLR","hom","leg5","s","post2020-outl",0,0,0
"CRPS","GDPCTPI","5/3","BLR","hom","leg5","b","post2020-outl",0,0,0
"CRPS","GDPCTPI","5/3","BLR","hom","leg5","f","post2020-outl",0,0,0
"CRPS","GDPCTPI","5/3","BLR","hom","ber3","s","post2020-outl",0,1,1
"CRPS","GDPCTPI","5/3","BLR","hom","ber3","b","post2020-outl",0,0,0
"CRPS","GDPCTPI","5/3","BLR","hom","ber3","f","post2020-outl",0,0,0
"CRPS","GDPCTPI","5/3","BLR","hom","ber5","s","post2020-outl",0,0,0
"CRPS","GDPCTPI","5/3","BLR","hom","ber5","b","post2020-outl",0,0,0
"CRPS","GDPCTPI","5/3","BLR","hom","ber5","f","post2020-outl",0,0,0
"CRPS","GDPCTPI","5/3","BLR","hom","fou3","s","post2020-outl",0,0,0
"CRPS","GDPCTPI","5/3","BLR","hom","fou3","b","post2020-outl",0,0,0
"CRPS","GDPCTPI","5/3","BLR","hom","fou3","f","post2020-outl",0,0,0
"CRPS","GDPCTPI","5/3","BART","hom","blu","s","post2020-outl",0,1,1
"CRPS","GDPCTPI","5/3","BART","hom","blu","b","post2020-outl",1,1,2
"CRPS","GDPCTPI","5/3","BART","hom","blu","f","post2020-outl",0,0,0
"CRPS","GDPCTPI","5/3","BART","hom","svd","s","post2020-outl",0,1,1
"CRPS","GDPCTPI","5/3","BART","hom","svd","b","post2020-outl",1,1,2
"CRPS","GDPCTPI","5/3","BART","hom","svd","f","post2020-outl",0,1,1
"CRPS","GDPCTPI","5/3","BART","hom","br","s","post2020-outl",0,0,0
"CRPS","GDPCTPI","5/3","BART","hom","br","b","post2020-outl",0,0,0
"CRPS","GDPCTPI","5/3","BART","hom","br","f","post2020-outl",0,0,0
"CRPS","GDPCTPI","5/3","BART","hom","eq","s","post2020-outl",0,1,1
"CRPS","GDPCTPI","5/3","BART","hom","eq","b","post2020-outl",0,0,0
"CRPS","GDPCTPI","5/3","BART","hom","eq","f","post2020-outl",1,1,2
"CRPS","GDPCTPI","5/3","BART","hom","xalm","s","post2020-outl",0,1,1
"CRPS","GDPCTPI","5/3","BART","hom","xalm","b","post2020-outl",0,0,0
"CRPS","GDPCTPI","5/3","BART","hom","xalm","f","post2020-outl",1,1,2
"CRPS","GDPCTPI","5/3","BART","hom","alm3","s","post2020-outl",0,1,1
"CRPS","GDPCTPI","5/3","BART","hom","alm3","b","post2020-outl",0,0,0
"CRPS","GDPCTPI","5/3","BART","hom","alm3","f","post2020-outl",0,0,0
"CRPS","GDPCTPI","5/3","BART","hom","leg3","s","post2020-outl",0,1,1
"CRPS","GDPCTPI","5/3","BART","hom","leg3","b","post2020-outl",0,1,1
"CRPS","GDPCTPI","5/3","BART","hom","leg3","f","post2020-outl",0,0,0
"CRPS","GDPCTPI","5/3","BART","hom","leg5","s","post2020-outl",0,1,1
"CRPS","GDPCTPI","5/3","BART","hom","leg5","b","post2020-outl",0,1,1
"CRPS","GDPCTPI","5/3","BART","hom","leg5","f","post2020-outl",0,0,0
"CRPS","GDPCTPI","5/3","BART","hom","ber3","s","post2020-outl",0,0,0
"CRPS","GDPCTPI","5/3","BART","hom","ber3","b","post2020-outl",0,0,0
"CRPS","GDPCTPI","5/3","BART","hom","ber3","f","post2020-outl",0,0,0
"CRPS","GDPCTPI","5/3","BART","hom","ber5","s","post2020-outl",0,0,0
"CRPS","GDPCTPI","5/3","BART","hom","ber5","b","post2020-outl",0,0,0
"CRPS","GDPCTPI","5/3","BART","hom","ber5","f","post2020-outl",0,0,0
"CRPS","GDPCTPI","5/3","BART","hom","fou3","s","post2020-outl",0,0,0
"CRPS","GDPCTPI","5/3","BART","hom","fou3","b","post2020-outl",0,0,0
"CRPS","GDPCTPI","5/3","BART","hom","fou3","f","post2020-outl",0,1,1
"CRPS","GDPCTPI","5/3","GP","hom","blu","s","post2020-outl",0,0,0
"CRPS","GDPCTPI","5/3","GP","hom","blu","b","post2020-outl",0,0,0
"CRPS","GDPCTPI","5/3","GP","hom","blu","f","post2020-outl",0,0,0
"CRPS","GDPCTPI","5/3","GP","hom","svd","s","post2020-outl",1,1,2
"CRPS","GDPCTPI","5/3","GP","hom","svd","b","post2020-outl",1,1,2
"CRPS","GDPCTPI","5/3","GP","hom","svd","f","post2020-outl",0,1,1
"CRPS","GDPCTPI","5/3","GP","hom","br","s","post2020-outl",0,1,1
"CRPS","GDPCTPI","5/3","GP","hom","br","b","post2020-outl",0,0,0
"CRPS","GDPCTPI","5/3","GP","hom","br","f","post2020-outl",0,0,0
"CRPS","GDPCTPI","5/3","GP","hom","eq","s","post2020-outl",0,1,1
"CRPS","GDPCTPI","5/3","GP","hom","eq","b","post2020-outl",1,1,2
"CRPS","GDPCTPI","5/3","GP","hom","eq","f","post2020-outl",0,1,1
"CRPS","GDPCTPI","5/3","GP","hom","xalm","s","post2020-outl",1,1,2
"CRPS","GDPCTPI","5/3","GP","hom","xalm","b","post2020-outl",1,1,2
"CRPS","GDPCTPI","5/3","GP","hom","xalm","f","post2020-outl",1,1,2
"CRPS","GDPCTPI","5/3","GP","hom","alm3","s","post2020-outl",0,0,0
"CRPS","GDPCTPI","5/3","GP","hom","alm3","b","post2020-outl",0,0,0
"CRPS","GDPCTPI","5/3","GP","hom","alm3","f","post2020-outl",0,0,0
"CRPS","GDPCTPI","5/3","GP","hom","leg3","s","post2020-outl",0,0,0
"CRPS","GDPCTPI","5/3","GP","hom","leg3","b","post2020-outl",0,0,0
"CRPS","GDPCTPI","5/3","GP","hom","leg3","f","post2020-outl",0,0,0
"CRPS","GDPCTPI","5/3","GP","hom","leg5","s","post2020-outl",0,0,0
"CRPS","GDPCTPI","5/3","GP","hom","leg5","b","post2020-outl",0,0,0
"CRPS","GDPCTPI","5/3","GP","hom","leg5","f","post2020-outl",0,0,0
"CRPS","GDPCTPI","5/3","GP","hom","ber3","s","post2020-outl",0,0,0
"CRPS","GDPCTPI","5/3","GP","hom","ber3","b","post2020-outl",0,0,0
"CRPS","GDPCTPI","5/3","GP","hom","ber3","f","post2020-outl",0,0,0
"CRPS","GDPCTPI","5/3","GP","hom","ber5","s","post2020-outl",0,0,0
"CRPS","GDPCTPI","5/3","GP","hom","ber5","b","post2020-outl",0,0,0
"CRPS","GDPCTPI","5/3","GP","hom","ber5","f","post2020-outl",0,0,0
"CRPS","GDPCTPI","5/3","GP","hom","fou3","s","post2020-outl",0,0,0
"CRPS","GDPCTPI","5/3","GP","hom","fou3","b","post2020-outl",0,0,0
"CRPS","GDPCTPI","5/3","GP","hom","fou3","f","post2020-outl",0,0,0
"CRPS","GDPCTPI","5/3","BLR","sv","blu","s","post2020-outl",1,1,2
"CRPS","GDPCTPI","5/3","BLR","sv","blu","b","post2020-outl",0,0,0
"CRPS","GDPCTPI","5/3","BLR","sv","blu","f","post2020-outl",1,1,2
"CRPS","GDPCTPI","5/3","BLR","sv","svd","s","post2020-outl",1,1,2
"CRPS","GDPCTPI","5/3","BLR","sv","svd","b","post2020-outl",1,1,2
"CRPS","GDPCTPI","5/3","BLR","sv","svd","f","post2020-outl",1,1,2
"CRPS","GDPCTPI","5/3","BLR","sv","br","s","post2020-outl",1,1,2
"CRPS","GDPCTPI","5/3","BLR","sv","br","b","post2020-outl",1,1,2
"CRPS","GDPCTPI","5/3","BLR","sv","br","f","post2020-outl",1,1,2
"CRPS","GDPCTPI","5/3","BLR","sv","eq","s","post2020-outl",1,1,2
"CRPS","GDPCTPI","5/3","BLR","sv","eq","b","post2020-outl",0,0,0
"CRPS","GDPCTPI","5/3","BLR","sv","eq","f","post2020-outl",1,1,2
"CRPS","GDPCTPI","5/3","BLR","sv","xalm","s","post2020-outl",1,1,2
"CRPS","GDPCTPI","5/3","BLR","sv","xalm","b","post2020-outl",0,1,1
"CRPS","GDPCTPI","5/3","BLR","sv","xalm","f","post2020-outl",1,1,2
"CRPS","GDPCTPI","5/3","BLR","sv","alm3","s","post2020-outl",1,1,2
"CRPS","GDPCTPI","5/3","BLR","sv","alm3","b","post2020-outl",0,0,0
"CRPS","GDPCTPI","5/3","BLR","sv","alm3","f","post2020-outl",0,0,0
"CRPS","GDPCTPI","5/3","BLR","sv","leg3","s","post2020-outl",1,1,2
"CRPS","GDPCTPI","5/3","BLR","sv","leg3","b","post2020-outl",0,0,0
"CRPS","GDPCTPI","5/3","BLR","sv","leg3","f","post2020-outl",0,0,0
"CRPS","GDPCTPI","5/3","BLR","sv","leg5","s","post2020-outl",1,1,2
"CRPS","GDPCTPI","5/3","BLR","sv","leg5","b","post2020-outl",0,0,0
"CRPS","GDPCTPI","5/3","BLR","sv","leg5","f","post2020-outl",0,0,0
"CRPS","GDPCTPI","5/3","BLR","sv","ber3","s","post2020-outl",1,1,2
"CRPS","GDPCTPI","5/3","BLR","sv","ber3","b","post2020-outl",0,0,0
"CRPS","GDPCTPI","5/3","BLR","sv","ber3","f","post2020-outl",1,1,2
"CRPS","GDPCTPI","5/3","BLR","sv","ber5","s","post2020-outl",1,1,2
"CRPS","GDPCTPI","5/3","BLR","sv","ber5","b","post2020-outl",0,0,0
"CRPS","GDPCTPI","5/3","BLR","sv","ber5","f","post2020-outl",1,1,2
"CRPS","GDPCTPI","5/3","BLR","sv","fou3","s","post2020-outl",1,1,2
"CRPS","GDPCTPI","5/3","BLR","sv","fou3","b","post2020-outl",0,0,0
"CRPS","GDPCTPI","5/3","BLR","sv","fou3","f","post2020-outl",0,1,1
"CRPS","GDPCTPI","5/3","BART","sv","blu","s","post2020-outl",1,1,2
"CRPS","GDPCTPI","5/3","BART","sv","blu","b","post2020-outl",0,1,1
"CRPS","GDPCTPI","5/3","BART","sv","blu","f","post2020-outl",1,1,2
"CRPS","GDPCTPI","5/3","BART","sv","svd","s","post2020-outl",1,1,2
"CRPS","GDPCTPI","5/3","BART","sv","svd","b","post2020-outl",1,1,2
"CRPS","GDPCTPI","5/3","BART","sv","svd","f","post2020-outl",0,1,1
"CRPS","GDPCTPI","5/3","BART","sv","br","s","post2020-outl",0,1,1
"CRPS","GDPCTPI","5/3","BART","sv","br","b","post2020-outl",0,0,0
"CRPS","GDPCTPI","5/3","BART","sv","br","f","post2020-outl",1,1,2
"CRPS","GDPCTPI","5/3","BART","sv","eq","s","post2020-outl",1,1,2
"CRPS","GDPCTPI","5/3","BART","sv","eq","b","post2020-outl",0,0,0
"CRPS","GDPCTPI","5/3","BART","sv","eq","f","post2020-outl",1,1,2
"CRPS","GDPCTPI","5/3","BART","sv","xalm","s","post2020-outl",1,1,2
"CRPS","GDPCTPI","5/3","BART","sv","xalm","b","post2020-outl",0,0,0
"CRPS","GDPCTPI","5/3","BART","sv","xalm","f","post2020-outl",1,1,2
"CRPS","GDPCTPI","5/3","BART","sv","alm3","s","post2020-outl",0,1,1
"CRPS","GDPCTPI","5/3","BART","sv","alm3","b","post2020-outl",0,0,0
"CRPS","GDPCTPI","5/3","BART","sv","alm3","f","post2020-outl",0,1,1
"CRPS","GDPCTPI","5/3","BART","sv","leg3","s","post2020-outl",1,1,2
"CRPS","GDPCTPI","5/3","BART","sv","leg3","b","post2020-outl",1,1,2
"CRPS","GDPCTPI","5/3","BART","sv","leg3","f","post2020-outl",0,0,0
"CRPS","GDPCTPI","5/3","BART","sv","leg5","s","post2020-outl",0,0,0
"CRPS","GDPCTPI","5/3","BART","sv","leg5","b","post2020-outl",1,1,2
"CRPS","GDPCTPI","5/3","BART","sv","leg5","f","post2020-outl",0,1,1
"CRPS","GDPCTPI","5/3","BART","sv","ber3","s","post2020-outl",0,0,0
"CRPS","GDPCTPI","5/3","BART","sv","ber3","b","post2020-outl",0,0,0
"CRPS","GDPCTPI","5/3","BART","sv","ber3","f","post2020-outl",1,1,2
"CRPS","GDPCTPI","5/3","BART","sv","ber5","s","post2020-outl",0,0,0
"CRPS","GDPCTPI","5/3","BART","sv","ber5","b","post2020-outl",0,0,0
"CRPS","GDPCTPI","5/3","BART","sv","ber5","f","post2020-outl",1,1,2
"CRPS","GDPCTPI","5/3","BART","sv","fou3","s","post2020-outl",0,0,0
"CRPS","GDPCTPI","5/3","BART","sv","fou3","b","post2020-outl",0,0,0
"CRPS","GDPCTPI","5/3","BART","sv","fou3","f","post2020-outl",1,1,2
"CRPS","GDPCTPI","5/3","GP","sv","blu","s","post2020-outl",1,1,2
"CRPS","GDPCTPI","5/3","GP","sv","blu","b","post2020-outl",1,1,2
"CRPS","GDPCTPI","5/3","GP","sv","blu","f","post2020-outl",1,1,2
"CRPS","GDPCTPI","5/3","GP","sv","svd","s","post2020-outl",1,1,2
"CRPS","GDPCTPI","5/3","GP","sv","svd","b","post2020-outl",1,1,2
"CRPS","GDPCTPI","5/3","GP","sv","svd","f","post2020-outl",1,1,2
"CRPS","GDPCTPI","5/3","GP","sv","br","s","post2020-outl",1,1,2
"CRPS","GDPCTPI","5/3","GP","sv","br","b","post2020-outl",0,0,0
"CRPS","GDPCTPI","5/3","GP","sv","br","f","post2020-outl",1,1,2
"CRPS","GDPCTPI","5/3","GP","sv","eq","s","post2020-outl",1,1,2
"CRPS","GDPCTPI","5/3","GP","sv","eq","b","post2020-outl",1,1,2
"CRPS","GDPCTPI","5/3","GP","sv","eq","f","post2020-outl",1,1,2
"CRPS","GDPCTPI","5/3","GP","sv","xalm","s","post2020-outl",1,1,2
"CRPS","GDPCTPI","5/3","GP","sv","xalm","b","post2020-outl",1,1,2
"CRPS","GDPCTPI","5/3","GP","sv","xalm","f","post2020-outl",1,1,2
"CRPS","GDPCTPI","5/3","GP","sv","alm3","s","post2020-outl",0,1,1
"CRPS","GDPCTPI","5/3","GP","sv","alm3","b","post2020-outl",0,0,0
"CRPS","GDPCTPI","5/3","GP","sv","alm3","f","post2020-outl",0,0,0
"CRPS","GDPCTPI","5/3","GP","sv","leg3","s","post2020-outl",0,1,1
"CRPS","GDPCTPI","5/3","GP","sv","leg3","b","post2020-outl",0,0,0
"CRPS","GDPCTPI","5/3","GP","sv","leg3","f","post2020-outl",0,1,1
"CRPS","GDPCTPI","5/3","GP","sv","leg5","s","post2020-outl",0,0,0
"CRPS","GDPCTPI","5/3","GP","sv","leg5","b","post2020-outl",1,1,2
"CRPS","GDPCTPI","5/3","GP","sv","leg5","f","post2020-outl",0,1,1
"CRPS","GDPCTPI","5/3","GP","sv","ber3","s","post2020-outl",1,1,2
"CRPS","GDPCTPI","5/3","GP","sv","ber3","b","post2020-outl",0,0,0
"CRPS","GDPCTPI","5/3","GP","sv","ber3","f","post2020-outl",0,0,0
"CRPS","GDPCTPI","5/3","GP","sv","ber5","s","post2020-outl",1,1,2
"CRPS","GDPCTPI","5/3","GP","sv","ber5","b","post2020-outl",0,0,0
"CRPS","GDPCTPI","5/3","GP","sv","ber5","f","post2020-outl",0,0,0
"CRPS","GDPCTPI","5/3","GP","sv","fou3","s","post2020-outl",0,1,1
"CRPS","GDPCTPI","5/3","GP","sv","fou3","b","post2020-outl",0,0,0
"CRPS","GDPCTPI","5/3","GP","sv","fou3","f","post2020-outl",0,0,0
"CRPS","GDPCTPI","5/3","MFVAR","hom","blu","s","post2020-outl",0,0,0
"CRPS","GDPCTPI","5/3","MFVAR","hom","blu","f","post2020-outl",0,0,0
"CRPS","GDPCTPI","5/3","MFVAR","sv","blu","s","post2020-outl",1,1,2
"CRPS","GDPCTPI","5/3","MFVAR","sv","blu","f","post2020-outl",0,0,0
"CRPS","GDPC1","4/3","BLR","hom","blu","s","post2020-outl",0,1,1
"CRPS","GDPC1","4/3","BLR","hom","blu","b","post2020-outl",0,0,0
"CRPS","GDPC1","4/3","BLR","hom","blu","f","post2020-outl",1,1,2
"CRPS","GDPC1","4/3","BLR","hom","svd","s","post2020-outl",1,1,2
"CRPS","GDPC1","4/3","BLR","hom","svd","b","post2020-outl",0,0,0
"CRPS","GDPC1","4/3","BLR","hom","svd","f","post2020-outl",0,0,0
"CRPS","GDPC1","4/3","BLR","hom","br","s","post2020-outl",0,1,1
"CRPS","GDPC1","4/3","BLR","hom","br","b","post2020-outl",1,1,2
"CRPS","GDPC1","4/3","BLR","hom","br","f","post2020-outl",0,1,1
"CRPS","GDPC1","4/3","BLR","hom","eq","s","post2020-outl",1,1,2
"CRPS","GDPC1","4/3","BLR","hom","eq","b","post2020-outl",1,1,2
"CRPS","GDPC1","4/3","BLR","hom","eq","f","post2020-outl",0,0,0
"CRPS","GDPC1","4/3","BLR","hom","xalm","s","post2020-outl",1,1,2
"CRPS","GDPC1","4/3","BLR","hom","xalm","b","post2020-outl",1,1,2
"CRPS","GDPC1","4/3","BLR","hom","xalm","f","post2020-outl",1,1,2
"CRPS","GDPC1","4/3","BLR","hom","alm3","s","post2020-outl",1,1,2
"CRPS","GDPC1","4/3","BLR","hom","alm3","b","post2020-outl",1,1,2
"CRPS","GDPC1","4/3","BLR","hom","alm3","f","post2020-outl",1,1,2
"CRPS","GDPC1","4/3","BLR","hom","leg3","s","post2020-outl",1,1,2
"CRPS","GDPC1","4/3","BLR","hom","leg3","b","post2020-outl",1,1,2
"CRPS","GDPC1","4/3","BLR","hom","leg3","f","post2020-outl",0,1,1
"CRPS","GDPC1","4/3","BLR","hom","leg5","s","post2020-outl",1,1,2
"CRPS","GDPC1","4/3","BLR","hom","leg5","b","post2020-outl",0,0,0
"CRPS","GDPC1","4/3","BLR","hom","leg5","f","post2020-outl",1,1,2
"CRPS","GDPC1","4/3","BLR","hom","ber3","s","post2020-outl",1,1,2
"CRPS","GDPC1","4/3","BLR","hom","ber3","b","post2020-outl",1,1,2
"CRPS","GDPC1","4/3","BLR","hom","ber3","f","post2020-outl",1,1,2
"CRPS","GDPC1","4/3","BLR","hom","ber5","s","post2020-outl",1,1,2
"CRPS","GDPC1","4/3","BLR","hom","ber5","b","post2020-outl",1,1,2
"CRPS","GDPC1","4/3","BLR","hom","ber5","f","post2020-outl",0,0,0
"CRPS","GDPC1","4/3","BLR","hom","fou3","s","post2020-outl",1,1,2
"CRPS","GDPC1","4/3","BLR","hom","fou3","b","post2020-outl",1,1,2
"CRPS","GDPC1","4/3","BLR","hom","fou3","f","post2020-outl",1,1,2
"CRPS","GDPC1","4/3","BART","hom","blu","s","post2020-outl",0,1,1
"CRPS","GDPC1","4/3","BART","hom","blu","b","post2020-outl",0,0,0
"CRPS","GDPC1","4/3","BART","hom","blu","f","post2020-outl",1,1,2
"CRPS","GDPC1","4/3","BART","hom","svd","s","post2020-outl",0,0,0
"CRPS","GDPC1","4/3","BART","hom","svd","b","post2020-outl",0,0,0
"CRPS","GDPC1","4/3","BART","hom","svd","f","post2020-outl",1,1,2
"CRPS","GDPC1","4/3","BART","hom","br","s","post2020-outl",1,1,2
"CRPS","GDPC1","4/3","BART","hom","br","b","post2020-outl",0,1,1
"CRPS","GDPC1","4/3","BART","hom","br","f","post2020-outl",0,0,0
"CRPS","GDPC1","4/3","BART","hom","eq","s","post2020-outl",0,0,0
"CRPS","GDPC1","4/3","BART","hom","eq","b","post2020-outl",1,1,2
"CRPS","GDPC1","4/3","BART","hom","eq","f","post2020-outl",1,1,2
"CRPS","GDPC1","4/3","BART","hom","xalm","s","post2020-outl",1,1,2
"CRPS","GDPC1","4/3","BART","hom","xalm","b","post2020-outl",0,0,0
"CRPS","GDPC1","4/3","BART","hom","xalm","f","post2020-outl",1,1,2
"CRPS","GDPC1","4/3","BART","hom","alm3","s","post2020-outl",0,0,0
"CRPS","GDPC1","4/3","BART","hom","alm3","b","post2020-outl",0,0,0
"CRPS","GDPC1","4/3","BART","hom","alm3","f","post2020-outl",1,1,2
"CRPS","GDPC1","4/3","BART","hom","leg3","s","post2020-outl",1,1,2
"CRPS","GDPC1","4/3","BART","hom","leg3","b","post2020-outl",1,1,2
"CRPS","GDPC1","4/3","BART","hom","leg3","f","post2020-outl",1,1,2
"CRPS","GDPC1","4/3","BART","hom","leg5","s","post2020-outl",1,1,2
"CRPS","GDPC1","4/3","BART","hom","leg5","b","post2020-outl",1,1,2
"CRPS","GDPC1","4/3","BART","hom","leg5","f","post2020-outl",1,1,2
"CRPS","GDPC1","4/3","BART","hom","ber3","s","post2020-outl",0,0,0
"CRPS","GDPC1","4/3","BART","hom","ber3","b","post2020-outl",1,1,2
"CRPS","GDPC1","4/3","BART","hom","ber3","f","post2020-outl",1,1,2
"CRPS","GDPC1","4/3","BART","hom","ber5","s","post2020-outl",0,0,0
"CRPS","GDPC1","4/3","BART","hom","ber5","b","post2020-outl",1,1,2
"CRPS","GDPC1","4/3","BART","hom","ber5","f","post2020-outl",0,0,0
"CRPS","GDPC1","4/3","BART","hom","fou3","s","post2020-outl",0,0,0
"CRPS","GDPC1","4/3","BART","hom","fou3","b","post2020-outl",0,0,0
"CRPS","GDPC1","4/3","BART","hom","fou3","f","post2020-outl",0,1,1
"CRPS","GDPC1","4/3","GP","hom","blu","s","post2020-outl",1,1,2
"CRPS","GDPC1","4/3","GP","hom","blu","b","post2020-outl",1,1,2
"CRPS","GDPC1","4/3","GP","hom","blu","f","post2020-outl",1,1,2
"CRPS","GDPC1","4/3","GP","hom","svd","s","post2020-outl",0,1,1
"CRPS","GDPC1","4/3","GP","hom","svd","b","post2020-outl",1,1,2
"CRPS","GDPC1","4/3","GP","hom","svd","f","post2020-outl",0,0,0
"CRPS","GDPC1","4/3","GP","hom","br","s","post2020-outl",1,1,2
"CRPS","GDPC1","4/3","GP","hom","br","b","post2020-outl",1,1,2
"CRPS","GDPC1","4/3","GP","hom","br","f","post2020-outl",1,1,2
"CRPS","GDPC1","4/3","GP","hom","eq","s","post2020-outl",1,1,2
"CRPS","GDPC1","4/3","GP","hom","eq","b","post2020-outl",1,1,2
"CRPS","GDPC1","4/3","GP","hom","eq","f","post2020-outl",0,0,0
"CRPS","GDPC1","4/3","GP","hom","xalm","s","post2020-outl",1,1,2
"CRPS","GDPC1","4/3","GP","hom","xalm","b","post2020-outl",1,1,2
"CRPS","GDPC1","4/3","GP","hom","xalm","f","post2020-outl",0,1,1
"CRPS","GDPC1","4/3","GP","hom","alm3","s","post2020-outl",1,1,2
"CRPS","GDPC1","4/3","GP","hom","alm3","b","post2020-outl",1,1,2
"CRPS","GDPC1","4/3","GP","hom","alm3","f","post2020-outl",1,1,2
"CRPS","GDPC1","4/3","GP","hom","leg3","s","post2020-outl",1,1,2
"CRPS","GDPC1","4/3","GP","hom","leg3","b","post2020-outl",1,1,2
"CRPS","GDPC1","4/3","GP","hom","leg3","f","post2020-outl",1,1,2
"CRPS","GDPC1","4/3","GP","hom","leg5","s","post2020-outl",1,1,2
"CRPS","GDPC1","4/3","GP","hom","leg5","b","post2020-outl",1,1,2
"CRPS","GDPC1","4/3","GP","hom","leg5","f","post2020-outl",1,1,2
"CRPS","GDPC1","4/3","GP","hom","ber3","s","post2020-outl",1,1,2
"CRPS","GDPC1","4/3","GP","hom","ber3","b","post2020-outl",1,1,2
"CRPS","GDPC1","4/3","GP","hom","ber3","f","post2020-outl",1,1,2
"CRPS","GDPC1","4/3","GP","hom","ber5","s","post2020-outl",1,1,2
"CRPS","GDPC1","4/3","GP","hom","ber5","b","post2020-outl",1,1,2
"CRPS","GDPC1","4/3","GP","hom","ber5","f","post2020-outl",1,1,2
"CRPS","GDPC1","4/3","GP","hom","fou3","s","post2020-outl",1,1,2
"CRPS","GDPC1","4/3","GP","hom","fou3","b","post2020-outl",1,1,2
"CRPS","GDPC1","4/3","GP","hom","fou3","f","post2020-outl",1,1,2
"CRPS","GDPC1","4/3","BLR","sv","blu","s","post2020-outl",1,1,2
"CRPS","GDPC1","4/3","BLR","sv","blu","b","post2020-outl",0,0,0
"CRPS","GDPC1","4/3","BLR","sv","blu","f","post2020-outl",1,1,2
"CRPS","GDPC1","4/3","BLR","sv","svd","s","post2020-outl",1,1,2
"CRPS","GDPC1","4/3","BLR","sv","svd","b","post2020-outl",1,1,2
"CRPS","GDPC1","4/3","BLR","sv","svd","f","post2020-outl",1,1,2
"CRPS","GDPC1","4/3","BLR","sv","br","s","post2020-outl",1,1,2
"CRPS","GDPC1","4/3","BLR","sv","br","b","post2020-outl",0,1,1
"CRPS","GDPC1","4/3","BLR","sv","br","f","post2020-outl",1,1,2
"CRPS","GDPC1","4/3","BLR","sv","eq","s","post2020-outl",1,1,2
"CRPS","GDPC1","4/3","BLR","sv","eq","b","post2020-outl",1,1,2
"CRPS","GDPC1","4/3","BLR","sv","eq","f","post2020-outl",0,1,1
"CRPS","GDPC1","4/3","BLR","sv","xalm","s","post2020-outl",1,1,2
"CRPS","GDPC1","4/3","BLR","sv","xalm","b","post2020-outl",1,1,2
"CRPS","GDPC1","4/3","BLR","sv","xalm","f","post2020-outl",1,1,2
"CRPS","GDPC1","4/3","BLR","sv","alm3","s","post2020-outl",1,1,2
"CRPS","GDPC1","4/3","BLR","sv","alm3","b","post2020-outl",0,0,0
"CRPS","GDPC1","4/3","BLR","sv","alm3","f","post2020-outl",1,1,2
"CRPS","GDPC1","4/3","BLR","sv","leg3","s","post2020-outl",1,1,2
"CRPS","GDPC1","4/3","BLR","sv","leg3","b","post2020-outl",0,1,1
"CRPS","GDPC1","4/3","BLR","sv","leg3","f","post2020-outl",0,1,1
"CRPS","GDPC1","4/3","BLR","sv","leg5","s","post2020-outl",1,1,2
"CRPS","GDPC1","4/3","BLR","sv","leg5","b","post2020-outl",0,0,0
"CRPS","GDPC1","4/3","BLR","sv","leg5","f","post2020-outl",1,1,2
"CRPS","GDPC1","4/3","BLR","sv","ber3","s","post2020-outl",1,1,2
"CRPS","GDPC1","4/3","BLR","sv","ber3","b","post2020-outl",0,0,0
"CRPS","GDPC1","4/3","BLR","sv","ber3","f","post2020-outl",1,1,2
"CRPS","GDPC1","4/3","BLR","sv","ber5","s","post2020-outl",1,1,2
"CRPS","GDPC1","4/3","BLR","sv","ber5","b","post2020-outl",0,0,0
"CRPS","GDPC1","4/3","BLR","sv","ber5","f","post2020-outl",1,1,2
"CRPS","GDPC1","4/3","BLR","sv","fou3","s","post2020-outl",1,1,2
"CRPS","GDPC1","4/3","BLR","sv","fou3","b","post2020-outl",0,0,0
"CRPS","GDPC1","4/3","BLR","sv","fou3","f","post2020-outl",1,1,2
"CRPS","GDPC1","4/3","BART","sv","blu","s","post2020-outl",1,1,2
"CRPS","GDPC1","4/3","BART","sv","blu","b","post2020-outl",1,1,2
"CRPS","GDPC1","4/3","BART","sv","blu","f","post2020-outl",1,1,2
"CRPS","GDPC1","4/3","BART","sv","svd","s","post2020-outl",0,0,0
"CRPS","GDPC1","4/3","BART","sv","svd","b","post2020-outl",0,0,0
"CRPS","GDPC1","4/3","BART","sv","svd","f","post2020-outl",1,1,2
"CRPS","GDPC1","4/3","BART","sv","br","s","post2020-outl",1,1,2
"CRPS","GDPC1","4/3","BART","sv","br","b","post2020-outl",1,1,2
"CRPS","GDPC1","4/3","BART","sv","br","f","post2020-outl",1,1,2
"CRPS","GDPC1","4/3","BART","sv","eq","s","post2020-outl",0,1,1
"CRPS","GDPC1","4/3","BART","sv","eq","b","post2020-outl",1,1,2
"CRPS","GDPC1","4/3","BART","sv","eq","f","post2020-outl",0,0,0
"CRPS","GDPC1","4/3","BART","sv","xalm","s","post2020-outl",1,1,2
"CRPS","GDPC1","4/3","BART","sv","xalm","b","post2020-outl",1,1,2
"CRPS","GDPC1","4/3","BART","sv","xalm","f","post2020-outl",0,1,1
"CRPS","GDPC1","4/3","BART","sv","alm3","s","post2020-outl",1,1,2
"CRPS","GDPC1","4/3","BART","sv","alm3","b","post2020-outl",0,1,1
"CRPS","GDPC1","4/3","BART","sv","alm3","f","post2020-outl",1,1,2
"CRPS","GDPC1","4/3","BART","sv","leg3","s","post2020-outl",1,1,2
"CRPS","GDPC1","4/3","BART","sv","leg3","b","post2020-outl",1,1,2
"CRPS","GDPC1","4/3","BART","sv","leg3","f","post2020-outl",0,1,1
"CRPS","GDPC1","4/3","BART","sv","leg5","s","post2020-outl",1,1,2
"CRPS","GDPC1","4/3","BART","sv","leg5","b","post2020-outl",1,1,2
"CRPS","GDPC1","4/3","BART","sv","leg5","f","post2020-outl",1,1,2
"CRPS","GDPC1","4/3","BART","sv","ber3","s","post2020-outl",1,1,2
"CRPS","GDPC1","4/3","BART","sv","ber3","b","post2020-outl",1,1,2
"CRPS","GDPC1","4/3","BART","sv","ber3","f","post2020-outl",1,1,2
"CRPS","GDPC1","4/3","BART","sv","ber5","s","post2020-outl",1,1,2
"CRPS","GDPC1","4/3","BART","sv","ber5","b","post2020-outl",1,1,2
"CRPS","GDPC1","4/3","BART","sv","ber5","f","post2020-outl",1,1,2
"CRPS","GDPC1","4/3","BART","sv","fou3","s","post2020-outl",1,1,2
"CRPS","GDPC1","4/3","BART","sv","fou3","b","post2020-outl",1,1,2
"CRPS","GDPC1","4/3","BART","sv","fou3","f","post2020-outl",1,1,2
"CRPS","GDPC1","4/3","GP","sv","blu","s","post2020-outl",1,1,2
"CRPS","GDPC1","4/3","GP","sv","blu","b","post2020-outl",1,1,2
"CRPS","GDPC1","4/3","GP","sv","blu","f","post2020-outl",1,1,2
"CRPS","GDPC1","4/3","GP","sv","svd","s","post2020-outl",1,1,2
"CRPS","GDPC1","4/3","GP","sv","svd","b","post2020-outl",1,1,2
"CRPS","GDPC1","4/3","GP","sv","svd","f","post2020-outl",1,1,2
"CRPS","GDPC1","4/3","GP","sv","br","s","post2020-outl",1,1,2
"CRPS","GDPC1","4/3","GP","sv","br","b","post2020-outl",1,1,2
"CRPS","GDPC1","4/3","GP","sv","br","f","post2020-outl",1,1,2
"CRPS","GDPC1","4/3","GP","sv","eq","s","post2020-outl",1,1,2
"CRPS","GDPC1","4/3","GP","sv","eq","b","post2020-outl",1,1,2
"CRPS","GDPC1","4/3","GP","sv","eq","f","post2020-outl",0,1,1
"CRPS","GDPC1","4/3","GP","sv","xalm","s","post2020-outl",1,1,2
"CRPS","GDPC1","4/3","GP","sv","xalm","b","post2020-outl",1,1,2
"CRPS","GDPC1","4/3","GP","sv","xalm","f","post2020-outl",1,1,2
"CRPS","GDPC1","4/3","GP","sv","alm3","s","post2020-outl",1,1,2
"CRPS","GDPC1","4/3","GP","sv","alm3","b","post2020-outl",1,1,2
"CRPS","GDPC1","4/3","GP","sv","alm3","f","post2020-outl",1,1,2
"CRPS","GDPC1","4/3","GP","sv","leg3","s","post2020-outl",1,1,2
"CRPS","GDPC1","4/3","GP","sv","leg3","b","post2020-outl",1,1,2
"CRPS","GDPC1","4/3","GP","sv","leg3","f","post2020-outl",1,1,2
"CRPS","GDPC1","4/3","GP","sv","leg5","s","post2020-outl",1,1,2
"CRPS","GDPC1","4/3","GP","sv","leg5","b","post2020-outl",0,1,1
"CRPS","GDPC1","4/3","GP","sv","leg5","f","post2020-outl",1,1,2
"CRPS","GDPC1","4/3","GP","sv","ber3","s","post2020-outl",1,1,2
"CRPS","GDPC1","4/3","GP","sv","ber3","b","post2020-outl",1,1,2
"CRPS","GDPC1","4/3","GP","sv","ber3","f","post2020-outl",1,1,2
"CRPS","GDPC1","4/3","GP","sv","ber5","s","post2020-outl",1,1,2
"CRPS","GDPC1","4/3","GP","sv","ber5","b","post2020-outl",1,1,2
"CRPS","GDPC1","4/3","GP","sv","ber5","f","post2020-outl",1,1,2
"CRPS","GDPC1","4/3","GP","sv","fou3","s","post2020-outl",1,1,2
"CRPS","GDPC1","4/3","GP","sv","fou3","b","post2020-outl",1,1,2
"CRPS","GDPC1","4/3","GP","sv","fou3","f","post2020-outl",1,1,2
"CRPS","GDPC1","4/3","MFVAR","hom","blu","s","post2020-outl",0,0,0
"CRPS","GDPC1","4/3","MFVAR","hom","blu","f","post2020-outl",1,1,2
"CRPS","GDPC1","4/3","MFVAR","sv","blu","s","post2020-outl",1,1,2
"CRPS","GDPC1","4/3","MFVAR","sv","blu","f","post2020-outl",1,1,2
"CRPS","GDPCTPI","4/3","BLR","hom","blu","s","post2020-outl",0,0,0
"CRPS","GDPCTPI","4/3","BLR","hom","blu","b","post2020-outl",0,0,0
"CRPS","GDPCTPI","4/3","BLR","hom","blu","f","post2020-outl",0,0,0
"CRPS","GDPCTPI","4/3","BLR","hom","svd","s","post2020-outl",0,0,0
"CRPS","GDPCTPI","4/3","BLR","hom","svd","b","post2020-outl",0,1,1
"CRPS","GDPCTPI","4/3","BLR","hom","svd","f","post2020-outl",1,1,2
"CRPS","GDPCTPI","4/3","BLR","hom","br","s","post2020-outl",1,1,2
"CRPS","GDPCTPI","4/3","BLR","hom","br","b","post2020-outl",0,0,0
"CRPS","GDPCTPI","4/3","BLR","hom","br","f","post2020-outl",0,0,0
"CRPS","GDPCTPI","4/3","BLR","hom","eq","s","post2020-outl",0,1,1
"CRPS","GDPCTPI","4/3","BLR","hom","eq","b","post2020-outl",0,0,0
"CRPS","GDPCTPI","4/3","BLR","hom","eq","f","post2020-outl",0,0,0
"CRPS","GDPCTPI","4/3","BLR","hom","xalm","s","post2020-outl",0,1,1
"CRPS","GDPCTPI","4/3","BLR","hom","xalm","b","post2020-outl",0,0,0
"CRPS","GDPCTPI","4/3","BLR","hom","xalm","f","post2020-outl",0,0,0
"CRPS","GDPCTPI","4/3","BLR","hom","alm3","s","post2020-outl",0,0,0
"CRPS","GDPCTPI","4/3","BLR","hom","alm3","b","post2020-outl",0,0,0
"CRPS","GDPCTPI","4/3","BLR","hom","alm3","f","post2020-outl",1,1,2
"CRPS","GDPCTPI","4/3","BLR","hom","leg3","s","post2020-outl",0,0,0
"CRPS","GDPCTPI","4/3","BLR","hom","leg3","b","post2020-outl",0,0,0
"CRPS","GDPCTPI","4/3","BLR","hom","leg3","f","post2020-outl",0,0,0
"CRPS","GDPCTPI","4/3","BLR","hom","leg5","s","post2020-outl",0,0,0
"CRPS","GDPCTPI","4/3","BLR","hom","leg5","b","post2020-outl",0,0,0
"CRPS","GDPCTPI","4/3","BLR","hom","leg5","f","post2020-outl",0,0,0
"CRPS","GDPCTPI","4/3","BLR","hom","ber3","s","post2020-outl",1,1,2
"CRPS","GDPCTPI","4/3","BLR","hom","ber3","b","post2020-outl",0,0,0
"CRPS","GDPCTPI","4/3","BLR","hom","ber3","f","post2020-outl",0,1,1
"CRPS","GDPCTPI","4/3","BLR","hom","ber5","s","post2020-outl",1,1,2
"CRPS","GDPCTPI","4/3","BLR","hom","ber5","b","post2020-outl",0,0,0
"CRPS","GDPCTPI","4/3","BLR","hom","ber5","f","post2020-outl",0,1,1
"CRPS","GDPCTPI","4/3","BLR","hom","fou3","s","post2020-outl",0,1,1
"CRPS","GDPCTPI","4/3","BLR","hom","fou3","b","post2020-outl",0,0,0
"CRPS","GDPCTPI","4/3","BLR","hom","fou3","f","post2020-outl",0,1,1
"CRPS","GDPCTPI","4/3","BART","hom","blu","s","post2020-outl",0,1,1
"CRPS","GDPCTPI","4/3","BART","hom","blu","b","post2020-outl",1,1,2
"CRPS","GDPCTPI","4/3","BART","hom","blu","f","post2020-outl",0,1,1
"CRPS","GDPCTPI","4/3","BART","hom","svd","s","post2020-outl",0,1,1
"CRPS","GDPCTPI","4/3","BART","hom","svd","b","post2020-outl",1,1,2
"CRPS","GDPCTPI","4/3","BART","hom","svd","f","post2020-outl",0,1,1
"CRPS","GDPCTPI","4/3","BART","hom","br","s","post2020-outl",0,0,0
"CRPS","GDPCTPI","4/3","BART","hom","br","b","post2020-outl",0,0,0
"CRPS","GDPCTPI","4/3","BART","hom","br","f","post2020-outl",0,0,0
"CRPS","GDPCTPI","4/3","BART","hom","eq","s","post2020-outl",1,1,2
"CRPS","GDPCTPI","4/3","BART","hom","eq","b","post2020-outl",0,1,1
"CRPS","GDPCTPI","4/3","BART","hom","eq","f","post2020-outl",1,1,2
"CRPS","GDPCTPI","4/3","BART","hom","xalm","s","post2020-outl",0,1,1
"CRPS","GDPCTPI","4/3","BART","hom","xalm","b","post2020-outl",0,0,0
"CRPS","GDPCTPI","4/3","BART","hom","xalm","f","post2020-outl",1,1,2
"CRPS","GDPCTPI","4/3","BART","hom","alm3","s","post2020-outl",0,1,1
"CRPS","GDPCTPI","4/3","BART","hom","alm3","b","post2020-outl",0,0,0
"CRPS","GDPCTPI","4/3","BART","hom","alm3","f","post2020-outl",0,0,0
"CRPS","GDPCTPI","4/3","BART","hom","leg3","s","post2020-outl",0,1,1
"CRPS","GDPCTPI","4/3","BART","hom","leg3","b","post2020-outl",1,1,2
"CRPS","GDPCTPI","4/3","BART","hom","leg3","f","post2020-outl",0,1,1
"CRPS","GDPCTPI","4/3","BART","hom","leg5","s","post2020-outl",1,1,2
"CRPS","GDPCTPI","4/3","BART","hom","leg5","b","post2020-outl",1,1,2
"CRPS","GDPCTPI","4/3","BART","hom","leg5","f","post2020-outl",1,1,2
"CRPS","GDPCTPI","4/3","BART","hom","ber3","s","post2020-outl",0,0,0
"CRPS","GDPCTPI","4/3","BART","hom","ber3","b","post2020-outl",0,0,0
"CRPS","GDPCTPI","4/3","BART","hom","ber3","f","post2020-outl",0,1,1
"CRPS","GDPCTPI","4/3","BART","hom","ber5","s","post2020-outl",0,0,0
"CRPS","GDPCTPI","4/3","BART","hom","ber5","b","post2020-outl",0,0,0
"CRPS","GDPCTPI","4/3","BART","hom","ber5","f","post2020-outl",1,1,2
"CRPS","GDPCTPI","4/3","BART","hom","fou3","s","post2020-outl",0,0,0
"CRPS","GDPCTPI","4/3","BART","hom","fou3","b","post2020-outl",0,1,1
"CRPS","GDPCTPI","4/3","BART","hom","fou3","f","post2020-outl",1,1,2
"CRPS","GDPCTPI","4/3","GP","hom","blu","s","post2020-outl",0,0,0
"CRPS","GDPCTPI","4/3","GP","hom","blu","b","post2020-outl",0,0,0
"CRPS","GDPCTPI","4/3","GP","hom","blu","f","post2020-outl",0,1,1
"CRPS","GDPCTPI","4/3","GP","hom","svd","s","post2020-outl",1,1,2
"CRPS","GDPCTPI","4/3","GP","hom","svd","b","post2020-outl",1,1,2
"CRPS","GDPCTPI","4/3","GP","hom","svd","f","post2020-outl",1,1,2
"CRPS","GDPCTPI","4/3","GP","hom","br","s","post2020-outl",0,1,1
"CRPS","GDPCTPI","4/3","GP","hom","br","b","post2020-outl",0,0,0
"CRPS","GDPCTPI","4/3","GP","hom","br","f","post2020-outl",0,0,0
"CRPS","GDPCTPI","4/3","GP","hom","eq","s","post2020-outl",0,1,1
"CRPS","GDPCTPI","4/3","GP","hom","eq","b","post2020-outl",1,1,2
"CRPS","GDPCTPI","4/3","GP","hom","eq","f","post2020-outl",0,0,0
"CRPS","GDPCTPI","4/3","GP","hom","xalm","s","post2020-outl",1,1,2
"CRPS","GDPCTPI","4/3","GP","hom","xalm","b","post2020-outl",1,1,2
"CRPS","GDPCTPI","4/3","GP","hom","xalm","f","post2020-outl",1,1,2
"CRPS","GDPCTPI","4/3","GP","hom","alm3","s","post2020-outl",0,0,0
"CRPS","GDPCTPI","4/3","GP","hom","alm3","b","post2020-outl",0,0,0
"CRPS","GDPCTPI","4/3","GP","hom","alm3","f","post2020-outl",0,0,0
"CRPS","GDPCTPI","4/3","GP","hom","leg3","s","post2020-outl",0,0,0
"CRPS","GDPCTPI","4/3","GP","hom","leg3","b","post2020-outl",0,0,0
"CRPS","GDPCTPI","4/3","GP","hom","leg3","f","post2020-outl",0,0,0
"CRPS","GDPCTPI","4/3","GP","hom","leg5","s","post2020-outl",0,0,0
"CRPS","GDPCTPI","4/3","GP","hom","leg5","b","post2020-outl",0,0,0
"CRPS","GDPCTPI","4/3","GP","hom","leg5","f","post2020-outl",0,0,0
"CRPS","GDPCTPI","4/3","GP","hom","ber3","s","post2020-outl",0,0,0
"CRPS","GDPCTPI","4/3","GP","hom","ber3","b","post2020-outl",0,0,0
"CRPS","GDPCTPI","4/3","GP","hom","ber3","f","post2020-outl",0,0,0
"CRPS","GDPCTPI","4/3","GP","hom","ber5","s","post2020-outl",0,0,0
"CRPS","GDPCTPI","4/3","GP","hom","ber5","b","post2020-outl",0,0,0
"CRPS","GDPCTPI","4/3","GP","hom","ber5","f","post2020-outl",0,0,0
"CRPS","GDPCTPI","4/3","GP","hom","fou3","s","post2020-outl",0,0,0
"CRPS","GDPCTPI","4/3","GP","hom","fou3","b","post2020-outl",0,0,0
"CRPS","GDPCTPI","4/3","GP","hom","fou3","f","post2020-outl",0,0,0
"CRPS","GDPCTPI","4/3","BLR","sv","blu","s","post2020-outl",1,1,2
"CRPS","GDPCTPI","4/3","BLR","sv","blu","b","post2020-outl",0,0,0
"CRPS","GDPCTPI","4/3","BLR","sv","blu","f","post2020-outl",1,1,2
"CRPS","GDPCTPI","4/3","BLR","sv","svd","s","post2020-outl",1,1,2
"CRPS","GDPCTPI","4/3","BLR","sv","svd","b","post2020-outl",1,1,2
"CRPS","GDPCTPI","4/3","BLR","sv","svd","f","post2020-outl",1,1,2
"CRPS","GDPCTPI","4/3","BLR","sv","br","s","post2020-outl",1,1,2
"CRPS","GDPCTPI","4/3","BLR","sv","br","b","post2020-outl",1,1,2
"CRPS","GDPCTPI","4/3","BLR","sv","br","f","post2020-outl",1,1,2
"CRPS","GDPCTPI","4/3","BLR","sv","eq","s","post2020-outl",1,1,2
"CRPS","GDPCTPI","4/3","BLR","sv","eq","b","post2020-outl",1,1,2
"CRPS","GDPCTPI","4/3","BLR","sv","eq","f","post2020-outl",1,1,2
"CRPS","GDPCTPI","4/3","BLR","sv","xalm","s","post2020-outl",1,1,2
"CRPS","GDPCTPI","4/3","BLR","sv","xalm","b","post2020-outl",1,1,2
"CRPS","GDPCTPI","4/3","BLR","sv","xalm","f","post2020-outl",1,1,2
"CRPS","GDPCTPI","4/3","BLR","sv","alm3","s","post2020-outl",1,1,2
"CRPS","GDPCTPI","4/3","BLR","sv","alm3","b","post2020-outl",0,1,1
"CRPS","GDPCTPI","4/3","BLR","sv","alm3","f","post2020-outl",1,1,2
"CRPS","GDPCTPI","4/3","BLR","sv","leg3","s","post2020-outl",1,1,2
"CRPS","GDPCTPI","4/3","BLR","sv","leg3","b","post2020-outl",0,1,1
"CRPS","GDPCTPI","4/3","BLR","sv","leg3","f","post2020-outl",1,1,2
"CRPS","GDPCTPI","4/3","BLR","sv","leg5","s","post2020-outl",1,1,2
"CRPS","GDPCTPI","4/3","BLR","sv","leg5","b","post2020-outl",0,0,0
"CRPS","GDPCTPI","4/3","BLR","sv","leg5","f","post2020-outl",1,1,2
"CRPS","GDPCTPI","4/3","BLR","sv","ber3","s","post2020-outl",1,1,2
"CRPS","GDPCTPI","4/3","BLR","sv","ber3","b","post2020-outl",0,0,0
"CRPS","GDPCTPI","4/3","BLR","sv","ber3","f","post2020-outl",1,1,2
"CRPS","GDPCTPI","4/3","BLR","sv","ber5","s","post2020-outl",1,1,2
"CRPS","GDPCTPI","4/3","BLR","sv","ber5","b","post2020-outl",0,0,0
"CRPS","GDPCTPI","4/3","BLR","sv","ber5","f","post2020-outl",1,1,2
"CRPS","GDPCTPI","4/3","BLR","sv","fou3","s","post2020-outl",1,1,2
"CRPS","GDPCTPI","4/3","BLR","sv","fou3","b","post2020-outl",0,0,0
"CRPS","GDPCTPI","4/3","BLR","sv","fou3","f","post2020-outl",1,1,2
"CRPS","GDPCTPI","4/3","BART","sv","blu","s","post2020-outl",1,1,2
"CRPS","GDPCTPI","4/3","BART","sv","blu","b","post2020-outl",0,1,1
"CRPS","GDPCTPI","4/3","BART","sv","blu","f","post2020-outl",1,1,2
"CRPS","GDPCTPI","4/3","BART","sv","svd","s","post2020-outl",1,1,2
"CRPS","GDPCTPI","4/3","BART","sv","svd","b","post2020-outl",1,1,2
"CRPS","GDPCTPI","4/3","BART","sv","svd","f","post2020-outl",1,1,2
"CRPS","GDPCTPI","4/3","BART","sv","br","s","post2020-outl",1,1,2
"CRPS","GDPCTPI","4/3","BART","sv","br","b","post2020-outl",0,0,0
"CRPS","GDPCTPI","4/3","BART","sv","br","f","post2020-outl",0,1,1
"CRPS","GDPCTPI","4/3","BART","sv","eq","s","post2020-outl",1,1,2
"CRPS","GDPCTPI","4/3","BART","sv","eq","b","post2020-outl",1,1,2
"CRPS","GDPCTPI","4/3","BART","sv","eq","f","post2020-outl",1,1,2
"CRPS","GDPCTPI","4/3","BART","sv","xalm","s","post2020-outl",0,0,0
"CRPS","GDPCTPI","4/3","BART","sv","xalm","b","post2020-outl",1,1,2
"CRPS","GDPCTPI","4/3","BART","sv","xalm","f","post2020-outl",1,1,2
"CRPS","GDPCTPI","4/3","BART","sv","alm3","s","post2020-outl",0,0,0
"CRPS","GDPCTPI","4/3","BART","sv","alm3","b","post2020-outl",1,1,2
"CRPS","GDPCTPI","4/3","BART","sv","alm3","f","post2020-outl",1,1,2
"CRPS","GDPCTPI","4/3","BART","sv","leg3","s","post2020-outl",0,1,1
"CRPS","GDPCTPI","4/3","BART","sv","leg3","b","post2020-outl",1,1,2
"CRPS","GDPCTPI","4/3","BART","sv","leg3","f","post2020-outl",1,1,2
"CRPS","GDPCTPI","4/3","BART","sv","leg5","s","post2020-outl",1,1,2
"CRPS","GDPCTPI","4/3","BART","sv","leg5","b","post2020-outl",1,1,2
"CRPS","GDPCTPI","4/3","BART","sv","leg5","f","post2020-outl",1,1,2
"CRPS","GDPCTPI","4/3","BART","sv","ber3","s","post2020-outl",0,0,0
"CRPS","GDPCTPI","4/3","BART","sv","ber3","b","post2020-outl",0,1,1
"CRPS","GDPCTPI","4/3","BART","sv","ber3","f","post2020-outl",1,1,2
"CRPS","GDPCTPI","4/3","BART","sv","ber5","s","post2020-outl",0,1,1
"CRPS","GDPCTPI","4/3","BART","sv","ber5","b","post2020-outl",0,0,0
"CRPS","GDPCTPI","4/3","BART","sv","ber5","f","post2020-outl",1,1,2
"CRPS","GDPCTPI","4/3","BART","sv","fou3","s","post2020-outl",0,1,1
"CRPS","GDPCTPI","4/3","BART","sv","fou3","b","post2020-outl",0,0,0
"CRPS","GDPCTPI","4/3","BART","sv","fou3","f","post2020-outl",1,1,2
"CRPS","GDPCTPI","4/3","GP","sv","blu","s","post2020-outl",1,1,2
"CRPS","GDPCTPI","4/3","GP","sv","blu","b","post2020-outl",1,1,2
"CRPS","GDPCTPI","4/3","GP","sv","blu","f","post2020-outl",1,1,2
"CRPS","GDPCTPI","4/3","GP","sv","svd","s","post2020-outl",1,1,2
"CRPS","GDPCTPI","4/3","GP","sv","svd","b","post2020-outl",1,1,2
"CRPS","GDPCTPI","4/3","GP","sv","svd","f","post2020-outl",1,1,2
"CRPS","GDPCTPI","4/3","GP","sv","br","s","post2020-outl",1,1,2
"CRPS","GDPCTPI","4/3","GP","sv","br","b","post2020-outl",1,1,2
"CRPS","GDPCTPI","4/3","GP","sv","br","f","post2020-outl",1,1,2
"CRPS","GDPCTPI","4/3","GP","sv","eq","s","post2020-outl",1,1,2
"CRPS","GDPCTPI","4/3","GP","sv","eq","b","post2020-outl",1,1,2
"CRPS","GDPCTPI","4/3","GP","sv","eq","f","post2020-outl",1,1,2
"CRPS","GDPCTPI","4/3","GP","sv","xalm","s","post2020-outl",1,1,2
"CRPS","GDPCTPI","4/3","GP","sv","xalm","b","post2020-outl",1,1,2
"CRPS","GDPCTPI","4/3","GP","sv","xalm","f","post2020-outl",1,1,2
"CRPS","GDPCTPI","4/3","GP","sv","alm3","s","post2020-outl",0,0,0
"CRPS","GDPCTPI","4/3","GP","sv","alm3","b","post2020-outl",1,1,2
"CRPS","GDPCTPI","4/3","GP","sv","alm3","f","post2020-outl",0,1,1
"CRPS","GDPCTPI","4/3","GP","sv","leg3","s","post2020-outl",0,0,0
"CRPS","GDPCTPI","4/3","GP","sv","leg3","b","post2020-outl",0,1,1
"CRPS","GDPCTPI","4/3","GP","sv","leg3","f","post2020-outl",0,0,0
"CRPS","GDPCTPI","4/3","GP","sv","leg5","s","post2020-outl",0,1,1
"CRPS","GDPCTPI","4/3","GP","sv","leg5","b","post2020-outl",0,0,0
"CRPS","GDPCTPI","4/3","GP","sv","leg5","f","post2020-outl",1,1,2
"CRPS","GDPCTPI","4/3","GP","sv","ber3","s","post2020-outl",0,1,1
"CRPS","GDPCTPI","4/3","GP","sv","ber3","b","post2020-outl",0,1,1
"CRPS","GDPCTPI","4/3","GP","sv","ber3","f","post2020-outl",0,0,0
"CRPS","GDPCTPI","4/3","GP","sv","ber5","s","post2020-outl",0,1,1
"CRPS","GDPCTPI","4/3","GP","sv","ber5","b","post2020-outl",0,0,0
"CRPS","GDPCTPI","4/3","GP","sv","ber5","f","post2020-outl",0,0,0
"CRPS","GDPCTPI","4/3","GP","sv","fou3","s","post2020-outl",0,1,1
"CRPS","GDPCTPI","4/3","GP","sv","fou3","b","post2020-outl",0,1,1
"CRPS","GDPCTPI","4/3","GP","sv","fou3","f","post2020-outl",0,0,0
"CRPS","GDPCTPI","4/3","MFVAR","hom","blu","s","post2020-outl",0,0,0
"CRPS","GDPCTPI","4/3","MFVAR","hom","blu","f","post2020-outl",1,1,2
"CRPS","GDPCTPI","4/3","MFVAR","sv","blu","s","post2020-outl",0,1,1
"CRPS","GDPCTPI","4/3","MFVAR","sv","blu","f","post2020-outl",0,0,0
"CRPS","GDPC1","1","BLR","hom","blu","s","post2020-outl",0,0,0
"CRPS","GDPC1","1","BLR","hom","blu","b","post2020-outl",0,0,0
"CRPS","GDPC1","1","BLR","hom","blu","f","post2020-outl",1,1,2
"CRPS","GDPC1","1","BLR","hom","svd","s","post2020-outl",0,0,0
"CRPS","GDPC1","1","BLR","hom","svd","b","post2020-outl",1,1,2
"CRPS","GDPC1","1","BLR","hom","svd","f","post2020-outl",0,1,1
"CRPS","GDPC1","1","BLR","hom","br","s","post2020-outl",1,1,2
"CRPS","GDPC1","1","BLR","hom","br","b","post2020-outl",1,1,2
"CRPS","GDPC1","1","BLR","hom","br","f","post2020-outl",1,1,2
"CRPS","GDPC1","1","BLR","hom","eq","s","post2020-outl",0,0,0
"CRPS","GDPC1","1","BLR","hom","eq","b","post2020-outl",1,1,2
"CRPS","GDPC1","1","BLR","hom","eq","f","post2020-outl",0,0,0
"CRPS","GDPC1","1","BLR","hom","xalm","s","post2020-outl",0,0,0
"CRPS","GDPC1","1","BLR","hom","xalm","b","post2020-outl",0,1,1
"CRPS","GDPC1","1","BLR","hom","xalm","f","post2020-outl",1,1,2
"CRPS","GDPC1","1","BLR","hom","alm3","s","post2020-outl",0,0,0
"CRPS","GDPC1","1","BLR","hom","alm3","b","post2020-outl",0,0,0
"CRPS","GDPC1","1","BLR","hom","alm3","f","post2020-outl",0,0,0
"CRPS","GDPC1","1","BLR","hom","leg3","s","post2020-outl",1,1,2
"CRPS","GDPC1","1","BLR","hom","leg3","b","post2020-outl",1,1,2
"CRPS","GDPC1","1","BLR","hom","leg3","f","post2020-outl",1,1,2
"CRPS","GDPC1","1","BLR","hom","leg5","s","post2020-outl",1,1,2
"CRPS","GDPC1","1","BLR","hom","leg5","b","post2020-outl",0,0,0
"CRPS","GDPC1","1","BLR","hom","leg5","f","post2020-outl",1,1,2
"CRPS","GDPC1","1","BLR","hom","ber3","s","post2020-outl",0,0,0
"CRPS","GDPC1","1","BLR","hom","ber3","b","post2020-outl",1,1,2
"CRPS","GDPC1","1","BLR","hom","ber3","f","post2020-outl",1,1,2
"CRPS","GDPC1","1","BLR","hom","ber5","s","post2020-outl",1,1,2
"CRPS","GDPC1","1","BLR","hom","ber5","b","post2020-outl",0,0,0
"CRPS","GDPC1","1","BLR","hom","ber5","f","post2020-outl",1,1,2
"CRPS","GDPC1","1","BLR","hom","fou3","s","post2020-outl",1,1,2
"CRPS","GDPC1","1","BLR","hom","fou3","b","post2020-outl",0,0,0
"CRPS","GDPC1","1","BLR","hom","fou3","f","post2020-outl",0,0,0
"CRPS","GDPC1","1","BART","hom","blu","s","post2020-outl",1,1,2
"CRPS","GDPC1","1","BART","hom","blu","b","post2020-outl",1,1,2
"CRPS","GDPC1","1","BART","hom","blu","f","post2020-outl",1,1,2
"CRPS","GDPC1","1","BART","hom","svd","s","post2020-outl",0,0,0
"CRPS","GDPC1","1","BART","hom","svd","b","post2020-outl",0,0,0
"CRPS","GDPC1","1","BART","hom","svd","f","post2020-outl",0,1,1
"CRPS","GDPC1","1","BART","hom","br","s","post2020-outl",0,0,0
"CRPS","GDPC1","1","BART","hom","br","b","post2020-outl",0,0,0
"CRPS","GDPC1","1","BART","hom","br","f","post2020-outl",0,0,0
"CRPS","GDPC1","1","BART","hom","eq","s","post2020-outl",0,1,1
"CRPS","GDPC1","1","BART","hom","eq","b","post2020-outl",0,0,0
"CRPS","GDPC1","1","BART","hom","eq","f","post2020-outl",0,0,0
"CRPS","GDPC1","1","BART","hom","xalm","s","post2020-outl",1,1,2
"CRPS","GDPC1","1","BART","hom","xalm","b","post2020-outl",0,0,0
"CRPS","GDPC1","1","BART","hom","xalm","f","post2020-outl",0,0,0
"CRPS","GDPC1","1","BART","hom","alm3","s","post2020-outl",0,1,1
"CRPS","GDPC1","1","BART","hom","alm3","b","post2020-outl",0,0,0
"CRPS","GDPC1","1","BART","hom","alm3","f","post2020-outl",0,0,0
"CRPS","GDPC1","1","BART","hom","leg3","s","post2020-outl",0,0,0
"CRPS","GDPC1","1","BART","hom","leg3","b","post2020-outl",0,0,0
"CRPS","GDPC1","1","BART","hom","leg3","f","post2020-outl",1,1,2
"CRPS","GDPC1","1","BART","hom","leg5","s","post2020-outl",1,1,2
"CRPS","GDPC1","1","BART","hom","leg5","b","post2020-outl",1,1,2
"CRPS","GDPC1","1","BART","hom","leg5","f","post2020-outl",0,1,1
"CRPS","GDPC1","1","BART","hom","ber3","s","post2020-outl",0,0,0
"CRPS","GDPC1","1","BART","hom","ber3","b","post2020-outl",0,0,0
"CRPS","GDPC1","1","BART","hom","ber3","f","post2020-outl",0,0,0
"CRPS","GDPC1","1","BART","hom","ber5","s","post2020-outl",0,0,0
"CRPS","GDPC1","1","BART","hom","ber5","b","post2020-outl",0,1,1
"CRPS","GDPC1","1","BART","hom","ber5","f","post2020-outl",0,0,0
"CRPS","GDPC1","1","BART","hom","fou3","s","post2020-outl",0,1,1
"CRPS","GDPC1","1","BART","hom","fou3","b","post2020-outl",0,1,1
"CRPS","GDPC1","1","BART","hom","fou3","f","post2020-outl",0,0,0
"CRPS","GDPC1","1","GP","hom","blu","s","post2020-outl",1,1,2
"CRPS","GDPC1","1","GP","hom","blu","b","post2020-outl",1,1,2
"CRPS","GDPC1","1","GP","hom","blu","f","post2020-outl",1,1,2
"CRPS","GDPC1","1","GP","hom","svd","s","post2020-outl",0,0,0
"CRPS","GDPC1","1","GP","hom","svd","b","post2020-outl",0,0,0
"CRPS","GDPC1","1","GP","hom","svd","f","post2020-outl",0,0,0
"CRPS","GDPC1","1","GP","hom","br","s","post2020-outl",1,1,2
"CRPS","GDPC1","1","GP","hom","br","b","post2020-outl",1,1,2
"CRPS","GDPC1","1","GP","hom","br","f","post2020-outl",1,1,2
"CRPS","GDPC1","1","GP","hom","eq","s","post2020-outl",0,1,1
"CRPS","GDPC1","1","GP","hom","eq","b","post2020-outl",1,1,2
"CRPS","GDPC1","1","GP","hom","eq","f","post2020-outl",0,0,0
"CRPS","GDPC1","1","GP","hom","xalm","s","post2020-outl",0,1,1
"CRPS","GDPC1","1","GP","hom","xalm","b","post2020-outl",1,1,2
"CRPS","GDPC1","1","GP","hom","xalm","f","post2020-outl",0,0,0
"CRPS","GDPC1","1","GP","hom","alm3","s","post2020-outl",1,1,2
"CRPS","GDPC1","1","GP","hom","alm3","b","post2020-outl",1,1,2
"CRPS","GDPC1","1","GP","hom","alm3","f","post2020-outl",0,0,0
"CRPS","GDPC1","1","GP","hom","leg3","s","post2020-outl",0,0,0
"CRPS","GDPC1","1","GP","hom","leg3","b","post2020-outl",0,0,0
"CRPS","GDPC1","1","GP","hom","leg3","f","post2020-outl",0,1,1
"CRPS","GDPC1","1","GP","hom","leg5","s","post2020-outl",0,0,0
"CRPS","GDPC1","1","GP","hom","leg5","b","post2020-outl",0,0,0
"CRPS","GDPC1","1","GP","hom","leg5","f","post2020-outl",1,1,2
"CRPS","GDPC1","1","GP","hom","ber3","s","post2020-outl",1,1,2
"CRPS","GDPC1","1","GP","hom","ber3","b","post2020-outl",1,1,2
"CRPS","GDPC1","1","GP","hom","ber3","f","post2020-outl",1,1,2
"CRPS","GDPC1","1","GP","hom","ber5","s","post2020-outl",1,1,2
"CRPS","GDPC1","1","GP","hom","ber5","b","post2020-outl",1,1,2
"CRPS","GDPC1","1","GP","hom","ber5","f","post2020-outl",1,1,2
"CRPS","GDPC1","1","GP","hom","fou3","s","post2020-outl",1,1,2
"CRPS","GDPC1","1","GP","hom","fou3","b","post2020-outl",1,1,2
"CRPS","GDPC1","1","GP","hom","fou3","f","post2020-outl",1,1,2
"CRPS","GDPC1","1","BLR","sv","blu","s","post2020-outl",1,1,2
"CRPS","GDPC1","1","BLR","sv","blu","b","post2020-outl",0,0,0
"CRPS","GDPC1","1","BLR","sv","blu","f","post2020-outl",1,1,2
"CRPS","GDPC1","1","BLR","sv","svd","s","post2020-outl",0,0,0
"CRPS","GDPC1","1","BLR","sv","svd","b","post2020-outl",0,1,1
"CRPS","GDPC1","1","BLR","sv","svd","f","post2020-outl",0,0,0
"CRPS","GDPC1","1","BLR","sv","br","s","post2020-outl",1,1,2
"CRPS","GDPC1","1","BLR","sv","br","b","post2020-outl",0,1,1
"CRPS","GDPC1","1","BLR","sv","br","f","post2020-outl",1,1,2
"CRPS","GDPC1","1","BLR","sv","eq","s","post2020-outl",1,1,2
"CRPS","GDPC1","1","BLR","sv","eq","b","post2020-outl",1,1,2
"CRPS","GDPC1","1","BLR","sv","eq","f","post2020-outl",0,0,0
"CRPS","GDPC1","1","BLR","sv","xalm","s","post2020-outl",1,1,2
"CRPS","GDPC1","1","BLR","sv","xalm","b","post2020-outl",1,1,2
"CRPS","GDPC1","1","BLR","sv","xalm","f","post2020-outl",1,1,2
"CRPS","GDPC1","1","BLR","sv","alm3","s","post2020-outl",1,1,2
"CRPS","GDPC1","1","BLR","sv","alm3","b","post2020-outl",0,0,0
"CRPS","GDPC1","1","BLR","sv","alm3","f","post2020-outl",0,1,1
"CRPS","GDPC1","1","BLR","sv","leg3","s","post2020-outl",1,1,2
"CRPS","GDPC1","1","BLR","sv","leg3","b","post2020-outl",0,1,1
"CRPS","GDPC1","1","BLR","sv","leg3","f","post2020-outl",0,1,1
"CRPS","GDPC1","1","BLR","sv","leg5","s","post2020-outl",1,1,2
"CRPS","GDPC1","1","BLR","sv","leg5","b","post2020-outl",0,0,0
"CRPS","GDPC1","1","BLR","sv","leg5","f","post2020-outl",1,1,2
"CRPS","GDPC1","1","BLR","sv","ber3","s","post2020-outl",1,1,2
"CRPS","GDPC1","1","BLR","sv","ber3","b","post2020-outl",1,1,2
"CRPS","GDPC1","1","BLR","sv","ber3","f","post2020-outl",1,1,2
"CRPS","GDPC1","1","BLR","sv","ber5","s","post2020-outl",1,1,2
"CRPS","GDPC1","1","BLR","sv","ber5","b","post2020-outl",0,0,0
"CRPS","GDPC1","1","BLR","sv","ber5","f","post2020-outl",1,1,2
"CRPS","GDPC1","1","BLR","sv","fou3","s","post2020-outl",1,1,2
"CRPS","GDPC1","1","BLR","sv","fou3","b","post2020-outl",0,1,1
"CRPS","GDPC1","1","BLR","sv","fou3","f","post2020-outl",1,1,2
"CRPS","GDPC1","1","BART","sv","blu","s","post2020-outl",1,1,2
"CRPS","GDPC1","1","BART","sv","blu","b","post2020-outl",1,1,2
"CRPS","GDPC1","1","BART","sv","blu","f","post2020-outl",1,1,2
"CRPS","GDPC1","1","BART","sv","svd","s","post2020-outl",0,1,1
"CRPS","GDPC1","1","BART","sv","svd","b","post2020-outl",0,0,0
"CRPS","GDPC1","1","BART","sv","svd","f","post2020-outl",0,0,0
"CRPS","GDPC1","1","BART","sv","br","s","post2020-outl",0,1,1
"CRPS","GDPC1","1","BART","sv","br","b","post2020-outl",1,1,2
"CRPS","GDPC1","1","BART","sv","br","f","post2020-outl",0,0,0
"CRPS","GDPC1","1","BART","sv","eq","s","post2020-outl",0,1,1
"CRPS","GDPC1","1","BART","sv","eq","b","post2020-outl",1,1,2
"CRPS","GDPC1","1","BART","sv","eq","f","post2020-outl",0,0,0
"CRPS","GDPC1","1","BART","sv","xalm","s","post2020-outl",1,1,2
"CRPS","GDPC1","1","BART","sv","xalm","b","post2020-outl",0,1,1
"CRPS","GDPC1","1","BART","sv","xalm","f","post2020-outl",0,0,0
"CRPS","GDPC1","1","BART","sv","alm3","s","post2020-outl",1,1,2
"CRPS","GDPC1","1","BART","sv","alm3","b","post2020-outl",1,1,2
"CRPS","GDPC1","1","BART","sv","alm3","f","post2020-outl",0,0,0
"CRPS","GDPC1","1","BART","sv","leg3","s","post2020-outl",0,1,1
"CRPS","GDPC1","1","BART","sv","leg3","b","post2020-outl",1,1,2
"CRPS","GDPC1","1","BART","sv","leg3","f","post2020-outl",1,1,2
"CRPS","GDPC1","1","BART","sv","leg5","s","post2020-outl",1,1,2
"CRPS","GDPC1","1","BART","sv","leg5","b","post2020-outl",1,1,2
"CRPS","GDPC1","1","BART","sv","leg5","f","post2020-outl",1,1,2
"CRPS","GDPC1","1","BART","sv","ber3","s","post2020-outl",1,1,2
"CRPS","GDPC1","1","BART","sv","ber3","b","post2020-outl",1,1,2
"CRPS","GDPC1","1","BART","sv","ber3","f","post2020-outl",0,0,0
"CRPS","GDPC1","1","BART","sv","ber5","s","post2020-outl",1,1,2
"CRPS","GDPC1","1","BART","sv","ber5","b","post2020-outl",1,1,2
"CRPS","GDPC1","1","BART","sv","ber5","f","post2020-outl",0,0,0
"CRPS","GDPC1","1","BART","sv","fou3","s","post2020-outl",1,1,2
"CRPS","GDPC1","1","BART","sv","fou3","b","post2020-outl",1,1,2
"CRPS","GDPC1","1","BART","sv","fou3","f","post2020-outl",0,0,0
"CRPS","GDPC1","1","GP","sv","blu","s","post2020-outl",1,1,2
"CRPS","GDPC1","1","GP","sv","blu","b","post2020-outl",1,1,2
"CRPS","GDPC1","1","GP","sv","blu","f","post2020-outl",1,1,2
"CRPS","GDPC1","1","GP","sv","svd","s","post2020-outl",1,1,2
"CRPS","GDPC1","1","GP","sv","svd","b","post2020-outl",1,1,2
"CRPS","GDPC1","1","GP","sv","svd","f","post2020-outl",1,1,2
"CRPS","GDPC1","1","GP","sv","br","s","post2020-outl",1,1,2
"CRPS","GDPC1","1","GP","sv","br","b","post2020-outl",0,1,1
"CRPS","GDPC1","1","GP","sv","br","f","post2020-outl",1,1,2
"CRPS","GDPC1","1","GP","sv","eq","s","post2020-outl",1,1,2
"CRPS","GDPC1","1","GP","sv","eq","b","post2020-outl",1,1,2
"CRPS","GDPC1","1","GP","sv","eq","f","post2020-outl",0,1,1
"CRPS","GDPC1","1","GP","sv","xalm","s","post2020-outl",1,1,2
"CRPS","GDPC1","1","GP","sv","xalm","b","post2020-outl",1,1,2
"CRPS","GDPC1","1","GP","sv","xalm","f","post2020-outl",1,1,2
"CRPS","GDPC1","1","GP","sv","alm3","s","post2020-outl",1,1,2
"CRPS","GDPC1","1","GP","sv","alm3","b","post2020-outl",1,1,2
"CRPS","GDPC1","1","GP","sv","alm3","f","post2020-outl",1,1,2
"CRPS","GDPC1","1","GP","sv","leg3","s","post2020-outl",0,1,1
"CRPS","GDPC1","1","GP","sv","leg3","b","post2020-outl",1,1,2
"CRPS","GDPC1","1","GP","sv","leg3","f","post2020-outl",1,1,2
"CRPS","GDPC1","1","GP","sv","leg5","s","post2020-outl",0,1,1
"CRPS","GDPC1","1","GP","sv","leg5","b","post2020-outl",1,1,2
"CRPS","GDPC1","1","GP","sv","leg5","f","post2020-outl",1,1,2
"CRPS","GDPC1","1","GP","sv","ber3","s","post2020-outl",1,1,2
"CRPS","GDPC1","1","GP","sv","ber3","b","post2020-outl",1,1,2
"CRPS","GDPC1","1","GP","sv","ber3","f","post2020-outl",1,1,2
"CRPS","GDPC1","1","GP","sv","ber5","s","post2020-outl",0,1,1
"CRPS","GDPC1","1","GP","sv","ber5","b","post2020-outl",1,1,2
"CRPS","GDPC1","1","GP","sv","ber5","f","post2020-outl",1,1,2
"CRPS","GDPC1","1","GP","sv","fou3","s","post2020-outl",1,1,2
"CRPS","GDPC1","1","GP","sv","fou3","b","post2020-outl",1,1,2
"CRPS","GDPC1","1","GP","sv","fou3","f","post2020-outl",1,1,2
"CRPS","GDPC1","1","MFVAR","hom","blu","s","post2020-outl",0,1,1
"CRPS","GDPC1","1","MFVAR","hom","blu","f","post2020-outl",1,1,2
"CRPS","GDPC1","1","MFVAR","sv","blu","s","post2020-outl",0,1,1
"CRPS","GDPC1","1","MFVAR","sv","blu","f","post2020-outl",1,1,2
"CRPS","GDPCTPI","1","BLR","hom","blu","s","post2020-outl",0,0,0
"CRPS","GDPCTPI","1","BLR","hom","blu","b","post2020-outl",0,0,0
"CRPS","GDPCTPI","1","BLR","hom","blu","f","post2020-outl",0,1,1
"CRPS","GDPCTPI","1","BLR","hom","svd","s","post2020-outl",0,0,0
"CRPS","GDPCTPI","1","BLR","hom","svd","b","post2020-outl",0,1,1
"CRPS","GDPCTPI","1","BLR","hom","svd","f","post2020-outl",1,1,2
"CRPS","GDPCTPI","1","BLR","hom","br","s","post2020-outl",0,1,1
"CRPS","GDPCTPI","1","BLR","hom","br","b","post2020-outl",0,0,0
"CRPS","GDPCTPI","1","BLR","hom","br","f","post2020-outl",0,1,1
"CRPS","GDPCTPI","1","BLR","hom","eq","s","post2020-outl",0,1,1
"CRPS","GDPCTPI","1","BLR","hom","eq","b","post2020-outl",0,0,0
"CRPS","GDPCTPI","1","BLR","hom","eq","f","post2020-outl",0,0,0
"CRPS","GDPCTPI","1","BLR","hom","xalm","s","post2020-outl",0,1,1
"CRPS","GDPCTPI","1","BLR","hom","xalm","b","post2020-outl",0,0,0
"CRPS","GDPCTPI","1","BLR","hom","xalm","f","post2020-outl",1,1,2
"CRPS","GDPCTPI","1","BLR","hom","alm3","s","post2020-outl",0,0,0
"CRPS","GDPCTPI","1","BLR","hom","alm3","b","post2020-outl",0,1,1
"CRPS","GDPCTPI","1","BLR","hom","alm3","f","post2020-outl",1,1,2
"CRPS","GDPCTPI","1","BLR","hom","leg3","s","post2020-outl",0,1,1
"CRPS","GDPCTPI","1","BLR","hom","leg3","b","post2020-outl",0,0,0
"CRPS","GDPCTPI","1","BLR","hom","leg3","f","post2020-outl",0,1,1
"CRPS","GDPCTPI","1","BLR","hom","leg5","s","post2020-outl",0,0,0
"CRPS","GDPCTPI","1","BLR","hom","leg5","b","post2020-outl",0,0,0
"CRPS","GDPCTPI","1","BLR","hom","leg5","f","post2020-outl",0,1,1
"CRPS","GDPCTPI","1","BLR","hom","ber3","s","post2020-outl",0,0,0
"CRPS","GDPCTPI","1","BLR","hom","ber3","b","post2020-outl",0,0,0
"CRPS","GDPCTPI","1","BLR","hom","ber3","f","post2020-outl",0,1,1
"CRPS","GDPCTPI","1","BLR","hom","ber5","s","post2020-outl",0,0,0
"CRPS","GDPCTPI","1","BLR","hom","ber5","b","post2020-outl",0,0,0
"CRPS","GDPCTPI","1","BLR","hom","ber5","f","post2020-outl",0,1,1
"CRPS","GDPCTPI","1","BLR","hom","fou3","s","post2020-outl",0,0,0
"CRPS","GDPCTPI","1","BLR","hom","fou3","b","post2020-outl",0,0,0
"CRPS","GDPCTPI","1","BLR","hom","fou3","f","post2020-outl",0,1,1
"CRPS","GDPCTPI","1","BART","hom","blu","s","post2020-outl",0,1,1
"CRPS","GDPCTPI","1","BART","hom","blu","b","post2020-outl",1,1,2
"CRPS","GDPCTPI","1","BART","hom","blu","f","post2020-outl",0,0,0
"CRPS","GDPCTPI","1","BART","hom","svd","s","post2020-outl",0,1,1
"CRPS","GDPCTPI","1","BART","hom","svd","b","post2020-outl",0,0,0
"CRPS","GDPCTPI","1","BART","hom","svd","f","post2020-outl",0,1,1
"CRPS","GDPCTPI","1","BART","hom","br","s","post2020-outl",0,0,0
"CRPS","GDPCTPI","1","BART","hom","br","b","post2020-outl",0,0,0
"CRPS","GDPCTPI","1","BART","hom","br","f","post2020-outl",0,0,0
"CRPS","GDPCTPI","1","BART","hom","eq","s","post2020-outl",0,1,1
"CRPS","GDPCTPI","1","BART","hom","eq","b","post2020-outl",1,1,2
"CRPS","GDPCTPI","1","BART","hom","eq","f","post2020-outl",0,1,1
"CRPS","GDPCTPI","1","BART","hom","xalm","s","post2020-outl",0,0,0
"CRPS","GDPCTPI","1","BART","hom","xalm","b","post2020-outl",0,1,1
"CRPS","GDPCTPI","1","BART","hom","xalm","f","post2020-outl",0,0,0
"CRPS","GDPCTPI","1","BART","hom","alm3","s","post2020-outl",0,1,1
"CRPS","GDPCTPI","1","BART","hom","alm3","b","post2020-outl",0,1,1
"CRPS","GDPCTPI","1","BART","hom","alm3","f","post2020-outl",0,1,1
"CRPS","GDPCTPI","1","BART","hom","leg3","s","post2020-outl",1,1,2
"CRPS","GDPCTPI","1","BART","hom","leg3","b","post2020-outl",1,1,2
"CRPS","GDPCTPI","1","BART","hom","leg3","f","post2020-outl",1,1,2
"CRPS","GDPCTPI","1","BART","hom","leg5","s","post2020-outl",1,1,2
"CRPS","GDPCTPI","1","BART","hom","leg5","b","post2020-outl",1,1,2
"CRPS","GDPCTPI","1","BART","hom","leg5","f","post2020-outl",1,1,2
"CRPS","GDPCTPI","1","BART","hom","ber3","s","post2020-outl",0,0,0
"CRPS","GDPCTPI","1","BART","hom","ber3","b","post2020-outl",0,0,0
"CRPS","GDPCTPI","1","BART","hom","ber3","f","post2020-outl",0,1,1
"CRPS","GDPCTPI","1","BART","hom","ber5","s","post2020-outl",0,0,0
"CRPS","GDPCTPI","1","BART","hom","ber5","b","post2020-outl",0,0,0
"CRPS","GDPCTPI","1","BART","hom","ber5","f","post2020-outl",1,1,2
"CRPS","GDPCTPI","1","BART","hom","fou3","s","post2020-outl",0,0,0
"CRPS","GDPCTPI","1","BART","hom","fou3","b","post2020-outl",0,0,0
"CRPS","GDPCTPI","1","BART","hom","fou3","f","post2020-outl",0,0,0
"CRPS","GDPCTPI","1","GP","hom","blu","s","post2020-outl",0,1,1
"CRPS","GDPCTPI","1","GP","hom","blu","b","post2020-outl",0,0,0
"CRPS","GDPCTPI","1","GP","hom","blu","f","post2020-outl",0,0,0
"CRPS","GDPCTPI","1","GP","hom","svd","s","post2020-outl",1,1,2
"CRPS","GDPCTPI","1","GP","hom","svd","b","post2020-outl",1,1,2
"CRPS","GDPCTPI","1","GP","hom","svd","f","post2020-outl",1,1,2
"CRPS","GDPCTPI","1","GP","hom","br","s","post2020-outl",0,0,0
"CRPS","GDPCTPI","1","GP","hom","br","b","post2020-outl",1,1,2
"CRPS","GDPCTPI","1","GP","hom","br","f","post2020-outl",0,0,0
"CRPS","GDPCTPI","1","GP","hom","eq","s","post2020-outl",0,1,1
"CRPS","GDPCTPI","1","GP","hom","eq","b","post2020-outl",1,1,2
"CRPS","GDPCTPI","1","GP","hom","eq","f","post2020-outl",1,1,2
"CRPS","GDPCTPI","1","GP","hom","xalm","s","post2020-outl",1,1,2
"CRPS","GDPCTPI","1","GP","hom","xalm","b","post2020-outl",1,1,2
"CRPS","GDPCTPI","1","GP","hom","xalm","f","post2020-outl",1,1,2
"CRPS","GDPCTPI","1","GP","hom","alm3","s","post2020-outl",0,0,0
"CRPS","GDPCTPI","1","GP","hom","alm3","b","post2020-outl",0,0,0
"CRPS","GDPCTPI","1","GP","hom","alm3","f","post2020-outl",0,0,0
"CRPS","GDPCTPI","1","GP","hom","leg3","s","post2020-outl",0,0,0
"CRPS","GDPCTPI","1","GP","hom","leg3","b","post2020-outl",0,0,0
"CRPS","GDPCTPI","1","GP","hom","leg3","f","post2020-outl",0,0,0
"CRPS","GDPCTPI","1","GP","hom","leg5","s","post2020-outl",0,0,0
"CRPS","GDPCTPI","1","GP","hom","leg5","b","post2020-outl",0,0,0
"CRPS","GDPCTPI","1","GP","hom","leg5","f","post2020-outl",0,0,0
"CRPS","GDPCTPI","1","GP","hom","ber3","s","post2020-outl",0,0,0
"CRPS","GDPCTPI","1","GP","hom","ber3","b","post2020-outl",0,1,1
"CRPS","GDPCTPI","1","GP","hom","ber3","f","post2020-outl",0,0,0
"CRPS","GDPCTPI","1","GP","hom","ber5","s","post2020-outl",0,0,0
"CRPS","GDPCTPI","1","GP","hom","ber5","b","post2020-outl",0,1,1
"CRPS","GDPCTPI","1","GP","hom","ber5","f","post2020-outl",0,0,0
"CRPS","GDPCTPI","1","GP","hom","fou3","s","post2020-outl",0,0,0
"CRPS","GDPCTPI","1","GP","hom","fou3","b","post2020-outl",0,0,0
"CRPS","GDPCTPI","1","GP","hom","fou3","f","post2020-outl",0,0,0
"CRPS","GDPCTPI","1","BLR","sv","blu","s","post2020-outl",1,1,2
"CRPS","GDPCTPI","1","BLR","sv","blu","b","post2020-outl",0,0,0
"CRPS","GDPCTPI","1","BLR","sv","blu","f","post2020-outl",1,1,2
"CRPS","GDPCTPI","1","BLR","sv","svd","s","post2020-outl",1,1,2
"CRPS","GDPCTPI","1","BLR","sv","svd","b","post2020-outl",1,1,2
"CRPS","GDPCTPI","1","BLR","sv","svd","f","post2020-outl",1,1,2
"CRPS","GDPCTPI","1","BLR","sv","br","s","post2020-outl",1,1,2
"CRPS","GDPCTPI","1","BLR","sv","br","b","post2020-outl",1,1,2
"CRPS","GDPCTPI","1","BLR","sv","br","f","post2020-outl",1,1,2
"CRPS","GDPCTPI","1","BLR","sv","eq","s","post2020-outl",1,1,2
"CRPS","GDPCTPI","1","BLR","sv","eq","b","post2020-outl",1,1,2
"CRPS","GDPCTPI","1","BLR","sv","eq","f","post2020-outl",1,1,2
"CRPS","GDPCTPI","1","BLR","sv","xalm","s","post2020-outl",1,1,2
"CRPS","GDPCTPI","1","BLR","sv","xalm","b","post2020-outl",1,1,2
"CRPS","GDPCTPI","1","BLR","sv","xalm","f","post2020-outl",1,1,2
"CRPS","GDPCTPI","1","BLR","sv","alm3","s","post2020-outl",1,1,2
"CRPS","GDPCTPI","1","BLR","sv","alm3","b","post2020-outl",1,1,2
"CRPS","GDPCTPI","1","BLR","sv","alm3","f","post2020-outl",1,1,2
"CRPS","GDPCTPI","1","BLR","sv","leg3","s","post2020-outl",1,1,2
"CRPS","GDPCTPI","1","BLR","sv","leg3","b","post2020-outl",0,0,0
"CRPS","GDPCTPI","1","BLR","sv","leg3","f","post2020-outl",1,1,2
"CRPS","GDPCTPI","1","BLR","sv","leg5","s","post2020-outl",1,1,2
"CRPS","GDPCTPI","1","BLR","sv","leg5","b","post2020-outl",0,0,0
"CRPS","GDPCTPI","1","BLR","sv","leg5","f","post2020-outl",1,1,2
"CRPS","GDPCTPI","1","BLR","sv","ber3","s","post2020-outl",1,1,2
"CRPS","GDPCTPI","1","BLR","sv","ber3","b","post2020-outl",0,0,0
"CRPS","GDPCTPI","1","BLR","sv","ber3","f","post2020-outl",1,1,2
"CRPS","GDPCTPI","1","BLR","sv","ber5","s","post2020-outl",1,1,2
"CRPS","GDPCTPI","1","BLR","sv","ber5","b","post2020-outl",0,0,0
"CRPS","GDPCTPI","1","BLR","sv","ber5","f","post2020-outl",1,1,2
"CRPS","GDPCTPI","1","BLR","sv","fou3","s","post2020-outl",1,1,2
"CRPS","GDPCTPI","1","BLR","sv","fou3","b","post2020-outl",0,1,1
"CRPS","GDPCTPI","1","BLR","sv","fou3","f","post2020-outl",1,1,2
"CRPS","GDPCTPI","1","BART","sv","blu","s","post2020-outl",0,0,0
"CRPS","GDPCTPI","1","BART","sv","blu","b","post2020-outl",1,1,2
"CRPS","GDPCTPI","1","BART","sv","blu","f","post2020-outl",0,0,0
"CRPS","GDPCTPI","1","BART","sv","svd","s","post2020-outl",0,1,1
"CRPS","GDPCTPI","1","BART","sv","svd","b","post2020-outl",1,1,2
"CRPS","GDPCTPI","1","BART","sv","svd","f","post2020-outl",0,1,1
"CRPS","GDPCTPI","1","BART","sv","br","s","post2020-outl",0,0,0
"CRPS","GDPCTPI","1","BART","sv","br","b","post2020-outl",0,0,0
"CRPS","GDPCTPI","1","BART","sv","br","f","post2020-outl",1,1,2
"CRPS","GDPCTPI","1","BART","sv","eq","s","post2020-outl",1,1,2
"CRPS","GDPCTPI","1","BART","sv","eq","b","post2020-outl",1,1,2
"CRPS","GDPCTPI","1","BART","sv","eq","f","post2020-outl",0,1,1
"CRPS","GDPCTPI","1","BART","sv","xalm","s","post2020-outl",0,0,0
"CRPS","GDPCTPI","1","BART","sv","xalm","b","post2020-outl",0,0,0
"CRPS","GDPCTPI","1","BART","sv","xalm","f","post2020-outl",0,1,1
"CRPS","GDPCTPI","1","BART","sv","alm3","s","post2020-outl",0,1,1
"CRPS","GDPCTPI","1","BART","sv","alm3","b","post2020-outl",0,0,0
"CRPS","GDPCTPI","1","BART","sv","alm3","f","post2020-outl",1,1,2
"CRPS","GDPCTPI","1","BART","sv","leg3","s","post2020-outl",1,1,2
"CRPS","GDPCTPI","1","BART","sv","leg3","b","post2020-outl",0,0,0
"CRPS","GDPCTPI","1","BART","sv","leg3","f","post2020-outl",1,1,2
"CRPS","GDPCTPI","1","BART","sv","leg5","s","post2020-outl",1,1,2
"CRPS","GDPCTPI","1","BART","sv","leg5","b","post2020-outl",1,1,2
"CRPS","GDPCTPI","1","BART","sv","leg5","f","post2020-outl",1,1,2
"CRPS","GDPCTPI","1","BART","sv","ber3","s","post2020-outl",0,1,1
"CRPS","GDPCTPI","1","BART","sv","ber3","b","post2020-outl",0,0,0
"CRPS","GDPCTPI","1","BART","sv","ber3","f","post2020-outl",0,1,1
"CRPS","GDPCTPI","1","BART","sv","ber5","s","post2020-outl",0,0,0
"CRPS","GDPCTPI","1","BART","sv","ber5","b","post2020-outl",0,0,0
"CRPS","GDPCTPI","1","BART","sv","ber5","f","post2020-outl",1,1,2
"CRPS","GDPCTPI","1","BART","sv","fou3","s","post2020-outl",0,1,1
"CRPS","GDPCTPI","1","BART","sv","fou3","b","post2020-outl",0,0,0
"CRPS","GDPCTPI","1","BART","sv","fou3","f","post2020-outl",0,0,0
"CRPS","GDPCTPI","1","GP","sv","blu","s","post2020-outl",1,1,2
"CRPS","GDPCTPI","1","GP","sv","blu","b","post2020-outl",1,1,2
"CRPS","GDPCTPI","1","GP","sv","blu","f","post2020-outl",1,1,2
"CRPS","GDPCTPI","1","GP","sv","svd","s","post2020-outl",1,1,2
"CRPS","GDPCTPI","1","GP","sv","svd","b","post2020-outl",1,1,2
"CRPS","GDPCTPI","1","GP","sv","svd","f","post2020-outl",1,1,2
"CRPS","GDPCTPI","1","GP","sv","br","s","post2020-outl",1,1,2
"CRPS","GDPCTPI","1","GP","sv","br","b","post2020-outl",1,1,2
"CRPS","GDPCTPI","1","GP","sv","br","f","post2020-outl",1,1,2
"CRPS","GDPCTPI","1","GP","sv","eq","s","post2020-outl",1,1,2
"CRPS","GDPCTPI","1","GP","sv","eq","b","post2020-outl",1,1,2
"CRPS","GDPCTPI","1","GP","sv","eq","f","post2020-outl",1,1,2
"CRPS","GDPCTPI","1","GP","sv","xalm","s","post2020-outl",1,1,2
"CRPS","GDPCTPI","1","GP","sv","xalm","b","post2020-outl",1,1,2
"CRPS","GDPCTPI","1","GP","sv","xalm","f","post2020-outl",1,1,2
"CRPS","GDPCTPI","1","GP","sv","alm3","s","post2020-outl",1,1,2
"CRPS","GDPCTPI","1","GP","sv","alm3","b","post2020-outl",0,0,0
"CRPS","GDPCTPI","1","GP","sv","alm3","f","post2020-outl",0,0,0
"CRPS","GDPCTPI","1","GP","sv","leg3","s","post2020-outl",1,1,2
"CRPS","GDPCTPI","1","GP","sv","leg3","b","post2020-outl",0,1,1
"CRPS","GDPCTPI","1","GP","sv","leg3","f","post2020-outl",0,0,0
"CRPS","GDPCTPI","1","GP","sv","leg5","s","post2020-outl",1,1,2
"CRPS","GDPCTPI","1","GP","sv","leg5","b","post2020-outl",1,1,2
"CRPS","GDPCTPI","1","GP","sv","leg5","f","post2020-outl",1,1,2
"CRPS","GDPCTPI","1","GP","sv","ber3","s","post2020-outl",1,1,2
"CRPS","GDPCTPI","1","GP","sv","ber3","b","post2020-outl",0,1,1
"CRPS","GDPCTPI","1","GP","sv","ber3","f","post2020-outl",0,0,0
"CRPS","GDPCTPI","1","GP","sv","ber5","s","post2020-outl",1,1,2
"CRPS","GDPCTPI","1","GP","sv","ber5","b","post2020-outl",0,0,0
"CRPS","GDPCTPI","1","GP","sv","ber5","f","post2020-outl",0,1,1
"CRPS","GDPCTPI","1","GP","sv","fou3","s","post2020-outl",1,1,2
"CRPS","GDPCTPI","1","GP","sv","fou3","b","post2020-outl",0,1,1
"CRPS","GDPCTPI","1","GP","sv","fou3","f","post2020-outl",0,0,0
"CRPS","GDPCTPI","1","MFVAR","hom","blu","s","post2020-outl",0,0,0
"CRPS","GDPCTPI","1","MFVAR","hom","blu","f","post2020-outl",0,0,0
"CRPS","GDPCTPI","1","MFVAR","sv","blu","s","post2020-outl",0,1,1
"CRPS","GDPCTPI","1","MFVAR","sv","blu","f","post2020-outl",0,0,0
"CRPS","GDPC1","2/3","BLR","hom","blu","s","post2020-outl",1,1,2
"CRPS","GDPC1","2/3","BLR","hom","blu","b","post2020-outl",0,0,0
"CRPS","GDPC1","2/3","BLR","hom","blu","f","post2020-outl",1,1,2
"CRPS","GDPC1","2/3","BLR","hom","svd","s","post2020-outl",1,1,2
"CRPS","GDPC1","2/3","BLR","hom","svd","b","post2020-outl",1,1,2
"CRPS","GDPC1","2/3","BLR","hom","svd","f","post2020-outl",0,1,1
"CRPS","GDPC1","2/3","BLR","hom","br","s","post2020-outl",1,1,2
"CRPS","GDPC1","2/3","BLR","hom","br","b","post2020-outl",0,0,0
"CRPS","GDPC1","2/3","BLR","hom","br","f","post2020-outl",1,1,2
"CRPS","GDPC1","2/3","BLR","hom","eq","s","post2020-outl",1,1,2
"CRPS","GDPC1","2/3","BLR","hom","eq","b","post2020-outl",1,1,2
"CRPS","GDPC1","2/3","BLR","hom","eq","f","post2020-outl",0,0,0
"CRPS","GDPC1","2/3","BLR","hom","xalm","s","post2020-outl",1,1,2
"CRPS","GDPC1","2/3","BLR","hom","xalm","b","post2020-outl",1,1,2
"CRPS","GDPC1","2/3","BLR","hom","xalm","f","post2020-outl",1,1,2
"CRPS","GDPC1","2/3","BLR","hom","alm3","s","post2020-outl",1,1,2
"CRPS","GDPC1","2/3","BLR","hom","alm3","b","post2020-outl",1,1,2
"CRPS","GDPC1","2/3","BLR","hom","alm3","f","post2020-outl",1,1,2
"CRPS","GDPC1","2/3","BLR","hom","leg3","s","post2020-outl",1,1,2
"CRPS","GDPC1","2/3","BLR","hom","leg3","b","post2020-outl",1,1,2
"CRPS","GDPC1","2/3","BLR","hom","leg3","f","post2020-outl",1,1,2
"CRPS","GDPC1","2/3","BLR","hom","leg5","s","post2020-outl",1,1,2
"CRPS","GDPC1","2/3","BLR","hom","leg5","b","post2020-outl",0,1,1
"CRPS","GDPC1","2/3","BLR","hom","leg5","f","post2020-outl",1,1,2
"CRPS","GDPC1","2/3","BLR","hom","ber3","s","post2020-outl",1,1,2
"CRPS","GDPC1","2/3","BLR","hom","ber3","b","post2020-outl",1,1,2
"CRPS","GDPC1","2/3","BLR","hom","ber3","f","post2020-outl",1,1,2
"CRPS","GDPC1","2/3","BLR","hom","ber5","s","post2020-outl",1,1,2
"CRPS","GDPC1","2/3","BLR","hom","ber5","b","post2020-outl",0,0,0
"CRPS","GDPC1","2/3","BLR","hom","ber5","f","post2020-outl",1,1,2
"CRPS","GDPC1","2/3","BLR","hom","fou3","s","post2020-outl",1,1,2
"CRPS","GDPC1","2/3","BLR","hom","fou3","b","post2020-outl",0,0,0
"CRPS","GDPC1","2/3","BLR","hom","fou3","f","post2020-outl",1,1,2
"CRPS","GDPC1","2/3","BART","hom","blu","s","post2020-outl",1,1,2
"CRPS","GDPC1","2/3","BART","hom","blu","b","post2020-outl",1,1,2
"CRPS","GDPC1","2/3","BART","hom","blu","f","post2020-outl",1,1,2
"CRPS","GDPC1","2/3","BART","hom","svd","s","post2020-outl",0,1,1
"CRPS","GDPC1","2/3","BART","hom","svd","b","post2020-outl",1,1,2
"CRPS","GDPC1","2/3","BART","hom","svd","f","post2020-outl",0,0,0
"CRPS","GDPC1","2/3","BART","hom","br","s","post2020-outl",1,1,2
"CRPS","GDPC1","2/3","BART","hom","br","b","post2020-outl",0,0,0
"CRPS","GDPC1","2/3","BART","hom","br","f","post2020-outl",1,1,2
"CRPS","GDPC1","2/3","BART","hom","eq","s","post2020-outl",1,1,2
"CRPS","GDPC1","2/3","BART","hom","eq","b","post2020-outl",1,1,2
"CRPS","GDPC1","2/3","BART","hom","eq","f","post2020-outl",0,1,1
"CRPS","GDPC1","2/3","BART","hom","xalm","s","post2020-outl",1,1,2
"CRPS","GDPC1","2/3","BART","hom","xalm","b","post2020-outl",1,1,2
"CRPS","GDPC1","2/3","BART","hom","xalm","f","post2020-outl",0,0,0
"CRPS","GDPC1","2/3","BART","hom","alm3","s","post2020-outl",0,0,0
"CRPS","GDPC1","2/3","BART","hom","alm3","b","post2020-outl",1,1,2
"CRPS","GDPC1","2/3","BART","hom","alm3","f","post2020-outl",0,0,0
"CRPS","GDPC1","2/3","BART","hom","leg3","s","post2020-outl",1,1,2
"CRPS","GDPC1","2/3","BART","hom","leg3","b","post2020-outl",1,1,2
"CRPS","GDPC1","2/3","BART","hom","leg3","f","post2020-outl",0,1,1
"CRPS","GDPC1","2/3","BART","hom","leg5","s","post2020-outl",1,1,2
"CRPS","GDPC1","2/3","BART","hom","leg5","b","post2020-outl",1,1,2
"CRPS","GDPC1","2/3","BART","hom","leg5","f","post2020-outl",1,1,2
"CRPS","GDPC1","2/3","BART","hom","ber3","s","post2020-outl",1,1,2
"CRPS","GDPC1","2/3","BART","hom","ber3","b","post2020-outl",1,1,2
"CRPS","GDPC1","2/3","BART","hom","ber3","f","post2020-outl",1,1,2
"CRPS","GDPC1","2/3","BART","hom","ber5","s","post2020-outl",1,1,2
"CRPS","GDPC1","2/3","BART","hom","ber5","b","post2020-outl",0,0,0
"CRPS","GDPC1","2/3","BART","hom","ber5","f","post2020-outl",1,1,2
"CRPS","GDPC1","2/3","BART","hom","fou3","s","post2020-outl",1,1,2
"CRPS","GDPC1","2/3","BART","hom","fou3","b","post2020-outl",1,1,2
"CRPS","GDPC1","2/3","BART","hom","fou3","f","post2020-outl",0,0,0
"CRPS","GDPC1","2/3","GP","hom","blu","s","post2020-outl",1,1,2
"CRPS","GDPC1","2/3","GP","hom","blu","b","post2020-outl",1,1,2
"CRPS","GDPC1","2/3","GP","hom","blu","f","post2020-outl",1,1,2
"CRPS","GDPC1","2/3","GP","hom","svd","s","post2020-outl",0,0,0
"CRPS","GDPC1","2/3","GP","hom","svd","b","post2020-outl",0,0,0
"CRPS","GDPC1","2/3","GP","hom","svd","f","post2020-outl",0,0,0
"CRPS","GDPC1","2/3","GP","hom","br","s","post2020-outl",1,1,2
"CRPS","GDPC1","2/3","GP","hom","br","b","post2020-outl",1,1,2
"CRPS","GDPC1","2/3","GP","hom","br","f","post2020-outl",1,1,2
"CRPS","GDPC1","2/3","GP","hom","eq","s","post2020-outl",0,1,1
"CRPS","GDPC1","2/3","GP","hom","eq","b","post2020-outl",0,0,0
"CRPS","GDPC1","2/3","GP","hom","eq","f","post2020-outl",0,0,0
"CRPS","GDPC1","2/3","GP","hom","xalm","s","post2020-outl",1,1,2
"CRPS","GDPC1","2/3","GP","hom","xalm","b","post2020-outl",0,1,1
"CRPS","GDPC1","2/3","GP","hom","xalm","f","post2020-outl",1,1,2
"CRPS","GDPC1","2/3","GP","hom","alm3","s","post2020-outl",1,1,2
"CRPS","GDPC1","2/3","GP","hom","alm3","b","post2020-outl",1,1,2
"CRPS","GDPC1","2/3","GP","hom","alm3","f","post2020-outl",1,1,2
"CRPS","GDPC1","2/3","GP","hom","leg3","s","post2020-outl",1,1,2
"CRPS","GDPC1","2/3","GP","hom","leg3","b","post2020-outl",1,1,2
"CRPS","GDPC1","2/3","GP","hom","leg3","f","post2020-outl",1,1,2
"CRPS","GDPC1","2/3","GP","hom","leg5","s","post2020-outl",1,1,2
"CRPS","GDPC1","2/3","GP","hom","leg5","b","post2020-outl",1,1,2
"CRPS","GDPC1","2/3","GP","hom","leg5","f","post2020-outl",1,1,2
"CRPS","GDPC1","2/3","GP","hom","ber3","s","post2020-outl",1,1,2
"CRPS","GDPC1","2/3","GP","hom","ber3","b","post2020-outl",1,1,2
"CRPS","GDPC1","2/3","GP","hom","ber3","f","post2020-outl",1,1,2
"CRPS","GDPC1","2/3","GP","hom","ber5","s","post2020-outl",1,1,2
"CRPS","GDPC1","2/3","GP","hom","ber5","b","post2020-outl",1,1,2
"CRPS","GDPC1","2/3","GP","hom","ber5","f","post2020-outl",1,1,2
"CRPS","GDPC1","2/3","GP","hom","fou3","s","post2020-outl",1,1,2
"CRPS","GDPC1","2/3","GP","hom","fou3","b","post2020-outl",1,1,2
"CRPS","GDPC1","2/3","GP","hom","fou3","f","post2020-outl",1,1,2
"CRPS","GDPC1","2/3","BLR","sv","blu","s","post2020-outl",1,1,2
"CRPS","GDPC1","2/3","BLR","sv","blu","b","post2020-outl",0,0,0
"CRPS","GDPC1","2/3","BLR","sv","blu","f","post2020-outl",1,1,2
"CRPS","GDPC1","2/3","BLR","sv","svd","s","post2020-outl",1,1,2
"CRPS","GDPC1","2/3","BLR","sv","svd","b","post2020-outl",1,1,2
"CRPS","GDPC1","2/3","BLR","sv","svd","f","post2020-outl",1,1,2
"CRPS","GDPC1","2/3","BLR","sv","br","s","post2020-outl",1,1,2
"CRPS","GDPC1","2/3","BLR","sv","br","b","post2020-outl",0,1,1
"CRPS","GDPC1","2/3","BLR","sv","br","f","post2020-outl",1,1,2
"CRPS","GDPC1","2/3","BLR","sv","eq","s","post2020-outl",1,1,2
"CRPS","GDPC1","2/3","BLR","sv","eq","b","post2020-outl",1,1,2
"CRPS","GDPC1","2/3","BLR","sv","eq","f","post2020-outl",0,0,0
"CRPS","GDPC1","2/3","BLR","sv","xalm","s","post2020-outl",1,1,2
"CRPS","GDPC1","2/3","BLR","sv","xalm","b","post2020-outl",1,1,2
"CRPS","GDPC1","2/3","BLR","sv","xalm","f","post2020-outl",1,1,2
"CRPS","GDPC1","2/3","BLR","sv","alm3","s","post2020-outl",1,1,2
"CRPS","GDPC1","2/3","BLR","sv","alm3","b","post2020-outl",0,0,0
"CRPS","GDPC1","2/3","BLR","sv","alm3","f","post2020-outl",1,1,2
"CRPS","GDPC1","2/3","BLR","sv","leg3","s","post2020-outl",1,1,2
"CRPS","GDPC1","2/3","BLR","sv","leg3","b","post2020-outl",1,1,2
"CRPS","GDPC1","2/3","BLR","sv","leg3","f","post2020-outl",1,1,2
"CRPS","GDPC1","2/3","BLR","sv","leg5","s","post2020-outl",1,1,2
"CRPS","GDPC1","2/3","BLR","sv","leg5","b","post2020-outl",0,1,1
"CRPS","GDPC1","2/3","BLR","sv","leg5","f","post2020-outl",1,1,2
"CRPS","GDPC1","2/3","BLR","sv","ber3","s","post2020-outl",1,1,2
"CRPS","GDPC1","2/3","BLR","sv","ber3","b","post2020-outl",1,1,2
"CRPS","GDPC1","2/3","BLR","sv","ber3","f","post2020-outl",1,1,2
"CRPS","GDPC1","2/3","BLR","sv","ber5","s","post2020-outl",1,1,2
"CRPS","GDPC1","2/3","BLR","sv","ber5","b","post2020-outl",0,0,0
"CRPS","GDPC1","2/3","BLR","sv","ber5","f","post2020-outl",1,1,2
"CRPS","GDPC1","2/3","BLR","sv","fou3","s","post2020-outl",1,1,2
"CRPS","GDPC1","2/3","BLR","sv","fou3","b","post2020-outl",0,0,0
"CRPS","GDPC1","2/3","BLR","sv","fou3","f","post2020-outl",1,1,2
"CRPS","GDPC1","2/3","BART","sv","blu","s","post2020-outl",1,1,2
"CRPS","GDPC1","2/3","BART","sv","blu","b","post2020-outl",1,1,2
"CRPS","GDPC1","2/3","BART","sv","blu","f","post2020-outl",1,1,2
"CRPS","GDPC1","2/3","BART","sv","svd","s","post2020-outl",1,1,2
"CRPS","GDPC1","2/3","BART","sv","svd","b","post2020-outl",0,1,1
"CRPS","GDPC1","2/3","BART","sv","svd","f","post2020-outl",0,0,0
"CRPS","GDPC1","2/3","BART","sv","br","s","post2020-outl",1,1,2
"CRPS","GDPC1","2/3","BART","sv","br","b","post2020-outl",0,0,0
"CRPS","GDPC1","2/3","BART","sv","br","f","post2020-outl",0,0,0
"CRPS","GDPC1","2/3","BART","sv","eq","s","post2020-outl",1,1,2
"CRPS","GDPC1","2/3","BART","sv","eq","b","post2020-outl",0,0,0
"CRPS","GDPC1","2/3","BART","sv","eq","f","post2020-outl",0,1,1
"CRPS","GDPC1","2/3","BART","sv","xalm","s","post2020-outl",1,1,2
"CRPS","GDPC1","2/3","BART","sv","xalm","b","post2020-outl",0,1,1
"CRPS","GDPC1","2/3","BART","sv","xalm","f","post2020-outl",0,0,0
"CRPS","GDPC1","2/3","BART","sv","alm3","s","post2020-outl",1,1,2
"CRPS","GDPC1","2/3","BART","sv","alm3","b","post2020-outl",0,0,0
"CRPS","GDPC1","2/3","BART","sv","alm3","f","post2020-outl",0,0,0
"CRPS","GDPC1","2/3","BART","sv","leg3","s","post2020-outl",1,1,2
"CRPS","GDPC1","2/3","BART","sv","leg3","b","post2020-outl",1,1,2
"CRPS","GDPC1","2/3","BART","sv","leg3","f","post2020-outl",1,1,2
"CRPS","GDPC1","2/3","BART","sv","leg5","s","post2020-outl",1,1,2
"CRPS","GDPC1","2/3","BART","sv","leg5","b","post2020-outl",1,1,2
"CRPS","GDPC1","2/3","BART","sv","leg5","f","post2020-outl",1,1,2
"CRPS","GDPC1","2/3","BART","sv","ber3","s","post2020-outl",1,1,2
"CRPS","GDPC1","2/3","BART","sv","ber3","b","post2020-outl",1,1,2
"CRPS","GDPC1","2/3","BART","sv","ber3","f","post2020-outl",1,1,2
"CRPS","GDPC1","2/3","BART","sv","ber5","s","post2020-outl",0,0,0
"CRPS","GDPC1","2/3","BART","sv","ber5","b","post2020-outl",1,1,2
"CRPS","GDPC1","2/3","BART","sv","ber5","f","post2020-outl",1,1,2
"CRPS","GDPC1","2/3","BART","sv","fou3","s","post2020-outl",1,1,2
"CRPS","GDPC1","2/3","BART","sv","fou3","b","post2020-outl",1,1,2
"CRPS","GDPC1","2/3","BART","sv","fou3","f","post2020-outl",0,0,0
"CRPS","GDPC1","2/3","GP","sv","blu","s","post2020-outl",1,1,2
"CRPS","GDPC1","2/3","GP","sv","blu","b","post2020-outl",1,1,2
"CRPS","GDPC1","2/3","GP","sv","blu","f","post2020-outl",1,1,2
"CRPS","GDPC1","2/3","GP","sv","svd","s","post2020-outl",1,1,2
"CRPS","GDPC1","2/3","GP","sv","svd","b","post2020-outl",1,1,2
"CRPS","GDPC1","2/3","GP","sv","svd","f","post2020-outl",1,1,2
"CRPS","GDPC1","2/3","GP","sv","br","s","post2020-outl",1,1,2
"CRPS","GDPC1","2/3","GP","sv","br","b","post2020-outl",1,1,2
"CRPS","GDPC1","2/3","GP","sv","br","f","post2020-outl",1,1,2
"CRPS","GDPC1","2/3","GP","sv","eq","s","post2020-outl",1,1,2
"CRPS","GDPC1","2/3","GP","sv","eq","b","post2020-outl",1,1,2
"CRPS","GDPC1","2/3","GP","sv","eq","f","post2020-outl",1,1,2
"CRPS","GDPC1","2/3","GP","sv","xalm","s","post2020-outl",1,1,2
"CRPS","GDPC1","2/3","GP","sv","xalm","b","post2020-outl",1,1,2
"CRPS","GDPC1","2/3","GP","sv","xalm","f","post2020-outl",1,1,2
"CRPS","GDPC1","2/3","GP","sv","alm3","s","post2020-outl",1,1,2
"CRPS","GDPC1","2/3","GP","sv","alm3","b","post2020-outl",1,1,2
"CRPS","GDPC1","2/3","GP","sv","alm3","f","post2020-outl",1,1,2
"CRPS","GDPC1","2/3","GP","sv","leg3","s","post2020-outl",1,1,2
"CRPS","GDPC1","2/3","GP","sv","leg3","b","post2020-outl",1,1,2
"CRPS","GDPC1","2/3","GP","sv","leg3","f","post2020-outl",1,1,2
"CRPS","GDPC1","2/3","GP","sv","leg5","s","post2020-outl",1,1,2
"CRPS","GDPC1","2/3","GP","sv","leg5","b","post2020-outl",1,1,2
"CRPS","GDPC1","2/3","GP","sv","leg5","f","post2020-outl",1,1,2
"CRPS","GDPC1","2/3","GP","sv","ber3","s","post2020-outl",1,1,2
"CRPS","GDPC1","2/3","GP","sv","ber3","b","post2020-outl",1,1,2
"CRPS","GDPC1","2/3","GP","sv","ber3","f","post2020-outl",1,1,2
"CRPS","GDPC1","2/3","GP","sv","ber5","s","post2020-outl",1,1,2
"CRPS","GDPC1","2/3","GP","sv","ber5","b","post2020-outl",1,1,2
"CRPS","GDPC1","2/3","GP","sv","ber5","f","post2020-outl",1,1,2
"CRPS","GDPC1","2/3","GP","sv","fou3","s","post2020-outl",1,1,2
"CRPS","GDPC1","2/3","GP","sv","fou3","b","post2020-outl",1,1,2
"CRPS","GDPC1","2/3","GP","sv","fou3","f","post2020-outl",1,1,2
"CRPS","GDPC1","2/3","MFVAR","hom","blu","s","post2020-outl",1,1,2
"CRPS","GDPC1","2/3","MFVAR","hom","blu","f","post2020-outl",1,1,2
"CRPS","GDPC1","2/3","MFVAR","sv","blu","s","post2020-outl",1,1,2
"CRPS","GDPC1","2/3","MFVAR","sv","blu","f","post2020-outl",1,1,2
"CRPS","GDPCTPI","2/3","BLR","hom","blu","s","post2020-outl",0,0,0
"CRPS","GDPCTPI","2/3","BLR","hom","blu","b","post2020-outl",0,0,0
"CRPS","GDPCTPI","2/3","BLR","hom","blu","f","post2020-outl",0,1,1
"CRPS","GDPCTPI","2/3","BLR","hom","svd","s","post2020-outl",0,0,0
"CRPS","GDPCTPI","2/3","BLR","hom","svd","b","post2020-outl",0,0,0
"CRPS","GDPCTPI","2/3","BLR","hom","svd","f","post2020-outl",1,1,2
"CRPS","GDPCTPI","2/3","BLR","hom","br","s","post2020-outl",0,0,0
"CRPS","GDPCTPI","2/3","BLR","hom","br","b","post2020-outl",1,1,2
"CRPS","GDPCTPI","2/3","BLR","hom","br","f","post2020-outl",0,0,0
"CRPS","GDPCTPI","2/3","BLR","hom","eq","s","post2020-outl",1,1,2
"CRPS","GDPCTPI","2/3","BLR","hom","eq","b","post2020-outl",1,1,2
"CRPS","GDPCTPI","2/3","BLR","hom","eq","f","post2020-outl",0,1,1
"CRPS","GDPCTPI","2/3","BLR","hom","xalm","s","post2020-outl",1,1,2
"CRPS","GDPCTPI","2/3","BLR","hom","xalm","b","post2020-outl",1,1,2
"CRPS","GDPCTPI","2/3","BLR","hom","xalm","f","post2020-outl",1,1,2
"CRPS","GDPCTPI","2/3","BLR","hom","alm3","s","post2020-outl",0,0,0
"CRPS","GDPCTPI","2/3","BLR","hom","alm3","b","post2020-outl",0,0,0
"CRPS","GDPCTPI","2/3","BLR","hom","alm3","f","post2020-outl",0,0,0
"CRPS","GDPCTPI","2/3","BLR","hom","leg3","s","post2020-outl",1,1,2
"CRPS","GDPCTPI","2/3","BLR","hom","leg3","b","post2020-outl",0,0,0
"CRPS","GDPCTPI","2/3","BLR","hom","leg3","f","post2020-outl",1,1,2
"CRPS","GDPCTPI","2/3","BLR","hom","leg5","s","post2020-outl",1,1,2
"CRPS","GDPCTPI","2/3","BLR","hom","leg5","b","post2020-outl",0,0,0
"CRPS","GDPCTPI","2/3","BLR","hom","leg5","f","post2020-outl",0,1,1
"CRPS","GDPCTPI","2/3","BLR","hom","ber3","s","post2020-outl",0,0,0
"CRPS","GDPCTPI","2/3","BLR","hom","ber3","b","post2020-outl",1,1,2
"CRPS","GDPCTPI","2/3","BLR","hom","ber3","f","post2020-outl",1,1,2
"CRPS","GDPCTPI","2/3","BLR","hom","ber5","s","post2020-outl",1,1,2
"CRPS","GDPCTPI","2/3","BLR","hom","ber5","b","post2020-outl",0,0,0
"CRPS","GDPCTPI","2/3","BLR","hom","ber5","f","post2020-outl",1,1,2
"CRPS","GDPCTPI","2/3","BLR","hom","fou3","s","post2020-outl",0,0,0
"CRPS","GDPCTPI","2/3","BLR","hom","fou3","b","post2020-outl",0,0,0
"CRPS","GDPCTPI","2/3","BLR","hom","fou3","f","post2020-outl",1,1,2
"CRPS","GDPCTPI","2/3","BART","hom","blu","s","post2020-outl",0,1,1
"CRPS","GDPCTPI","2/3","BART","hom","blu","b","post2020-outl",1,1,2
"CRPS","GDPCTPI","2/3","BART","hom","blu","f","post2020-outl",0,0,0
"CRPS","GDPCTPI","2/3","BART","hom","svd","s","post2020-outl",0,0,0
"CRPS","GDPCTPI","2/3","BART","hom","svd","b","post2020-outl",0,0,0
"CRPS","GDPCTPI","2/3","BART","hom","svd","f","post2020-outl",0,0,0
"CRPS","GDPCTPI","2/3","BART","hom","br","s","post2020-outl",0,0,0
"CRPS","GDPCTPI","2/3","BART","hom","br","b","post2020-outl",1,1,2
"CRPS","GDPCTPI","2/3","BART","hom","br","f","post2020-outl",0,0,0
"CRPS","GDPCTPI","2/3","BART","hom","eq","s","post2020-outl",0,0,0
"CRPS","GDPCTPI","2/3","BART","hom","eq","b","post2020-outl",1,1,2
"CRPS","GDPCTPI","2/3","BART","hom","eq","f","post2020-outl",0,0,0
"CRPS","GDPCTPI","2/3","BART","hom","xalm","s","post2020-outl",0,0,0
"CRPS","GDPCTPI","2/3","BART","hom","xalm","b","post2020-outl",1,1,2
"CRPS","GDPCTPI","2/3","BART","hom","xalm","f","post2020-outl",0,0,0
"CRPS","GDPCTPI","2/3","BART","hom","alm3","s","post2020-outl",0,0,0
"CRPS","GDPCTPI","2/3","BART","hom","alm3","b","post2020-outl",1,1,2
"CRPS","GDPCTPI","2/3","BART","hom","alm3","f","post2020-outl",0,0,0
"CRPS","GDPCTPI","2/3","BART","hom","leg3","s","post2020-outl",0,1,1
"CRPS","GDPCTPI","2/3","BART","hom","leg3","b","post2020-outl",1,1,2
"CRPS","GDPCTPI","2/3","BART","hom","leg3","f","post2020-outl",0,1,1
"CRPS","GDPCTPI","2/3","BART","hom","leg5","s","post2020-outl",0,1,1
"CRPS","GDPCTPI","2/3","BART","hom","leg5","b","post2020-outl",1,1,2
"CRPS","GDPCTPI","2/3","BART","hom","leg5","f","post2020-outl",0,1,1
"CRPS","GDPCTPI","2/3","BART","hom","ber3","s","post2020-outl",1,1,2
"CRPS","GDPCTPI","2/3","BART","hom","ber3","b","post2020-outl",1,1,2
"CRPS","GDPCTPI","2/3","BART","hom","ber3","f","post2020-outl",0,0,0
"CRPS","GDPCTPI","2/3","BART","hom","ber5","s","post2020-outl",0,0,0
"CRPS","GDPCTPI","2/3","BART","hom","ber5","b","post2020-outl",1,1,2
"CRPS","GDPCTPI","2/3","BART","hom","ber5","f","post2020-outl",0,1,1
"CRPS","GDPCTPI","2/3","BART","hom","fou3","s","post2020-outl",0,0,0
"CRPS","GDPCTPI","2/3","BART","hom","fou3","b","post2020-outl",1,1,2
"CRPS","GDPCTPI","2/3","BART","hom","fou3","f","post2020-outl",0,0,0
"CRPS","GDPCTPI","2/3","GP","hom","blu","s","post2020-outl",0,0,0
"CRPS","GDPCTPI","2/3","GP","hom","blu","b","post2020-outl",0,0,0
"CRPS","GDPCTPI","2/3","GP","hom","blu","f","post2020-outl",0,0,0
"CRPS","GDPCTPI","2/3","GP","hom","svd","s","post2020-outl",1,1,2
"CRPS","GDPCTPI","2/3","GP","hom","svd","b","post2020-outl",1,1,2
"CRPS","GDPCTPI","2/3","GP","hom","svd","f","post2020-outl",1,1,2
"CRPS","GDPCTPI","2/3","GP","hom","br","s","post2020-outl",0,0,0
"CRPS","GDPCTPI","2/3","GP","hom","br","b","post2020-outl",0,0,0
"CRPS","GDPCTPI","2/3","GP","hom","br","f","post2020-outl",1,1,2
"CRPS","GDPCTPI","2/3","GP","hom","eq","s","post2020-outl",0,0,0
"CRPS","GDPCTPI","2/3","GP","hom","eq","b","post2020-outl",1,1,2
"CRPS","GDPCTPI","2/3","GP","hom","eq","f","post2020-outl",1,1,2
"CRPS","GDPCTPI","2/3","GP","hom","xalm","s","post2020-outl",1,1,2
"CRPS","GDPCTPI","2/3","GP","hom","xalm","b","post2020-outl",1,1,2
"CRPS","GDPCTPI","2/3","GP","hom","xalm","f","post2020-outl",1,1,2
"CRPS","GDPCTPI","2/3","GP","hom","alm3","s","post2020-outl",0,0,0
"CRPS","GDPCTPI","2/3","GP","hom","alm3","b","post2020-outl",0,1,1
"CRPS","GDPCTPI","2/3","GP","hom","alm3","f","post2020-outl",0,1,1
"CRPS","GDPCTPI","2/3","GP","hom","leg3","s","post2020-outl",0,0,0
"CRPS","GDPCTPI","2/3","GP","hom","leg3","b","post2020-outl",0,0,0
"CRPS","GDPCTPI","2/3","GP","hom","leg3","f","post2020-outl",0,0,0
"CRPS","GDPCTPI","2/3","GP","hom","leg5","s","post2020-outl",0,0,0
"CRPS","GDPCTPI","2/3","GP","hom","leg5","b","post2020-outl",0,0,0
"CRPS","GDPCTPI","2/3","GP","hom","leg5","f","post2020-outl",0,0,0
"CRPS","GDPCTPI","2/3","GP","hom","ber3","s","post2020-outl",0,0,0
"CRPS","GDPCTPI","2/3","GP","hom","ber3","b","post2020-outl",1,1,2
"CRPS","GDPCTPI","2/3","GP","hom","ber3","f","post2020-outl",1,1,2
"CRPS","GDPCTPI","2/3","GP","hom","ber5","s","post2020-outl",0,0,0
"CRPS","GDPCTPI","2/3","GP","hom","ber5","b","post2020-outl",0,0,0
"CRPS","GDPCTPI","2/3","GP","hom","ber5","f","post2020-outl",1,1,2
"CRPS","GDPCTPI","2/3","GP","hom","fou3","s","post2020-outl",0,0,0
"CRPS","GDPCTPI","2/3","GP","hom","fou3","b","post2020-outl",1,1,2
"CRPS","GDPCTPI","2/3","GP","hom","fou3","f","post2020-outl",1,1,2
"CRPS","GDPCTPI","2/3","BLR","sv","blu","s","post2020-outl",1,1,2
"CRPS","GDPCTPI","2/3","BLR","sv","blu","b","post2020-outl",0,0,0
"CRPS","GDPCTPI","2/3","BLR","sv","blu","f","post2020-outl",1,1,2
"CRPS","GDPCTPI","2/3","BLR","sv","svd","s","post2020-outl",1,1,2
"CRPS","GDPCTPI","2/3","BLR","sv","svd","b","post2020-outl",1,1,2
"CRPS","GDPCTPI","2/3","BLR","sv","svd","f","post2020-outl",1,1,2
"CRPS","GDPCTPI","2/3","BLR","sv","br","s","post2020-outl",1,1,2
"CRPS","GDPCTPI","2/3","BLR","sv","br","b","post2020-outl",1,1,2
"CRPS","GDPCTPI","2/3","BLR","sv","br","f","post2020-outl",1,1,2
"CRPS","GDPCTPI","2/3","BLR","sv","eq","s","post2020-outl",1,1,2
"CRPS","GDPCTPI","2/3","BLR","sv","eq","b","post2020-outl",1,1,2
"CRPS","GDPCTPI","2/3","BLR","sv","eq","f","post2020-outl",1,1,2
"CRPS","GDPCTPI","2/3","BLR","sv","xalm","s","post2020-outl",1,1,2
"CRPS","GDPCTPI","2/3","BLR","sv","xalm","b","post2020-outl",1,1,2
"CRPS","GDPCTPI","2/3","BLR","sv","xalm","f","post2020-outl",1,1,2
"CRPS","GDPCTPI","2/3","BLR","sv","alm3","s","post2020-outl",1,1,2
"CRPS","GDPCTPI","2/3","BLR","sv","alm3","b","post2020-outl",1,1,2
"CRPS","GDPCTPI","2/3","BLR","sv","alm3","f","post2020-outl",1,1,2
"CRPS","GDPCTPI","2/3","BLR","sv","leg3","s","post2020-outl",1,1,2
"CRPS","GDPCTPI","2/3","BLR","sv","leg3","b","post2020-outl",1,1,2
"CRPS","GDPCTPI","2/3","BLR","sv","leg3","f","post2020-outl",1,1,2
"CRPS","GDPCTPI","2/3","BLR","sv","leg5","s","post2020-outl",1,1,2
"CRPS","GDPCTPI","2/3","BLR","sv","leg5","b","post2020-outl",0,0,0
"CRPS","GDPCTPI","2/3","BLR","sv","leg5","f","post2020-outl",1,1,2
"CRPS","GDPCTPI","2/3","BLR","sv","ber3","s","post2020-outl",1,1,2
"CRPS","GDPCTPI","2/3","BLR","sv","ber3","b","post2020-outl",1,1,2
"CRPS","GDPCTPI","2/3","BLR","sv","ber3","f","post2020-outl",1,1,2
"CRPS","GDPCTPI","2/3","BLR","sv","ber5","s","post2020-outl",1,1,2
"CRPS","GDPCTPI","2/3","BLR","sv","ber5","b","post2020-outl",0,1,1
"CRPS","GDPCTPI","2/3","BLR","sv","ber5","f","post2020-outl",1,1,2
"CRPS","GDPCTPI","2/3","BLR","sv","fou3","s","post2020-outl",1,1,2
"CRPS","GDPCTPI","2/3","BLR","sv","fou3","b","post2020-outl",1,1,2
"CRPS","GDPCTPI","2/3","BLR","sv","fou3","f","post2020-outl",1,1,2
"CRPS","GDPCTPI","2/3","BART","sv","blu","s","post2020-outl",0,0,0
"CRPS","GDPCTPI","2/3","BART","sv","blu","b","post2020-outl",0,0,0
"CRPS","GDPCTPI","2/3","BART","sv","blu","f","post2020-outl",0,0,0
"CRPS","GDPCTPI","2/3","BART","sv","svd","s","post2020-outl",0,0,0
"CRPS","GDPCTPI","2/3","BART","sv","svd","b","post2020-outl",0,0,0
"CRPS","GDPCTPI","2/3","BART","sv","svd","f","post2020-outl",0,0,0
"CRPS","GDPCTPI","2/3","BART","sv","br","s","post2020-outl",0,0,0
"CRPS","GDPCTPI","2/3","BART","sv","br","b","post2020-outl",0,0,0
"CRPS","GDPCTPI","2/3","BART","sv","br","f","post2020-outl",0,0,0
"CRPS","GDPCTPI","2/3","BART","sv","eq","s","post2020-outl",0,1,1
"CRPS","GDPCTPI","2/3","BART","sv","eq","b","post2020-outl",1,1,2
"CRPS","GDPCTPI","2/3","BART","sv","eq","f","post2020-outl",0,0,0
"CRPS","GDPCTPI","2/3","BART","sv","xalm","s","post2020-outl",0,1,1
"CRPS","GDPCTPI","2/3","BART","sv","xalm","b","post2020-outl",1,1,2
"CRPS","GDPCTPI","2/3","BART","sv","xalm","f","post2020-outl",0,1,1
"CRPS","GDPCTPI","2/3","BART","sv","alm3","s","post2020-outl",0,0,0
"CRPS","GDPCTPI","2/3","BART","sv","alm3","b","post2020-outl",1,1,2
"CRPS","GDPCTPI","2/3","BART","sv","alm3","f","post2020-outl",0,0,0
"CRPS","GDPCTPI","2/3","BART","sv","leg3","s","post2020-outl",0,0,0
"CRPS","GDPCTPI","2/3","BART","sv","leg3","b","post2020-outl",0,0,0
"CRPS","GDPCTPI","2/3","BART","sv","leg3","f","post2020-outl",0,0,0
"CRPS","GDPCTPI","2/3","BART","sv","leg5","s","post2020-outl",0,1,1
"CRPS","GDPCTPI","2/3","BART","sv","leg5","b","post2020-outl",1,1,2
"CRPS","GDPCTPI","2/3","BART","sv","leg5","f","post2020-outl",1,1,2
"CRPS","GDPCTPI","2/3","BART","sv","ber3","s","post2020-outl",1,1,2
"CRPS","GDPCTPI","2/3","BART","sv","ber3","b","post2020-outl",0,0,0
"CRPS","GDPCTPI","2/3","BART","sv","ber3","f","post2020-outl",0,0,0
"CRPS","GDPCTPI","2/3","BART","sv","ber5","s","post2020-outl",0,1,1
"CRPS","GDPCTPI","2/3","BART","sv","ber5","b","post2020-outl",0,0,0
"CRPS","GDPCTPI","2/3","BART","sv","ber5","f","post2020-outl",0,0,0
"CRPS","GDPCTPI","2/3","BART","sv","fou3","s","post2020-outl",1,1,2
"CRPS","GDPCTPI","2/3","BART","sv","fou3","b","post2020-outl",1,1,2
"CRPS","GDPCTPI","2/3","BART","sv","fou3","f","post2020-outl",0,0,0
"CRPS","GDPCTPI","2/3","GP","sv","blu","s","post2020-outl",0,1,1
"CRPS","GDPCTPI","2/3","GP","sv","blu","b","post2020-outl",0,0,0
"CRPS","GDPCTPI","2/3","GP","sv","blu","f","post2020-outl",0,0,0
"CRPS","GDPCTPI","2/3","GP","sv","svd","s","post2020-outl",1,1,2
"CRPS","GDPCTPI","2/3","GP","sv","svd","b","post2020-outl",1,1,2
"CRPS","GDPCTPI","2/3","GP","sv","svd","f","post2020-outl",1,1,2
"CRPS","GDPCTPI","2/3","GP","sv","br","s","post2020-outl",1,1,2
"CRPS","GDPCTPI","2/3","GP","sv","br","b","post2020-outl",0,0,0
"CRPS","GDPCTPI","2/3","GP","sv","br","f","post2020-outl",1,1,2
"CRPS","GDPCTPI","2/3","GP","sv","eq","s","post2020-outl",1,1,2
"CRPS","GDPCTPI","2/3","GP","sv","eq","b","post2020-outl",1,1,2
"CRPS","GDPCTPI","2/3","GP","sv","eq","f","post2020-outl",1,1,2
"CRPS","GDPCTPI","2/3","GP","sv","xalm","s","post2020-outl",1,1,2
"CRPS","GDPCTPI","2/3","GP","sv","xalm","b","post2020-outl",1,1,2
"CRPS","GDPCTPI","2/3","GP","sv","xalm","f","post2020-outl",1,1,2
"CRPS","GDPCTPI","2/3","GP","sv","alm3","s","post2020-outl",0,1,1
"CRPS","GDPCTPI","2/3","GP","sv","alm3","b","post2020-outl",1,1,2
"CRPS","GDPCTPI","2/3","GP","sv","alm3","f","post2020-outl",0,0,0
"CRPS","GDPCTPI","2/3","GP","sv","leg3","s","post2020-outl",1,1,2
"CRPS","GDPCTPI","2/3","GP","sv","leg3","b","post2020-outl",0,0,0
"CRPS","GDPCTPI","2/3","GP","sv","leg3","f","post2020-outl",0,0,0
"CRPS","GDPCTPI","2/3","GP","sv","leg5","s","post2020-outl",0,0,0
"CRPS","GDPCTPI","2/3","GP","sv","leg5","b","post2020-outl",0,0,0
"CRPS","GDPCTPI","2/3","GP","sv","leg5","f","post2020-outl",0,1,1
"CRPS","GDPCTPI","2/3","GP","sv","ber3","s","post2020-outl",1,1,2
"CRPS","GDPCTPI","2/3","GP","sv","ber3","b","post2020-outl",1,1,2
"CRPS","GDPCTPI","2/3","GP","sv","ber3","f","post2020-outl",1,1,2
"CRPS","GDPCTPI","2/3","GP","sv","ber5","s","post2020-outl",1,1,2
"CRPS","GDPCTPI","2/3","GP","sv","ber5","b","post2020-outl",0,0,0
"CRPS","GDPCTPI","2/3","GP","sv","ber5","f","post2020-outl",1,1,2
"CRPS","GDPCTPI","2/3","GP","sv","fou3","s","post2020-outl",0,1,1
"CRPS","GDPCTPI","2/3","GP","sv","fou3","b","post2020-outl",1,1,2
"CRPS","GDPCTPI","2/3","GP","sv","fou3","f","post2020-outl",0,1,1
"CRPS","GDPCTPI","2/3","MFVAR","hom","blu","s","post2020-outl",0,1,1
"CRPS","GDPCTPI","2/3","MFVAR","hom","blu","f","post2020-outl",0,0,0
"CRPS","GDPCTPI","2/3","MFVAR","sv","blu","s","post2020-outl",0,0,0
"CRPS","GDPCTPI","2/3","MFVAR","sv","blu","f","post2020-outl",0,0,0
"CRPS","GDPC1","1/3","BLR","hom","blu","s","post2020-outl",1,1,2
"CRPS","GDPC1","1/3","BLR","hom","blu","b","post2020-outl",0,0,0
"CRPS","GDPC1","1/3","BLR","hom","blu","f","post2020-outl",1,1,2
"CRPS","GDPC1","1/3","BLR","hom","svd","s","post2020-outl",0,0,0
"CRPS","GDPC1","1/3","BLR","hom","svd","b","post2020-outl",0,0,0
"CRPS","GDPC1","1/3","BLR","hom","svd","f","post2020-outl",0,0,0
"CRPS","GDPC1","1/3","BLR","hom","br","s","post2020-outl",1,1,2
"CRPS","GDPC1","1/3","BLR","hom","br","b","post2020-outl",1,1,2
"CRPS","GDPC1","1/3","BLR","hom","br","f","post2020-outl",1,1,2
"CRPS","GDPC1","1/3","BLR","hom","eq","s","post2020-outl",1,1,2
"CRPS","GDPC1","1/3","BLR","hom","eq","b","post2020-outl",1,1,2
"CRPS","GDPC1","1/3","BLR","hom","eq","f","post2020-outl",1,1,2
"CRPS","GDPC1","1/3","BLR","hom","xalm","s","post2020-outl",1,1,2
"CRPS","GDPC1","1/3","BLR","hom","xalm","b","post2020-outl",1,1,2
"CRPS","GDPC1","1/3","BLR","hom","xalm","f","post2020-outl",1,1,2
"CRPS","GDPC1","1/3","BLR","hom","alm3","s","post2020-outl",1,1,2
"CRPS","GDPC1","1/3","BLR","hom","alm3","b","post2020-outl",1,1,2
"CRPS","GDPC1","1/3","BLR","hom","alm3","f","post2020-outl",0,0,0
"CRPS","GDPC1","1/3","BLR","hom","leg3","s","post2020-outl",1,1,2
"CRPS","GDPC1","1/3","BLR","hom","leg3","b","post2020-outl",1,1,2
"CRPS","GDPC1","1/3","BLR","hom","leg3","f","post2020-outl",0,0,0
"CRPS","GDPC1","1/3","BLR","hom","leg5","s","post2020-outl",1,1,2
"CRPS","GDPC1","1/3","BLR","hom","leg5","b","post2020-outl",0,1,1
"CRPS","GDPC1","1/3","BLR","hom","leg5","f","post2020-outl",0,0,0
"CRPS","GDPC1","1/3","BLR","hom","ber3","s","post2020-outl",1,1,2
"CRPS","GDPC1","1/3","BLR","hom","ber3","b","post2020-outl",1,1,2
"CRPS","GDPC1","1/3","BLR","hom","ber3","f","post2020-outl",1,1,2
"CRPS","GDPC1","1/3","BLR","hom","ber5","s","post2020-outl",1,1,2
"CRPS","GDPC1","1/3","BLR","hom","ber5","b","post2020-outl",1,1,2
"CRPS","GDPC1","1/3","BLR","hom","ber5","f","post2020-outl",1,1,2
"CRPS","GDPC1","1/3","BLR","hom","fou3","s","post2020-outl",1,1,2
"CRPS","GDPC1","1/3","BLR","hom","fou3","b","post2020-outl",1,1,2
"CRPS","GDPC1","1/3","BLR","hom","fou3","f","post2020-outl",0,1,1
"CRPS","GDPC1","1/3","BART","hom","blu","s","post2020-outl",1,1,2
"CRPS","GDPC1","1/3","BART","hom","blu","b","post2020-outl",0,0,0
"CRPS","GDPC1","1/3","BART","hom","blu","f","post2020-outl",0,0,0
"CRPS","GDPC1","1/3","BART","hom","svd","s","post2020-outl",0,0,0
"CRPS","GDPC1","1/3","BART","hom","svd","b","post2020-outl",0,0,0
"CRPS","GDPC1","1/3","BART","hom","svd","f","post2020-outl",0,0,0
"CRPS","GDPC1","1/3","BART","hom","br","s","post2020-outl",1,1,2
"CRPS","GDPC1","1/3","BART","hom","br","b","post2020-outl",1,1,2
"CRPS","GDPC1","1/3","BART","hom","br","f","post2020-outl",1,1,2
"CRPS","GDPC1","1/3","BART","hom","eq","s","post2020-outl",1,1,2
"CRPS","GDPC1","1/3","BART","hom","eq","b","post2020-outl",0,0,0
"CRPS","GDPC1","1/3","BART","hom","eq","f","post2020-outl",1,1,2
"CRPS","GDPC1","1/3","BART","hom","xalm","s","post2020-outl",1,1,2
"CRPS","GDPC1","1/3","BART","hom","xalm","b","post2020-outl",1,1,2
"CRPS","GDPC1","1/3","BART","hom","xalm","f","post2020-outl",1,1,2
"CRPS","GDPC1","1/3","BART","hom","alm3","s","post2020-outl",0,0,0
"CRPS","GDPC1","1/3","BART","hom","alm3","b","post2020-outl",0,0,0
"CRPS","GDPC1","1/3","BART","hom","alm3","f","post2020-outl",0,0,0
"CRPS","GDPC1","1/3","BART","hom","leg3","s","post2020-outl",0,1,1
"CRPS","GDPC1","1/3","BART","hom","leg3","b","post2020-outl",1,1,2
"CRPS","GDPC1","1/3","BART","hom","leg3","f","post2020-outl",0,1,1
"CRPS","GDPC1","1/3","BART","hom","leg5","s","post2020-outl",0,1,1
"CRPS","GDPC1","1/3","BART","hom","leg5","b","post2020-outl",0,1,1
"CRPS","GDPC1","1/3","BART","hom","leg5","f","post2020-outl",0,0,0
"CRPS","GDPC1","1/3","BART","hom","ber3","s","post2020-outl",1,1,2
"CRPS","GDPC1","1/3","BART","hom","ber3","b","post2020-outl",0,1,1
"CRPS","GDPC1","1/3","BART","hom","ber3","f","post2020-outl",0,1,1
"CRPS","GDPC1","1/3","BART","hom","ber5","s","post2020-outl",1,1,2
"CRPS","GDPC1","1/3","BART","hom","ber5","b","post2020-outl",1,1,2
"CRPS","GDPC1","1/3","BART","hom","ber5","f","post2020-outl",1,1,2
"CRPS","GDPC1","1/3","BART","hom","fou3","s","post2020-outl",1,1,2
"CRPS","GDPC1","1/3","BART","hom","fou3","b","post2020-outl",1,1,2
"CRPS","GDPC1","1/3","BART","hom","fou3","f","post2020-outl",0,1,1
"CRPS","GDPC1","1/3","GP","hom","blu","s","post2020-outl",0,1,1
"CRPS","GDPC1","1/3","GP","hom","blu","b","post2020-outl",0,0,0
"CRPS","GDPC1","1/3","GP","hom","blu","f","post2020-outl",0,0,0
"CRPS","GDPC1","1/3","GP","hom","svd","s","post2020-outl",0,0,0
"CRPS","GDPC1","1/3","GP","hom","svd","b","post2020-outl",0,0,0
"CRPS","GDPC1","1/3","GP","hom","svd","f","post2020-outl",0,0,0
"CRPS","GDPC1","1/3","GP","hom","br","s","post2020-outl",1,1,2
"CRPS","GDPC1","1/3","GP","hom","br","b","post2020-outl",0,1,1
"CRPS","GDPC1","1/3","GP","hom","br","f","post2020-outl",1,1,2
"CRPS","GDPC1","1/3","GP","hom","eq","s","post2020-outl",0,1,1
"CRPS","GDPC1","1/3","GP","hom","eq","b","post2020-outl",0,1,1
"CRPS","GDPC1","1/3","GP","hom","eq","f","post2020-outl",0,0,0
"CRPS","GDPC1","1/3","GP","hom","xalm","s","post2020-outl",1,1,2
"CRPS","GDPC1","1/3","GP","hom","xalm","b","post2020-outl",1,1,2
"CRPS","GDPC1","1/3","GP","hom","xalm","f","post2020-outl",0,0,0
"CRPS","GDPC1","1/3","GP","hom","alm3","s","post2020-outl",0,1,1
"CRPS","GDPC1","1/3","GP","hom","alm3","b","post2020-outl",0,1,1
"CRPS","GDPC1","1/3","GP","hom","alm3","f","post2020-outl",1,1,2
"CRPS","GDPC1","1/3","GP","hom","leg3","s","post2020-outl",1,1,2
"CRPS","GDPC1","1/3","GP","hom","leg3","b","post2020-outl",1,1,2
"CRPS","GDPC1","1/3","GP","hom","leg3","f","post2020-outl",0,1,1
"CRPS","GDPC1","1/3","GP","hom","leg5","s","post2020-outl",1,1,2
"CRPS","GDPC1","1/3","GP","hom","leg5","b","post2020-outl",0,0,0
"CRPS","GDPC1","1/3","GP","hom","leg5","f","post2020-outl",0,1,1
"CRPS","GDPC1","1/3","GP","hom","ber3","s","post2020-outl",1,1,2
"CRPS","GDPC1","1/3","GP","hom","ber3","b","post2020-outl",0,1,1
"CRPS","GDPC1","1/3","GP","hom","ber3","f","post2020-outl",1,1,2
"CRPS","GDPC1","1/3","GP","hom","ber5","s","post2020-outl",1,1,2
"CRPS","GDPC1","1/3","GP","hom","ber5","b","post2020-outl",1,1,2
"CRPS","GDPC1","1/3","GP","hom","ber5","f","post2020-outl",0,1,1
"CRPS","GDPC1","1/3","GP","hom","fou3","s","post2020-outl",1,1,2
"CRPS","GDPC1","1/3","GP","hom","fou3","b","post2020-outl",0,1,1
"CRPS","GDPC1","1/3","GP","hom","fou3","f","post2020-outl",1,1,2
"CRPS","GDPC1","1/3","BLR","sv","blu","s","post2020-outl",1,1,2
"CRPS","GDPC1","1/3","BLR","sv","blu","b","post2020-outl",0,0,0
"CRPS","GDPC1","1/3","BLR","sv","blu","f","post2020-outl",1,1,2
"CRPS","GDPC1","1/3","BLR","sv","svd","s","post2020-outl",0,0,0
"CRPS","GDPC1","1/3","BLR","sv","svd","b","post2020-outl",0,0,0
"CRPS","GDPC1","1/3","BLR","sv","svd","f","post2020-outl",0,0,0
"CRPS","GDPC1","1/3","BLR","sv","br","s","post2020-outl",1,1,2
"CRPS","GDPC1","1/3","BLR","sv","br","b","post2020-outl",0,1,1
"CRPS","GDPC1","1/3","BLR","sv","br","f","post2020-outl",1,1,2
"CRPS","GDPC1","1/3","BLR","sv","eq","s","post2020-outl",1,1,2
"CRPS","GDPC1","1/3","BLR","sv","eq","b","post2020-outl",1,1,2
"CRPS","GDPC1","1/3","BLR","sv","eq","f","post2020-outl",0,1,1
"CRPS","GDPC1","1/3","BLR","sv","xalm","s","post2020-outl",1,1,2
"CRPS","GDPC1","1/3","BLR","sv","xalm","b","post2020-outl",1,1,2
"CRPS","GDPC1","1/3","BLR","sv","xalm","f","post2020-outl",1,1,2
"CRPS","GDPC1","1/3","BLR","sv","alm3","s","post2020-outl",1,1,2
"CRPS","GDPC1","1/3","BLR","sv","alm3","b","post2020-outl",1,1,2
"CRPS","GDPC1","1/3","BLR","sv","alm3","f","post2020-outl",0,1,1
"CRPS","GDPC1","1/3","BLR","sv","leg3","s","post2020-outl",1,1,2
"CRPS","GDPC1","1/3","BLR","sv","leg3","b","post2020-outl",1,1,2
"CRPS","GDPC1","1/3","BLR","sv","leg3","f","post2020-outl",0,0,0
"CRPS","GDPC1","1/3","BLR","sv","leg5","s","post2020-outl",1,1,2
"CRPS","GDPC1","1/3","BLR","sv","leg5","b","post2020-outl",0,1,1
"CRPS","GDPC1","1/3","BLR","sv","leg5","f","post2020-outl",0,0,0
"CRPS","GDPC1","1/3","BLR","sv","ber3","s","post2020-outl",1,1,2
"CRPS","GDPC1","1/3","BLR","sv","ber3","b","post2020-outl",1,1,2
"CRPS","GDPC1","1/3","BLR","sv","ber3","f","post2020-outl",1,1,2
"CRPS","GDPC1","1/3","BLR","sv","ber5","s","post2020-outl",1,1,2
"CRPS","GDPC1","1/3","BLR","sv","ber5","b","post2020-outl",1,1,2
"CRPS","GDPC1","1/3","BLR","sv","ber5","f","post2020-outl",1,1,2
"CRPS","GDPC1","1/3","BLR","sv","fou3","s","post2020-outl",1,1,2
"CRPS","GDPC1","1/3","BLR","sv","fou3","b","post2020-outl",0,1,1
"CRPS","GDPC1","1/3","BLR","sv","fou3","f","post2020-outl",1,1,2
"CRPS","GDPC1","1/3","BART","sv","blu","s","post2020-outl",1,1,2
"CRPS","GDPC1","1/3","BART","sv","blu","b","post2020-outl",0,0,0
"CRPS","GDPC1","1/3","BART","sv","blu","f","post2020-outl",1,1,2
"CRPS","GDPC1","1/3","BART","sv","svd","s","post2020-outl",0,0,0
"CRPS","GDPC1","1/3","BART","sv","svd","b","post2020-outl",0,0,0
"CRPS","GDPC1","1/3","BART","sv","svd","f","post2020-outl",0,0,0
"CRPS","GDPC1","1/3","BART","sv","br","s","post2020-outl",1,1,2
"CRPS","GDPC1","1/3","BART","sv","br","b","post2020-outl",1,1,2
"CRPS","GDPC1","1/3","BART","sv","br","f","post2020-outl",1,1,2
"CRPS","GDPC1","1/3","BART","sv","eq","s","post2020-outl",0,1,1
"CRPS","GDPC1","1/3","BART","sv","eq","b","post2020-outl",0,0,0
"CRPS","GDPC1","1/3","BART","sv","eq","f","post2020-outl",0,0,0
"CRPS","GDPC1","1/3","BART","sv","xalm","s","post2020-outl",1,1,2
"CRPS","GDPC1","1/3","BART","sv","xalm","b","post2020-outl",1,1,2
"CRPS","GDPC1","1/3","BART","sv","xalm","f","post2020-outl",0,1,1
"CRPS","GDPC1","1/3","BART","sv","alm3","s","post2020-outl",0,1,1
"CRPS","GDPC1","1/3","BART","sv","alm3","b","post2020-outl",0,1,1
"CRPS","GDPC1","1/3","BART","sv","alm3","f","post2020-outl",0,0,0
"CRPS","GDPC1","1/3","BART","sv","leg3","s","post2020-outl",0,1,1
"CRPS","GDPC1","1/3","BART","sv","leg3","b","post2020-outl",1,1,2
"CRPS","GDPC1","1/3","BART","sv","leg3","f","post2020-outl",0,0,0
"CRPS","GDPC1","1/3","BART","sv","leg5","s","post2020-outl",1,1,2
"CRPS","GDPC1","1/3","BART","sv","leg5","b","post2020-outl",1,1,2
"CRPS","GDPC1","1/3","BART","sv","leg5","f","post2020-outl",0,0,0
"CRPS","GDPC1","1/3","BART","sv","ber3","s","post2020-outl",1,1,2
"CRPS","GDPC1","1/3","BART","sv","ber3","b","post2020-outl",1,1,2
"CRPS","GDPC1","1/3","BART","sv","ber3","f","post2020-outl",0,1,1
"CRPS","GDPC1","1/3","BART","sv","ber5","s","post2020-outl",1,1,2
"CRPS","GDPC1","1/3","BART","sv","ber5","b","post2020-outl",1,1,2
"CRPS","GDPC1","1/3","BART","sv","ber5","f","post2020-outl",1,1,2
"CRPS","GDPC1","1/3","BART","sv","fou3","s","post2020-outl",1,1,2
"CRPS","GDPC1","1/3","BART","sv","fou3","b","post2020-outl",1,1,2
"CRPS","GDPC1","1/3","BART","sv","fou3","f","post2020-outl",0,0,0
"CRPS","GDPC1","1/3","GP","sv","blu","s","post2020-outl",0,0,0
"CRPS","GDPC1","1/3","GP","sv","blu","b","post2020-outl",0,0,0
"CRPS","GDPC1","1/3","GP","sv","blu","f","post2020-outl",0,0,0
"CRPS","GDPC1","1/3","GP","sv","svd","s","post2020-outl",0,0,0
"CRPS","GDPC1","1/3","GP","sv","svd","b","post2020-outl",0,0,0
"CRPS","GDPC1","1/3","GP","sv","svd","f","post2020-outl",0,0,0
"CRPS","GDPC1","1/3","GP","sv","br","s","post2020-outl",1,1,2
"CRPS","GDPC1","1/3","GP","sv","br","b","post2020-outl",0,1,1
"CRPS","GDPC1","1/3","GP","sv","br","f","post2020-outl",1,1,2
"CRPS","GDPC1","1/3","GP","sv","eq","s","post2020-outl",1,1,2
"CRPS","GDPC1","1/3","GP","sv","eq","b","post2020-outl",1,1,2
"CRPS","GDPC1","1/3","GP","sv","eq","f","post2020-outl",0,0,0
"CRPS","GDPC1","1/3","GP","sv","xalm","s","post2020-outl",1,1,2
"CRPS","GDPC1","1/3","GP","sv","xalm","b","post2020-outl",1,1,2
"CRPS","GDPC1","1/3","GP","sv","xalm","f","post2020-outl",0,1,1
"CRPS","GDPC1","1/3","GP","sv","alm3","s","post2020-outl",0,1,1
"CRPS","GDPC1","1/3","GP","sv","alm3","b","post2020-outl",0,1,1
"CRPS","GDPC1","1/3","GP","sv","alm3","f","post2020-outl",1,1,2
"CRPS","GDPC1","1/3","GP","sv","leg3","s","post2020-outl",1,1,2
"CRPS","GDPC1","1/3","GP","sv","leg3","b","post2020-outl",1,1,2
"CRPS","GDPC1","1/3","GP","sv","leg3","f","post2020-outl",0,1,1
"CRPS","GDPC1","1/3","GP","sv","leg5","s","post2020-outl",1,1,2
"CRPS","GDPC1","1/3","GP","sv","leg5","b","post2020-outl",0,0,0
"CRPS","GDPC1","1/3","GP","sv","leg5","f","post2020-outl",0,1,1
"CRPS","GDPC1","1/3","GP","sv","ber3","s","post2020-outl",1,1,2
"CRPS","GDPC1","1/3","GP","sv","ber3","b","post2020-outl",1,1,2
"CRPS","GDPC1","1/3","GP","sv","ber3","f","post2020-outl",1,1,2
"CRPS","GDPC1","1/3","GP","sv","ber5","s","post2020-outl",1,1,2
"CRPS","GDPC1","1/3","GP","sv","ber5","b","post2020-outl",1,1,2
"CRPS","GDPC1","1/3","GP","sv","ber5","f","post2020-outl",0,1,1
"CRPS","GDPC1","1/3","GP","sv","fou3","s","post2020-outl",0,1,1
"CRPS","GDPC1","1/3","GP","sv","fou3","b","post2020-outl",0,1,1
"CRPS","GDPC1","1/3","GP","sv","fou3","f","post2020-outl",1,1,2
"CRPS","GDPC1","1/3","MFVAR","hom","blu","s","post2020-outl",1,1,2
"CRPS","GDPC1","1/3","MFVAR","hom","blu","f","post2020-outl",1,1,2
"CRPS","GDPC1","1/3","MFVAR","sv","blu","s","post2020-outl",0,0,0
"CRPS","GDPC1","1/3","MFVAR","sv","blu","f","post2020-outl",1,1,2
"CRPS","GDPCTPI","1/3","BLR","hom","blu","s","post2020-outl",0,0,0
"CRPS","GDPCTPI","1/3","BLR","hom","blu","b","post2020-outl",0,0,0
"CRPS","GDPCTPI","1/3","BLR","hom","blu","f","post2020-outl",1,1,2
"CRPS","GDPCTPI","1/3","BLR","hom","svd","s","post2020-outl",0,0,0
"CRPS","GDPCTPI","1/3","BLR","hom","svd","b","post2020-outl",0,0,0
"CRPS","GDPCTPI","1/3","BLR","hom","svd","f","post2020-outl",0,0,0
"CRPS","GDPCTPI","1/3","BLR","hom","br","s","post2020-outl",0,0,0
"CRPS","GDPCTPI","1/3","BLR","hom","br","b","post2020-outl",1,1,2
"CRPS","GDPCTPI","1/3","BLR","hom","br","f","post2020-outl",1,1,2
"CRPS","GDPCTPI","1/3","BLR","hom","eq","s","post2020-outl",0,0,0
"CRPS","GDPCTPI","1/3","BLR","hom","eq","b","post2020-outl",0,1,1
"CRPS","GDPCTPI","1/3","BLR","hom","eq","f","post2020-outl",0,0,0
"CRPS","GDPCTPI","1/3","BLR","hom","xalm","s","post2020-outl",0,0,0
"CRPS","GDPCTPI","1/3","BLR","hom","xalm","b","post2020-outl",1,1,2
"CRPS","GDPCTPI","1/3","BLR","hom","xalm","f","post2020-outl",1,1,2
"CRPS","GDPCTPI","1/3","BLR","hom","alm3","s","post2020-outl",0,0,0
"CRPS","GDPCTPI","1/3","BLR","hom","alm3","b","post2020-outl",1,1,2
"CRPS","GDPCTPI","1/3","BLR","hom","alm3","f","post2020-outl",0,0,0
"CRPS","GDPCTPI","1/3","BLR","hom","leg3","s","post2020-outl",1,1,2
"CRPS","GDPCTPI","1/3","BLR","hom","leg3","b","post2020-outl",0,0,0
"CRPS","GDPCTPI","1/3","BLR","hom","leg3","f","post2020-outl",0,0,0
"CRPS","GDPCTPI","1/3","BLR","hom","leg5","s","post2020-outl",0,1,1
"CRPS","GDPCTPI","1/3","BLR","hom","leg5","b","post2020-outl",0,0,0
"CRPS","GDPCTPI","1/3","BLR","hom","leg5","f","post2020-outl",0,0,0
"CRPS","GDPCTPI","1/3","BLR","hom","ber3","s","post2020-outl",0,0,0
"CRPS","GDPCTPI","1/3","BLR","hom","ber3","b","post2020-outl",1,1,2
"CRPS","GDPCTPI","1/3","BLR","hom","ber3","f","post2020-outl",0,0,0
"CRPS","GDPCTPI","1/3","BLR","hom","ber5","s","post2020-outl",0,0,0
"CRPS","GDPCTPI","1/3","BLR","hom","ber5","b","post2020-outl",1,1,2
"CRPS","GDPCTPI","1/3","BLR","hom","ber5","f","post2020-outl",1,1,2
"CRPS","GDPCTPI","1/3","BLR","hom","fou3","s","post2020-outl",0,0,0
"CRPS","GDPCTPI","1/3","BLR","hom","fou3","b","post2020-outl",1,1,2
"CRPS","GDPCTPI","1/3","BLR","hom","fou3","f","post2020-outl",0,0,0
"CRPS","GDPCTPI","1/3","BART","hom","blu","s","post2020-outl",1,1,2
"CRPS","GDPCTPI","1/3","BART","hom","blu","b","post2020-outl",1,1,2
"CRPS","GDPCTPI","1/3","BART","hom","blu","f","post2020-outl",0,0,0
"CRPS","GDPCTPI","1/3","BART","hom","svd","s","post2020-outl",0,0,0
"CRPS","GDPCTPI","1/3","BART","hom","svd","b","post2020-outl",0,0,0
"CRPS","GDPCTPI","1/3","BART","hom","svd","f","post2020-outl",0,0,0
"CRPS","GDPCTPI","1/3","BART","hom","br","s","post2020-outl",1,1,2
"CRPS","GDPCTPI","1/3","BART","hom","br","b","post2020-outl",1,1,2
"CRPS","GDPCTPI","1/3","BART","hom","br","f","post2020-outl",0,0,0
"CRPS","GDPCTPI","1/3","BART","hom","eq","s","post2020-outl",0,0,0
"CRPS","GDPCTPI","1/3","BART","hom","eq","b","post2020-outl",0,1,1
"CRPS","GDPCTPI","1/3","BART","hom","eq","f","post2020-outl",0,0,0
"CRPS","GDPCTPI","1/3","BART","hom","xalm","s","post2020-outl",0,0,0
"CRPS","GDPCTPI","1/3","BART","hom","xalm","b","post2020-outl",1,1,2
"CRPS","GDPCTPI","1/3","BART","hom","xalm","f","post2020-outl",0,0,0
"CRPS","GDPCTPI","1/3","BART","hom","alm3","s","post2020-outl",0,1,1
"CRPS","GDPCTPI","1/3","BART","hom","alm3","b","post2020-outl",0,1,1
"CRPS","GDPCTPI","1/3","BART","hom","alm3","f","post2020-outl",0,0,0
"CRPS","GDPCTPI","1/3","BART","hom","leg3","s","post2020-outl",1,1,2
"CRPS","GDPCTPI","1/3","BART","hom","leg3","b","post2020-outl",1,1,2
"CRPS","GDPCTPI","1/3","BART","hom","leg3","f","post2020-outl",0,0,0
"CRPS","GDPCTPI","1/3","BART","hom","leg5","s","post2020-outl",0,1,1
"CRPS","GDPCTPI","1/3","BART","hom","leg5","b","post2020-outl",1,1,2
"CRPS","GDPCTPI","1/3","BART","hom","leg5","f","post2020-outl",0,0,0
"CRPS","GDPCTPI","1/3","BART","hom","ber3","s","post2020-outl",0,1,1
"CRPS","GDPCTPI","1/3","BART","hom","ber3","b","post2020-outl",1,1,2
"CRPS","GDPCTPI","1/3","BART","hom","ber3","f","post2020-outl",0,1,1
"CRPS","GDPCTPI","1/3","BART","hom","ber5","s","post2020-outl",1,1,2
"CRPS","GDPCTPI","1/3","BART","hom","ber5","b","post2020-outl",1,1,2
"CRPS","GDPCTPI","1/3","BART","hom","ber5","f","post2020-outl",0,0,0
"CRPS","GDPCTPI","1/3","BART","hom","fou3","s","post2020-outl",0,0,0
"CRPS","GDPCTPI","1/3","BART","hom","fou3","b","post2020-outl",1,1,2
"CRPS","GDPCTPI","1/3","BART","hom","fou3","f","post2020-outl",0,0,0
"CRPS","GDPCTPI","1/3","GP","hom","blu","s","post2020-outl",0,0,0
"CRPS","GDPCTPI","1/3","GP","hom","blu","b","post2020-outl",0,0,0
"CRPS","GDPCTPI","1/3","GP","hom","blu","f","post2020-outl",0,0,0
"CRPS","GDPCTPI","1/3","GP","hom","svd","s","post2020-outl",0,0,0
"CRPS","GDPCTPI","1/3","GP","hom","svd","b","post2020-outl",0,1,1
"CRPS","GDPCTPI","1/3","GP","hom","svd","f","post2020-outl",1,1,2
"CRPS","GDPCTPI","1/3","GP","hom","br","s","post2020-outl",1,1,2
"CRPS","GDPCTPI","1/3","GP","hom","br","b","post2020-outl",0,0,0
"CRPS","GDPCTPI","1/3","GP","hom","br","f","post2020-outl",1,1,2
"CRPS","GDPCTPI","1/3","GP","hom","eq","s","post2020-outl",0,0,0
"CRPS","GDPCTPI","1/3","GP","hom","eq","b","post2020-outl",1,1,2
"CRPS","GDPCTPI","1/3","GP","hom","eq","f","post2020-outl",0,1,1
"CRPS","GDPCTPI","1/3","GP","hom","xalm","s","post2020-outl",1,1,2
"CRPS","GDPCTPI","1/3","GP","hom","xalm","b","post2020-outl",1,1,2
"CRPS","GDPCTPI","1/3","GP","hom","xalm","f","post2020-outl",1,1,2
"CRPS","GDPCTPI","1/3","GP","hom","alm3","s","post2020-outl",0,0,0
"CRPS","GDPCTPI","1/3","GP","hom","alm3","b","post2020-outl",1,1,2
"CRPS","GDPCTPI","1/3","GP","hom","alm3","f","post2020-outl",0,0,0
"CRPS","GDPCTPI","1/3","GP","hom","leg3","s","post2020-outl",0,0,0
"CRPS","GDPCTPI","1/3","GP","hom","leg3","b","post2020-outl",0,0,0
"CRPS","GDPCTPI","1/3","GP","hom","leg3","f","post2020-outl",0,1,1
"CRPS","GDPCTPI","1/3","GP","hom","leg5","s","post2020-outl",0,0,0
"CRPS","GDPCTPI","1/3","GP","hom","leg5","b","post2020-outl",0,0,0
"CRPS","GDPCTPI","1/3","GP","hom","leg5","f","post2020-outl",0,0,0
"CRPS","GDPCTPI","1/3","GP","hom","ber3","s","post2020-outl",1,1,2
"CRPS","GDPCTPI","1/3","GP","hom","ber3","b","post2020-outl",1,1,2
"CRPS","GDPCTPI","1/3","GP","hom","ber3","f","post2020-outl",1,1,2
"CRPS","GDPCTPI","1/3","GP","hom","ber5","s","post2020-outl",1,1,2
"CRPS","GDPCTPI","1/3","GP","hom","ber5","b","post2020-outl",0,0,0
"CRPS","GDPCTPI","1/3","GP","hom","ber5","f","post2020-outl",1,1,2
"CRPS","GDPCTPI","1/3","GP","hom","fou3","s","post2020-outl",0,1,1
"CRPS","GDPCTPI","1/3","GP","hom","fou3","b","post2020-outl",1,1,2
"CRPS","GDPCTPI","1/3","GP","hom","fou3","f","post2020-outl",0,1,1
"CRPS","GDPCTPI","1/3","BLR","sv","blu","s","post2020-outl",1,1,2
"CRPS","GDPCTPI","1/3","BLR","sv","blu","b","post2020-outl",0,0,0
"CRPS","GDPCTPI","1/3","BLR","sv","blu","f","post2020-outl",1,1,2
"CRPS","GDPCTPI","1/3","BLR","sv","svd","s","post2020-outl",0,0,0
"CRPS","GDPCTPI","1/3","BLR","sv","svd","b","post2020-outl",1,1,2
"CRPS","GDPCTPI","1/3","BLR","sv","svd","f","post2020-outl",1,1,2
"CRPS","GDPCTPI","1/3","BLR","sv","br","s","post2020-outl",1,1,2
"CRPS","GDPCTPI","1/3","BLR","sv","br","b","post2020-outl",1,1,2
"CRPS","GDPCTPI","1/3","BLR","sv","br","f","post2020-outl",1,1,2
"CRPS","GDPCTPI","1/3","BLR","sv","eq","s","post2020-outl",1,1,2
"CRPS","GDPCTPI","1/3","BLR","sv","eq","b","post2020-outl",1,1,2
"CRPS","GDPCTPI","1/3","BLR","sv","eq","f","post2020-outl",1,1,2
"CRPS","GDPCTPI","1/3","BLR","sv","xalm","s","post2020-outl",1,1,2
"CRPS","GDPCTPI","1/3","BLR","sv","xalm","b","post2020-outl",1,1,2
"CRPS","GDPCTPI","1/3","BLR","sv","xalm","f","post2020-outl",1,1,2
"CRPS","GDPCTPI","1/3","BLR","sv","alm3","s","post2020-outl",1,1,2
"CRPS","GDPCTPI","1/3","BLR","sv","alm3","b","post2020-outl",1,1,2
"CRPS","GDPCTPI","1/3","BLR","sv","alm3","f","post2020-outl",1,1,2
"CRPS","GDPCTPI","1/3","BLR","sv","leg3","s","post2020-outl",1,1,2
"CRPS","GDPCTPI","1/3","BLR","sv","leg3","b","post2020-outl",1,1,2
"CRPS","GDPCTPI","1/3","BLR","sv","leg3","f","post2020-outl",1,1,2
"CRPS","GDPCTPI","1/3","BLR","sv","leg5","s","post2020-outl",1,1,2
"CRPS","GDPCTPI","1/3","BLR","sv","leg5","b","post2020-outl",0,0,0
"CRPS","GDPCTPI","1/3","BLR","sv","leg5","f","post2020-outl",1,1,2
"CRPS","GDPCTPI","1/3","BLR","sv","ber3","s","post2020-outl",1,1,2
"CRPS","GDPCTPI","1/3","BLR","sv","ber3","b","post2020-outl",1,1,2
"CRPS","GDPCTPI","1/3","BLR","sv","ber3","f","post2020-outl",1,1,2
"CRPS","GDPCTPI","1/3","BLR","sv","ber5","s","post2020-outl",1,1,2
"CRPS","GDPCTPI","1/3","BLR","sv","ber5","b","post2020-outl",1,1,2
"CRPS","GDPCTPI","1/3","BLR","sv","ber5","f","post2020-outl",1,1,2
"CRPS","GDPCTPI","1/3","BLR","sv","fou3","s","post2020-outl",1,1,2
"CRPS","GDPCTPI","1/3","BLR","sv","fou3","b","post2020-outl",1,1,2
"CRPS","GDPCTPI","1/3","BLR","sv","fou3","f","post2020-outl",1,1,2
"CRPS","GDPCTPI","1/3","BART","sv","blu","s","post2020-outl",1,1,2
"CRPS","GDPCTPI","1/3","BART","sv","blu","b","post2020-outl",0,0,0
"CRPS","GDPCTPI","1/3","BART","sv","blu","f","post2020-outl",0,0,0
"CRPS","GDPCTPI","1/3","BART","sv","svd","s","post2020-outl",0,0,0
"CRPS","GDPCTPI","1/3","BART","sv","svd","b","post2020-outl",0,0,0
"CRPS","GDPCTPI","1/3","BART","sv","svd","f","post2020-outl",0,0,0
"CRPS","GDPCTPI","1/3","BART","sv","br","s","post2020-outl",1,1,2
"CRPS","GDPCTPI","1/3","BART","sv","br","b","post2020-outl",0,1,1
"CRPS","GDPCTPI","1/3","BART","sv","br","f","post2020-outl",0,0,0
"CRPS","GDPCTPI","1/3","BART","sv","eq","s","post2020-outl",1,1,2
"CRPS","GDPCTPI","1/3","BART","sv","eq","b","post2020-outl",1,1,2
"CRPS","GDPCTPI","1/3","BART","sv","eq","f","post2020-outl",0,0,0
"CRPS","GDPCTPI","1/3","BART","sv","xalm","s","post2020-outl",0,1,1
"CRPS","GDPCTPI","1/3","BART","sv","xalm","b","post2020-outl",0,0,0
"CRPS","GDPCTPI","1/3","BART","sv","xalm","f","post2020-outl",0,0,0
"CRPS","GDPCTPI","1/3","BART","sv","alm3","s","post2020-outl",1,1,2
"CRPS","GDPCTPI","1/3","BART","sv","alm3","b","post2020-outl",0,0,0
"CRPS","GDPCTPI","1/3","BART","sv","alm3","f","post2020-outl",0,0,0
"CRPS","GDPCTPI","1/3","BART","sv","leg3","s","post2020-outl",0,0,0
"CRPS","GDPCTPI","1/3","BART","sv","leg3","b","post2020-outl",1,1,2
"CRPS","GDPCTPI","1/3","BART","sv","leg3","f","post2020-outl",0,0,0
"CRPS","GDPCTPI","1/3","BART","sv","leg5","s","post2020-outl",0,0,0
"CRPS","GDPCTPI","1/3","BART","sv","leg5","b","post2020-outl",0,0,0
"CRPS","GDPCTPI","1/3","BART","sv","leg5","f","post2020-outl",0,0,0
"CRPS","GDPCTPI","1/3","BART","sv","ber3","s","post2020-outl",1,1,2
"CRPS","GDPCTPI","1/3","BART","sv","ber3","b","post2020-outl",0,0,0
"CRPS","GDPCTPI","1/3","BART","sv","ber3","f","post2020-outl",1,1,2
"CRPS","GDPCTPI","1/3","BART","sv","ber5","s","post2020-outl",1,1,2
"CRPS","GDPCTPI","1/3","BART","sv","ber5","b","post2020-outl",0,0,0
"CRPS","GDPCTPI","1/3","BART","sv","ber5","f","post2020-outl",0,0,0
"CRPS","GDPCTPI","1/3","BART","sv","fou3","s","post2020-outl",0,0,0
"CRPS","GDPCTPI","1/3","BART","sv","fou3","b","post2020-outl",1,1,2
"CRPS","GDPCTPI","1/3","BART","sv","fou3","f","post2020-outl",0,1,1
"CRPS","GDPCTPI","1/3","GP","sv","blu","s","post2020-outl",1,1,2
"CRPS","GDPCTPI","1/3","GP","sv","blu","b","post2020-outl",0,0,0
"CRPS","GDPCTPI","1/3","GP","sv","blu","f","post2020-outl",0,1,1
"CRPS","GDPCTPI","1/3","GP","sv","svd","s","post2020-outl",1,1,2
"CRPS","GDPCTPI","1/3","GP","sv","svd","b","post2020-outl",1,1,2
"CRPS","GDPCTPI","1/3","GP","sv","svd","f","post2020-outl",1,1,2
"CRPS","GDPCTPI","1/3","GP","sv","br","s","post2020-outl",1,1,2
"CRPS","GDPCTPI","1/3","GP","sv","br","b","post2020-outl",0,0,0
"CRPS","GDPCTPI","1/3","GP","sv","br","f","post2020-outl",1,1,2
"CRPS","GDPCTPI","1/3","GP","sv","eq","s","post2020-outl",1,1,2
"CRPS","GDPCTPI","1/3","GP","sv","eq","b","post2020-outl",1,1,2
"CRPS","GDPCTPI","1/3","GP","sv","eq","f","post2020-outl",1,1,2
"CRPS","GDPCTPI","1/3","GP","sv","xalm","s","post2020-outl",1,1,2
"CRPS","GDPCTPI","1/3","GP","sv","xalm","b","post2020-outl",1,1,2
"CRPS","GDPCTPI","1/3","GP","sv","xalm","f","post2020-outl",1,1,2
"CRPS","GDPCTPI","1/3","GP","sv","alm3","s","post2020-outl",1,1,2
"CRPS","GDPCTPI","1/3","GP","sv","alm3","b","post2020-outl",1,1,2
"CRPS","GDPCTPI","1/3","GP","sv","alm3","f","post2020-outl",1,1,2
"CRPS","GDPCTPI","1/3","GP","sv","leg3","s","post2020-outl",1,1,2
"CRPS","GDPCTPI","1/3","GP","sv","leg3","b","post2020-outl",0,0,0
"CRPS","GDPCTPI","1/3","GP","sv","leg3","f","post2020-outl",1,1,2
"CRPS","GDPCTPI","1/3","GP","sv","leg5","s","post2020-outl",0,0,0
"CRPS","GDPCTPI","1/3","GP","sv","leg5","b","post2020-outl",0,0,0
"CRPS","GDPCTPI","1/3","GP","sv","leg5","f","post2020-outl",0,1,1
"CRPS","GDPCTPI","1/3","GP","sv","ber3","s","post2020-outl",1,1,2
"CRPS","GDPCTPI","1/3","GP","sv","ber3","b","post2020-outl",1,1,2
"CRPS","GDPCTPI","1/3","GP","sv","ber3","f","post2020-outl",1,1,2
"CRPS","GDPCTPI","1/3","GP","sv","ber5","s","post2020-outl",1,1,2
"CRPS","GDPCTPI","1/3","GP","sv","ber5","b","post2020-outl",1,1,2
"CRPS","GDPCTPI","1/3","GP","sv","ber5","f","post2020-outl",1,1,2
"CRPS","GDPCTPI","1/3","GP","sv","fou3","s","post2020-outl",1,1,2
"CRPS","GDPCTPI","1/3","GP","sv","fou3","b","post2020-outl",1,1,2
"CRPS","GDPCTPI","1/3","GP","sv","fou3","f","post2020-outl",1,1,2
"CRPS","GDPCTPI","1/3","MFVAR","hom","blu","s","post2020-outl",0,0,0
"CRPS","GDPCTPI","1/3","MFVAR","hom","blu","f","post2020-outl",0,0,0
"CRPS","GDPCTPI","1/3","MFVAR","sv","blu","s","post2020-outl",0,0,0
"CRPS","GDPCTPI","1/3","MFVAR","sv","blu","f","post2020-outl",0,0,0
"CRPS","GDPC1","0","BLR","hom","blu","s","post2020-outl",1,1,2
"CRPS","GDPC1","0","BLR","hom","blu","b","post2020-outl",0,0,0
"CRPS","GDPC1","0","BLR","hom","blu","f","post2020-outl",0,1,1
"CRPS","GDPC1","0","BLR","hom","svd","s","post2020-outl",0,0,0
"CRPS","GDPC1","0","BLR","hom","svd","b","post2020-outl",0,0,0
"CRPS","GDPC1","0","BLR","hom","svd","f","post2020-outl",0,0,0
"CRPS","GDPC1","0","BLR","hom","br","s","post2020-outl",1,1,2
"CRPS","GDPC1","0","BLR","hom","br","b","post2020-outl",1,1,2
"CRPS","GDPC1","0","BLR","hom","br","f","post2020-outl",1,1,2
"CRPS","GDPC1","0","BLR","hom","eq","s","post2020-outl",1,1,2
"CRPS","GDPC1","0","BLR","hom","eq","b","post2020-outl",1,1,2
"CRPS","GDPC1","0","BLR","hom","eq","f","post2020-outl",0,0,0
"CRPS","GDPC1","0","BLR","hom","xalm","s","post2020-outl",1,1,2
"CRPS","GDPC1","0","BLR","hom","xalm","b","post2020-outl",1,1,2
"CRPS","GDPC1","0","BLR","hom","xalm","f","post2020-outl",0,1,1
"CRPS","GDPC1","0","BLR","hom","alm3","s","post2020-outl",1,1,2
"CRPS","GDPC1","0","BLR","hom","alm3","b","post2020-outl",0,0,0
"CRPS","GDPC1","0","BLR","hom","alm3","f","post2020-outl",0,0,0
"CRPS","GDPC1","0","BLR","hom","leg3","s","post2020-outl",1,1,2
"CRPS","GDPC1","0","BLR","hom","leg3","b","post2020-outl",1,1,2
"CRPS","GDPC1","0","BLR","hom","leg3","f","post2020-outl",0,0,0
"CRPS","GDPC1","0","BLR","hom","leg5","s","post2020-outl",1,1,2
"CRPS","GDPC1","0","BLR","hom","leg5","b","post2020-outl",0,1,1
"CRPS","GDPC1","0","BLR","hom","leg5","f","post2020-outl",0,1,1
"CRPS","GDPC1","0","BLR","hom","ber3","s","post2020-outl",1,1,2
"CRPS","GDPC1","0","BLR","hom","ber3","b","post2020-outl",1,1,2
"CRPS","GDPC1","0","BLR","hom","ber3","f","post2020-outl",0,0,0
"CRPS","GDPC1","0","BLR","hom","ber5","s","post2020-outl",1,1,2
"CRPS","GDPC1","0","BLR","hom","ber5","b","post2020-outl",1,1,2
"CRPS","GDPC1","0","BLR","hom","ber5","f","post2020-outl",0,1,1
"CRPS","GDPC1","0","BLR","hom","fou3","s","post2020-outl",1,1,2
"CRPS","GDPC1","0","BLR","hom","fou3","b","post2020-outl",0,0,0
"CRPS","GDPC1","0","BLR","hom","fou3","f","post2020-outl",0,0,0
"CRPS","GDPC1","0","BART","hom","blu","s","post2020-outl",1,1,2
"CRPS","GDPC1","0","BART","hom","blu","b","post2020-outl",0,1,1
"CRPS","GDPC1","0","BART","hom","blu","f","post2020-outl",0,0,0
"CRPS","GDPC1","0","BART","hom","svd","s","post2020-outl",0,0,0
"CRPS","GDPC1","0","BART","hom","svd","b","post2020-outl",0,0,0
"CRPS","GDPC1","0","BART","hom","svd","f","post2020-outl",0,0,0
"CRPS","GDPC1","0","BART","hom","br","s","post2020-outl",0,1,1
"CRPS","GDPC1","0","BART","hom","br","b","post2020-outl",0,0,0
"CRPS","GDPC1","0","BART","hom","br","f","post2020-outl",0,0,0
"CRPS","GDPC1","0","BART","hom","eq","s","post2020-outl",1,1,2
"CRPS","GDPC1","0","BART","hom","eq","b","post2020-outl",0,0,0
"CRPS","GDPC1","0","BART","hom","eq","f","post2020-outl",0,0,0
"CRPS","GDPC1","0","BART","hom","xalm","s","post2020-outl",1,1,2
"CRPS","GDPC1","0","BART","hom","xalm","b","post2020-outl",1,1,2
"CRPS","GDPC1","0","BART","hom","xalm","f","post2020-outl",0,1,1
"CRPS","GDPC1","0","BART","hom","alm3","s","post2020-outl",0,1,1
"CRPS","GDPC1","0","BART","hom","alm3","b","post2020-outl",0,0,0
"CRPS","GDPC1","0","BART","hom","alm3","f","post2020-outl",0,0,0
"CRPS","GDPC1","0","BART","hom","leg3","s","post2020-outl",1,1,2
"CRPS","GDPC1","0","BART","hom","leg3","b","post2020-outl",0,0,0
"CRPS","GDPC1","0","BART","hom","leg3","f","post2020-outl",0,0,0
"CRPS","GDPC1","0","BART","hom","leg5","s","post2020-outl",1,1,2
"CRPS","GDPC1","0","BART","hom","leg5","b","post2020-outl",0,0,0
"CRPS","GDPC1","0","BART","hom","leg5","f","post2020-outl",0,0,0
"CRPS","GDPC1","0","BART","hom","ber3","s","post2020-outl",0,1,1
"CRPS","GDPC1","0","BART","hom","ber3","b","post2020-outl",0,1,1
"CRPS","GDPC1","0","BART","hom","ber3","f","post2020-outl",0,1,1
"CRPS","GDPC1","0","BART","hom","ber5","s","post2020-outl",0,1,1
"CRPS","GDPC1","0","BART","hom","ber5","b","post2020-outl",0,0,0
"CRPS","GDPC1","0","BART","hom","ber5","f","post2020-outl",0,1,1
"CRPS","GDPC1","0","BART","hom","fou3","s","post2020-outl",1,1,2
"CRPS","GDPC1","0","BART","hom","fou3","b","post2020-outl",0,1,1
"CRPS","GDPC1","0","BART","hom","fou3","f","post2020-outl",0,0,0
"CRPS","GDPC1","0","GP","hom","blu","s","post2020-outl",1,1,2
"CRPS","GDPC1","0","GP","hom","blu","b","post2020-outl",0,0,0
"CRPS","GDPC1","0","GP","hom","blu","f","post2020-outl",0,0,0
"CRPS","GDPC1","0","GP","hom","svd","s","post2020-outl",0,0,0
"CRPS","GDPC1","0","GP","hom","svd","b","post2020-outl",0,0,0
"CRPS","GDPC1","0","GP","hom","svd","f","post2020-outl",0,0,0
"CRPS","GDPC1","0","GP","hom","br","s","post2020-outl",0,0,0
"CRPS","GDPC1","0","GP","hom","br","b","post2020-outl",0,0,0
"CRPS","GDPC1","0","GP","hom","br","f","post2020-outl",0,0,0
"CRPS","GDPC1","0","GP","hom","eq","s","post2020-outl",0,1,1
"CRPS","GDPC1","0","GP","hom","eq","b","post2020-outl",0,0,0
"CRPS","GDPC1","0","GP","hom","eq","f","post2020-outl",0,0,0
"CRPS","GDPC1","0","GP","hom","xalm","s","post2020-outl",1,1,2
"CRPS","GDPC1","0","GP","hom","xalm","b","post2020-outl",1,1,2
"CRPS","GDPC1","0","GP","hom","xalm","f","post2020-outl",0,0,0
"CRPS","GDPC1","0","GP","hom","alm3","s","post2020-outl",0,1,1
"CRPS","GDPC1","0","GP","hom","alm3","b","post2020-outl",0,0,0
"CRPS","GDPC1","0","GP","hom","alm3","f","post2020-outl",0,1,1
"CRPS","GDPC1","0","GP","hom","leg3","s","post2020-outl",0,0,0
"CRPS","GDPC1","0","GP","hom","leg3","b","post2020-outl",0,0,0
"CRPS","GDPC1","0","GP","hom","leg3","f","post2020-outl",0,0,0
"CRPS","GDPC1","0","GP","hom","leg5","s","post2020-outl",1,1,2
"CRPS","GDPC1","0","GP","hom","leg5","b","post2020-outl",0,0,0
"CRPS","GDPC1","0","GP","hom","leg5","f","post2020-outl",0,0,0
"CRPS","GDPC1","0","GP","hom","ber3","s","post2020-outl",0,1,1
"CRPS","GDPC1","0","GP","hom","ber3","b","post2020-outl",0,0,0
"CRPS","GDPC1","0","GP","hom","ber3","f","post2020-outl",0,0,0
"CRPS","GDPC1","0","GP","hom","ber5","s","post2020-outl",0,1,1
"CRPS","GDPC1","0","GP","hom","ber5","b","post2020-outl",0,0,0
"CRPS","GDPC1","0","GP","hom","ber5","f","post2020-outl",0,0,0
"CRPS","GDPC1","0","GP","hom","fou3","s","post2020-outl",0,1,1
"CRPS","GDPC1","0","GP","hom","fou3","b","post2020-outl",0,1,1
"CRPS","GDPC1","0","GP","hom","fou3","f","post2020-outl",1,1,2
"CRPS","GDPC1","0","BLR","sv","blu","s","post2020-outl",1,1,2
"CRPS","GDPC1","0","BLR","sv","blu","b","post2020-outl",0,1,1
"CRPS","GDPC1","0","BLR","sv","blu","f","post2020-outl",0,1,1
"CRPS","GDPC1","0","BLR","sv","svd","s","post2020-outl",0,1,1
"CRPS","GDPC1","0","BLR","sv","svd","b","post2020-outl",0,1,1
"CRPS","GDPC1","0","BLR","sv","svd","f","post2020-outl",0,0,0
"CRPS","GDPC1","0","BLR","sv","br","s","post2020-outl",1,1,2
"CRPS","GDPC1","0","BLR","sv","br","b","post2020-outl",1,1,2
"CRPS","GDPC1","0","BLR","sv","br","f","post2020-outl",1,1,2
"CRPS","GDPC1","0","BLR","sv","eq","s","post2020-outl",1,1,2
"CRPS","GDPC1","0","BLR","sv","eq","b","post2020-outl",1,1,2
"CRPS","GDPC1","0","BLR","sv","eq","f","post2020-outl",0,0,0
"CRPS","GDPC1","0","BLR","sv","xalm","s","post2020-outl",1,1,2
"CRPS","GDPC1","0","BLR","sv","xalm","b","post2020-outl",1,1,2
"CRPS","GDPC1","0","BLR","sv","xalm","f","post2020-outl",0,1,1
"CRPS","GDPC1","0","BLR","sv","alm3","s","post2020-outl",1,1,2
"CRPS","GDPC1","0","BLR","sv","alm3","b","post2020-outl",0,0,0
"CRPS","GDPC1","0","BLR","sv","alm3","f","post2020-outl",0,0,0
"CRPS","GDPC1","0","BLR","sv","leg3","s","post2020-outl",1,1,2
"CRPS","GDPC1","0","BLR","sv","leg3","b","post2020-outl",0,1,1
"CRPS","GDPC1","0","BLR","sv","leg3","f","post2020-outl",0,0,0
"CRPS","GDPC1","0","BLR","sv","leg5","s","post2020-outl",1,1,2
"CRPS","GDPC1","0","BLR","sv","leg5","b","post2020-outl",0,0,0
"CRPS","GDPC1","0","BLR","sv","leg5","f","post2020-outl",1,1,2
"CRPS","GDPC1","0","BLR","sv","ber3","s","post2020-outl",1,1,2
"CRPS","GDPC1","0","BLR","sv","ber3","b","post2020-outl",1,1,2
"CRPS","GDPC1","0","BLR","sv","ber3","f","post2020-outl",0,0,0
"CRPS","GDPC1","0","BLR","sv","ber5","s","post2020-outl",1,1,2
"CRPS","GDPC1","0","BLR","sv","ber5","b","post2020-outl",1,1,2
"CRPS","GDPC1","0","BLR","sv","ber5","f","post2020-outl",1,1,2
"CRPS","GDPC1","0","BLR","sv","fou3","s","post2020-outl",1,1,2
"CRPS","GDPC1","0","BLR","sv","fou3","b","post2020-outl",0,0,0
"CRPS","GDPC1","0","BLR","sv","fou3","f","post2020-outl",0,0,0
"CRPS","GDPC1","0","BART","sv","blu","s","post2020-outl",0,1,1
"CRPS","GDPC1","0","BART","sv","blu","b","post2020-outl",0,0,0
"CRPS","GDPC1","0","BART","sv","blu","f","post2020-outl",0,0,0
"CRPS","GDPC1","0","BART","sv","svd","s","post2020-outl",0,0,0
"CRPS","GDPC1","0","BART","sv","svd","b","post2020-outl",0,0,0
"CRPS","GDPC1","0","BART","sv","svd","f","post2020-outl",0,0,0
"CRPS","GDPC1","0","BART","sv","br","s","post2020-outl",0,0,0
"CRPS","GDPC1","0","BART","sv","br","b","post2020-outl",0,0,0
"CRPS","GDPC1","0","BART","sv","br","f","post2020-outl",0,0,0
"CRPS","GDPC1","0","BART","sv","eq","s","post2020-outl",1,1,2
"CRPS","GDPC1","0","BART","sv","eq","b","post2020-outl",0,1,1
"CRPS","GDPC1","0","BART","sv","eq","f","post2020-outl",0,0,0
"CRPS","GDPC1","0","BART","sv","xalm","s","post2020-outl",1,1,2
"CRPS","GDPC1","0","BART","sv","xalm","b","post2020-outl",1,1,2
"CRPS","GDPC1","0","BART","sv","xalm","f","post2020-outl",0,0,0
"CRPS","GDPC1","0","BART","sv","alm3","s","post2020-outl",0,0,0
"CRPS","GDPC1","0","BART","sv","alm3","b","post2020-outl",0,0,0
"CRPS","GDPC1","0","BART","sv","alm3","f","post2020-outl",0,0,0
"CRPS","GDPC1","0","BART","sv","leg3","s","post2020-outl",1,1,2
"CRPS","GDPC1","0","BART","sv","leg3","b","post2020-outl",0,1,1
"CRPS","GDPC1","0","BART","sv","leg3","f","post2020-outl",0,0,0
"CRPS","GDPC1","0","BART","sv","leg5","s","post2020-outl",1,1,2
"CRPS","GDPC1","0","BART","sv","leg5","b","post2020-outl",0,0,0
"CRPS","GDPC1","0","BART","sv","leg5","f","post2020-outl",0,0,0
"CRPS","GDPC1","0","BART","sv","ber3","s","post2020-outl",0,1,1
"CRPS","GDPC1","0","BART","sv","ber3","b","post2020-outl",0,0,0
"CRPS","GDPC1","0","BART","sv","ber3","f","post2020-outl",0,0,0
"CRPS","GDPC1","0","BART","sv","ber5","s","post2020-outl",0,0,0
"CRPS","GDPC1","0","BART","sv","ber5","b","post2020-outl",0,0,0
"CRPS","GDPC1","0","BART","sv","ber5","f","post2020-outl",0,0,0
"CRPS","GDPC1","0","BART","sv","fou3","s","post2020-outl",1,1,2
"CRPS","GDPC1","0","BART","sv","fou3","b","post2020-outl",0,0,0
"CRPS","GDPC1","0","BART","sv","fou3","f","post2020-outl",0,0,0
"CRPS","GDPC1","0","GP","sv","blu","s","post2020-outl",1,1,2
"CRPS","GDPC1","0","GP","sv","blu","b","post2020-outl",0,0,0
"CRPS","GDPC1","0","GP","sv","blu","f","post2020-outl",0,0,0
"CRPS","GDPC1","0","GP","sv","svd","s","post2020-outl",0,0,0
"CRPS","GDPC1","0","GP","sv","svd","b","post2020-outl",0,0,0
"CRPS","GDPC1","0","GP","sv","svd","f","post2020-outl",0,0,0
"CRPS","GDPC1","0","GP","sv","br","s","post2020-outl",0,0,0
"CRPS","GDPC1","0","GP","sv","br","b","post2020-outl",0,0,0
"CRPS","GDPC1","0","GP","sv","br","f","post2020-outl",0,0,0
"CRPS","GDPC1","0","GP","sv","eq","s","post2020-outl",1,1,2
"CRPS","GDPC1","0","GP","sv","eq","b","post2020-outl",0,0,0
"CRPS","GDPC1","0","GP","sv","eq","f","post2020-outl",0,0,0
"CRPS","GDPC1","0","GP","sv","xalm","s","post2020-outl",1,1,2
"CRPS","GDPC1","0","GP","sv","xalm","b","post2020-outl",1,1,2
"CRPS","GDPC1","0","GP","sv","xalm","f","post2020-outl",0,0,0
"CRPS","GDPC1","0","GP","sv","alm3","s","post2020-outl",0,0,0
"CRPS","GDPC1","0","GP","sv","alm3","b","post2020-outl",0,0,0
"CRPS","GDPC1","0","GP","sv","alm3","f","post2020-outl",0,0,0
"CRPS","GDPC1","0","GP","sv","leg3","s","post2020-outl",1,1,2
"CRPS","GDPC1","0","GP","sv","leg3","b","post2020-outl",0,0,0
"CRPS","GDPC1","0","GP","sv","leg3","f","post2020-outl",0,0,0
"CRPS","GDPC1","0","GP","sv","leg5","s","post2020-outl",0,1,1
"CRPS","GDPC1","0","GP","sv","leg5","b","post2020-outl",0,0,0
"CRPS","GDPC1","0","GP","sv","leg5","f","post2020-outl",0,0,0
"CRPS","GDPC1","0","GP","sv","ber3","s","post2020-outl",0,1,1
"CRPS","GDPC1","0","GP","sv","ber3","b","post2020-outl",0,0,0
"CRPS","GDPC1","0","GP","sv","ber3","f","post2020-outl",0,0,0
"CRPS","GDPC1","0","GP","sv","ber5","s","post2020-outl",0,1,1
"CRPS","GDPC1","0","GP","sv","ber5","b","post2020-outl",0,0,0
"CRPS","GDPC1","0","GP","sv","ber5","f","post2020-outl",0,0,0
"CRPS","GDPC1","0","GP","sv","fou3","s","post2020-outl",0,0,0
"CRPS","GDPC1","0","GP","sv","fou3","b","post2020-outl",0,0,0
"CRPS","GDPC1","0","GP","sv","fou3","f","post2020-outl",0,0,0
"CRPS","GDPC1","0","MFVAR","hom","blu","s","post2020-outl",1,1,2
"CRPS","GDPC1","0","MFVAR","hom","blu","f","post2020-outl",0,0,0
"CRPS","GDPC1","0","MFVAR","sv","blu","s","post2020-outl",0,0,0
"CRPS","GDPC1","0","MFVAR","sv","blu","f","post2020-outl",0,1,1
"CRPS","GDPCTPI","0","BLR","hom","blu","s","post2020-outl",0,0,0
"CRPS","GDPCTPI","0","BLR","hom","blu","b","post2020-outl",0,0,0
"CRPS","GDPCTPI","0","BLR","hom","blu","f","post2020-outl",1,1,2
"CRPS","GDPCTPI","0","BLR","hom","svd","s","post2020-outl",0,0,0
"CRPS","GDPCTPI","0","BLR","hom","svd","b","post2020-outl",0,0,0
"CRPS","GDPCTPI","0","BLR","hom","svd","f","post2020-outl",0,0,0
"CRPS","GDPCTPI","0","BLR","hom","br","s","post2020-outl",0,0,0
"CRPS","GDPCTPI","0","BLR","hom","br","b","post2020-outl",1,1,2
"CRPS","GDPCTPI","0","BLR","hom","br","f","post2020-outl",0,0,0
"CRPS","GDPCTPI","0","BLR","hom","eq","s","post2020-outl",0,0,0
"CRPS","GDPCTPI","0","BLR","hom","eq","b","post2020-outl",0,0,0
"CRPS","GDPCTPI","0","BLR","hom","eq","f","post2020-outl",0,0,0
"CRPS","GDPCTPI","0","BLR","hom","xalm","s","post2020-outl",0,0,0
"CRPS","GDPCTPI","0","BLR","hom","xalm","b","post2020-outl",1,1,2
"CRPS","GDPCTPI","0","BLR","hom","xalm","f","post2020-outl",0,0,0
"CRPS","GDPCTPI","0","BLR","hom","alm3","s","post2020-outl",0,0,0
"CRPS","GDPCTPI","0","BLR","hom","alm3","b","post2020-outl",0,0,0
"CRPS","GDPCTPI","0","BLR","hom","alm3","f","post2020-outl",0,0,0
"CRPS","GDPCTPI","0","BLR","hom","leg3","s","post2020-outl",0,0,0
"CRPS","GDPCTPI","0","BLR","hom","leg3","b","post2020-outl",0,0,0
"CRPS","GDPCTPI","0","BLR","hom","leg3","f","post2020-outl",0,0,0
"CRPS","GDPCTPI","0","BLR","hom","leg5","s","post2020-outl",0,0,0
"CRPS","GDPCTPI","0","BLR","hom","leg5","b","post2020-outl",0,0,0
"CRPS","GDPCTPI","0","BLR","hom","leg5","f","post2020-outl",0,0,0
"CRPS","GDPCTPI","0","BLR","hom","ber3","s","post2020-outl",0,0,0
"CRPS","GDPCTPI","0","BLR","hom","ber3","b","post2020-outl",1,1,2
"CRPS","GDPCTPI","0","BLR","hom","ber3","f","post2020-outl",0,0,0
"CRPS","GDPCTPI","0","BLR","hom","ber5","s","post2020-outl",0,1,1
"CRPS","GDPCTPI","0","BLR","hom","ber5","b","post2020-outl",1,1,2
"CRPS","GDPCTPI","0","BLR","hom","ber5","f","post2020-outl",1,1,2
"CRPS","GDPCTPI","0","BLR","hom","fou3","s","post2020-outl",0,0,0
"CRPS","GDPCTPI","0","BLR","hom","fou3","b","post2020-outl",1,1,2
"CRPS","GDPCTPI","0","BLR","hom","fou3","f","post2020-outl",0,0,0
"CRPS","GDPCTPI","0","BART","hom","blu","s","post2020-outl",1,1,2
"CRPS","GDPCTPI","0","BART","hom","blu","b","post2020-outl",0,0,0
"CRPS","GDPCTPI","0","BART","hom","blu","f","post2020-outl",0,0,0
"CRPS","GDPCTPI","0","BART","hom","svd","s","post2020-outl",0,0,0
"CRPS","GDPCTPI","0","BART","hom","svd","b","post2020-outl",0,0,0
"CRPS","GDPCTPI","0","BART","hom","svd","f","post2020-outl",0,0,0
"CRPS","GDPCTPI","0","BART","hom","br","s","post2020-outl",1,1,2
"CRPS","GDPCTPI","0","BART","hom","br","b","post2020-outl",0,0,0
"CRPS","GDPCTPI","0","BART","hom","br","f","post2020-outl",0,0,0
"CRPS","GDPCTPI","0","BART","hom","eq","s","post2020-outl",0,1,1
"CRPS","GDPCTPI","0","BART","hom","eq","b","post2020-outl",0,0,0
"CRPS","GDPCTPI","0","BART","hom","eq","f","post2020-outl",0,0,0
"CRPS","GDPCTPI","0","BART","hom","xalm","s","post2020-outl",0,0,0
"CRPS","GDPCTPI","0","BART","hom","xalm","b","post2020-outl",0,0,0
"CRPS","GDPCTPI","0","BART","hom","xalm","f","post2020-outl",0,0,0
"CRPS","GDPCTPI","0","BART","hom","alm3","s","post2020-outl",0,0,0
"CRPS","GDPCTPI","0","BART","hom","alm3","b","post2020-outl",0,0,0
"CRPS","GDPCTPI","0","BART","hom","alm3","f","post2020-outl",0,0,0
"CRPS","GDPCTPI","0","BART","hom","leg3","s","post2020-outl",0,0,0
"CRPS","GDPCTPI","0","BART","hom","leg3","b","post2020-outl",1,1,2
"CRPS","GDPCTPI","0","BART","hom","leg3","f","post2020-outl",0,0,0
"CRPS","GDPCTPI","0","BART","hom","leg5","s","post2020-outl",0,0,0
"CRPS","GDPCTPI","0","BART","hom","leg5","b","post2020-outl",0,1,1
"CRPS","GDPCTPI","0","BART","hom","leg5","f","post2020-outl",0,0,0
"CRPS","GDPCTPI","0","BART","hom","ber3","s","post2020-outl",1,1,2
"CRPS","GDPCTPI","0","BART","hom","ber3","b","post2020-outl",1,1,2
"CRPS","GDPCTPI","0","BART","hom","ber3","f","post2020-outl",0,0,0
"CRPS","GDPCTPI","0","BART","hom","ber5","s","post2020-outl",1,1,2
"CRPS","GDPCTPI","0","BART","hom","ber5","b","post2020-outl",1,1,2
"CRPS","GDPCTPI","0","BART","hom","ber5","f","post2020-outl",0,0,0
"CRPS","GDPCTPI","0","BART","hom","fou3","s","post2020-outl",0,0,0
"CRPS","GDPCTPI","0","BART","hom","fou3","b","post2020-outl",0,1,1
"CRPS","GDPCTPI","0","BART","hom","fou3","f","post2020-outl",0,0,0
"CRPS","GDPCTPI","0","GP","hom","blu","s","post2020-outl",1,1,2
"CRPS","GDPCTPI","0","GP","hom","blu","b","post2020-outl",0,0,0
"CRPS","GDPCTPI","0","GP","hom","blu","f","post2020-outl",0,0,0
"CRPS","GDPCTPI","0","GP","hom","svd","s","post2020-outl",1,1,2
"CRPS","GDPCTPI","0","GP","hom","svd","b","post2020-outl",0,0,0
"CRPS","GDPCTPI","0","GP","hom","svd","f","post2020-outl",1,1,2
"CRPS","GDPCTPI","0","GP","hom","br","s","post2020-outl",1,1,2
"CRPS","GDPCTPI","0","GP","hom","br","b","post2020-outl",0,0,0
"CRPS","GDPCTPI","0","GP","hom","br","f","post2020-outl",0,0,0
"CRPS","GDPCTPI","0","GP","hom","eq","s","post2020-outl",0,0,0
"CRPS","GDPCTPI","0","GP","hom","eq","b","post2020-outl",1,1,2
"CRPS","GDPCTPI","0","GP","hom","eq","f","post2020-outl",0,0,0
"CRPS","GDPCTPI","0","GP","hom","xalm","s","post2020-outl",1,1,2
"CRPS","GDPCTPI","0","GP","hom","xalm","b","post2020-outl",1,1,2
"CRPS","GDPCTPI","0","GP","hom","xalm","f","post2020-outl",0,0,0
"CRPS","GDPCTPI","0","GP","hom","alm3","s","post2020-outl",0,1,1
"CRPS","GDPCTPI","0","GP","hom","alm3","b","post2020-outl",1,1,2
"CRPS","GDPCTPI","0","GP","hom","alm3","f","post2020-outl",0,0,0
"CRPS","GDPCTPI","0","GP","hom","leg3","s","post2020-outl",0,1,1
"CRPS","GDPCTPI","0","GP","hom","leg3","b","post2020-outl",0,0,0
"CRPS","GDPCTPI","0","GP","hom","leg3","f","post2020-outl",0,0,0
"CRPS","GDPCTPI","0","GP","hom","leg5","s","post2020-outl",0,0,0
"CRPS","GDPCTPI","0","GP","hom","leg5","b","post2020-outl",0,0,0
"CRPS","GDPCTPI","0","GP","hom","leg5","f","post2020-outl",0,0,0
"CRPS","GDPCTPI","0","GP","hom","ber3","s","post2020-outl",1,1,2
"CRPS","GDPCTPI","0","GP","hom","ber3","b","post2020-outl",1,1,2
"CRPS","GDPCTPI","0","GP","hom","ber3","f","post2020-outl",0,1,1
"CRPS","GDPCTPI","0","GP","hom","ber5","s","post2020-outl",1,1,2
"CRPS","GDPCTPI","0","GP","hom","ber5","b","post2020-outl",0,1,1
"CRPS","GDPCTPI","0","GP","hom","ber5","f","post2020-outl",0,1,1
"CRPS","GDPCTPI","0","GP","hom","fou3","s","post2020-outl",1,1,2
"CRPS","GDPCTPI","0","GP","hom","fou3","b","post2020-outl",1,1,2
"CRPS","GDPCTPI","0","GP","hom","fou3","f","post2020-outl",0,0,0
"CRPS","GDPCTPI","0","BLR","sv","blu","s","post2020-outl",1,1,2
"CRPS","GDPCTPI","0","BLR","sv","blu","b","post2020-outl",0,0,0
"CRPS","GDPCTPI","0","BLR","sv","blu","f","post2020-outl",1,1,2
"CRPS","GDPCTPI","0","BLR","sv","svd","s","post2020-outl",0,1,1
"CRPS","GDPCTPI","0","BLR","sv","svd","b","post2020-outl",0,1,1
"CRPS","GDPCTPI","0","BLR","sv","svd","f","post2020-outl",1,1,2
"CRPS","GDPCTPI","0","BLR","sv","br","s","post2020-outl",1,1,2
"CRPS","GDPCTPI","0","BLR","sv","br","b","post2020-outl",1,1,2
"CRPS","GDPCTPI","0","BLR","sv","br","f","post2020-outl",1,1,2
"CRPS","GDPCTPI","0","BLR","sv","eq","s","post2020-outl",1,1,2
"CRPS","GDPCTPI","0","BLR","sv","eq","b","post2020-outl",1,1,2
"CRPS","GDPCTPI","0","BLR","sv","eq","f","post2020-outl",0,1,1
"CRPS","GDPCTPI","0","BLR","sv","xalm","s","post2020-outl",1,1,2
"CRPS","GDPCTPI","0","BLR","sv","xalm","b","post2020-outl",1,1,2
"CRPS","GDPCTPI","0","BLR","sv","xalm","f","post2020-outl",1,1,2
"CRPS","GDPCTPI","0","BLR","sv","alm3","s","post2020-outl",1,1,2
"CRPS","GDPCTPI","0","BLR","sv","alm3","b","post2020-outl",0,0,0
"CRPS","GDPCTPI","0","BLR","sv","alm3","f","post2020-outl",0,0,0
"CRPS","GDPCTPI","0","BLR","sv","leg3","s","post2020-outl",1,1,2
"CRPS","GDPCTPI","0","BLR","sv","leg3","b","post2020-outl",0,0,0
"CRPS","GDPCTPI","0","BLR","sv","leg3","f","post2020-outl",0,1,1
"CRPS","GDPCTPI","0","BLR","sv","leg5","s","post2020-outl",1,1,2
"CRPS","GDPCTPI","0","BLR","sv","leg5","b","post2020-outl",0,0,0
"CRPS","GDPCTPI","0","BLR","sv","leg5","f","post2020-outl",1,1,2
"CRPS","GDPCTPI","0","BLR","sv","ber3","s","post2020-outl",1,1,2
"CRPS","GDPCTPI","0","BLR","sv","ber3","b","post2020-outl",1,1,2
"CRPS","GDPCTPI","0","BLR","sv","ber3","f","post2020-outl",1,1,2
"CRPS","GDPCTPI","0","BLR","sv","ber5","s","post2020-outl",1,1,2
"CRPS","GDPCTPI","0","BLR","sv","ber5","b","post2020-outl",1,1,2
"CRPS","GDPCTPI","0","BLR","sv","ber5","f","post2020-outl",1,1,2
"CRPS","GDPCTPI","0","BLR","sv","fou3","s","post2020-outl",0,0,0
"CRPS","GDPCTPI","0","BLR","sv","fou3","b","post2020-outl",1,1,2
"CRPS","GDPCTPI","0","BLR","sv","fou3","f","post2020-outl",0,0,0
"CRPS","GDPCTPI","0","BART","sv","blu","s","post2020-outl",1,1,2
"CRPS","GDPCTPI","0","BART","sv","blu","b","post2020-outl",0,0,0
"CRPS","GDPCTPI","0","BART","sv","blu","f","post2020-outl",0,0,0
"CRPS","GDPCTPI","0","BART","sv","svd","s","post2020-outl",0,0,0
"CRPS","GDPCTPI","0","BART","sv","svd","b","post2020-outl",0,1,1
"CRPS","GDPCTPI","0","BART","sv","svd","f","post2020-outl",0,0,0
"CRPS","GDPCTPI","0","BART","sv","br","s","post2020-outl",1,1,2
"CRPS","GDPCTPI","0","BART","sv","br","b","post2020-outl",0,0,0
"CRPS","GDPCTPI","0","BART","sv","br","f","post2020-outl",0,0,0
"CRPS","GDPCTPI","0","BART","sv","eq","s","post2020-outl",0,0,0
"CRPS","GDPCTPI","0","BART","sv","eq","b","post2020-outl",0,0,0
"CRPS","GDPCTPI","0","BART","sv","eq","f","post2020-outl",0,0,0
"CRPS","GDPCTPI","0","BART","sv","xalm","s","post2020-outl",0,1,1
"CRPS","GDPCTPI","0","BART","sv","xalm","b","post2020-outl",0,0,0
"CRPS","GDPCTPI","0","BART","sv","xalm","f","post2020-outl",0,0,0
"CRPS","GDPCTPI","0","BART","sv","alm3","s","post2020-outl",1,1,2
"CRPS","GDPCTPI","0","BART","sv","alm3","b","post2020-outl",0,0,0
"CRPS","GDPCTPI","0","BART","sv","alm3","f","post2020-outl",0,0,0
"CRPS","GDPCTPI","0","BART","sv","leg3","s","post2020-outl",0,0,0
"CRPS","GDPCTPI","0","BART","sv","leg3","b","post2020-outl",0,0,0
"CRPS","GDPCTPI","0","BART","sv","leg3","f","post2020-outl",0,0,0
"CRPS","GDPCTPI","0","BART","sv","leg5","s","post2020-outl",0,0,0
"CRPS","GDPCTPI","0","BART","sv","leg5","b","post2020-outl",0,0,0
"CRPS","GDPCTPI","0","BART","sv","leg5","f","post2020-outl",0,0,0
"CRPS","GDPCTPI","0","BART","sv","ber3","s","post2020-outl",1,1,2
"CRPS","GDPCTPI","0","BART","sv","ber3","b","post2020-outl",0,0,0
"CRPS","GDPCTPI","0","BART","sv","ber3","f","post2020-outl",0,0,0
"CRPS","GDPCTPI","0","BART","sv","ber5","s","post2020-outl",1,1,2
"CRPS","GDPCTPI","0","BART","sv","ber5","b","post2020-outl",1,1,2
"CRPS","GDPCTPI","0","BART","sv","ber5","f","post2020-outl",0,0,0
"CRPS","GDPCTPI","0","BART","sv","fou3","s","post2020-outl",0,0,0
"CRPS","GDPCTPI","0","BART","sv","fou3","b","post2020-outl",0,0,0
"CRPS","GDPCTPI","0","BART","sv","fou3","f","post2020-outl",0,0,0
"CRPS","GDPCTPI","0","GP","sv","blu","s","post2020-outl",1,1,2
"CRPS","GDPCTPI","0","GP","sv","blu","b","post2020-outl",0,0,0
"CRPS","GDPCTPI","0","GP","sv","blu","f","post2020-outl",0,0,0
"CRPS","GDPCTPI","0","GP","sv","svd","s","post2020-outl",1,1,2
"CRPS","GDPCTPI","0","GP","sv","svd","b","post2020-outl",1,1,2
"CRPS","GDPCTPI","0","GP","sv","svd","f","post2020-outl",1,1,2
"CRPS","GDPCTPI","0","GP","sv","br","s","post2020-outl",1,1,2
"CRPS","GDPCTPI","0","GP","sv","br","b","post2020-outl",0,0,0
"CRPS","GDPCTPI","0","GP","sv","br","f","post2020-outl",1,1,2
"CRPS","GDPCTPI","0","GP","sv","eq","s","post2020-outl",1,1,2
"CRPS","GDPCTPI","0","GP","sv","eq","b","post2020-outl",0,1,1
"CRPS","GDPCTPI","0","GP","sv","eq","f","post2020-outl",0,0,0
"CRPS","GDPCTPI","0","GP","sv","xalm","s","post2020-outl",1,1,2
"CRPS","GDPCTPI","0","GP","sv","xalm","b","post2020-outl",1,1,2
"CRPS","GDPCTPI","0","GP","sv","xalm","f","post2020-outl",1,1,2
"CRPS","GDPCTPI","0","GP","sv","alm3","s","post2020-outl",1,1,2
"CRPS","GDPCTPI","0","GP","sv","alm3","b","post2020-outl",1,1,2
"CRPS","GDPCTPI","0","GP","sv","alm3","f","post2020-outl",0,0,0
"CRPS","GDPCTPI","0","GP","sv","leg3","s","post2020-outl",1,1,2
"CRPS","GDPCTPI","0","GP","sv","leg3","b","post2020-outl",0,1,1
"CRPS","GDPCTPI","0","GP","sv","leg3","f","post2020-outl",0,0,0
"CRPS","GDPCTPI","0","GP","sv","leg5","s","post2020-outl",0,1,1
"CRPS","GDPCTPI","0","GP","sv","leg5","b","post2020-outl",0,0,0
"CRPS","GDPCTPI","0","GP","sv","leg5","f","post2020-outl",0,0,0
"CRPS","GDPCTPI","0","GP","sv","ber3","s","post2020-outl",1,1,2
"CRPS","GDPCTPI","0","GP","sv","ber3","b","post2020-outl",1,1,2
"CRPS","GDPCTPI","0","GP","sv","ber3","f","post2020-outl",1,1,2
"CRPS","GDPCTPI","0","GP","sv","ber5","s","post2020-outl",1,1,2
"CRPS","GDPCTPI","0","GP","sv","ber5","b","post2020-outl",1,1,2
"CRPS","GDPCTPI","0","GP","sv","ber5","f","post2020-outl",1,1,2
"CRPS","GDPCTPI","0","GP","sv","fou3","s","post2020-outl",1,1,2
"CRPS","GDPCTPI","0","GP","sv","fou3","b","post2020-outl",1,1,2
"CRPS","GDPCTPI","0","GP","sv","fou3","f","post2020-outl",0,0,0
"CRPS","GDPCTPI","0","MFVAR","hom","blu","s","post2020-outl",0,0,0
"CRPS","GDPCTPI","0","MFVAR","hom","blu","f","post2020-outl",0,0,0
"CRPS","GDPCTPI","0","MFVAR","sv","blu","s","post2020-outl",0,0,0
"CRPS","GDPCTPI","0","MFVAR","sv","blu","f","post2020-outl",0,0,0
"CRPS","GDPC1","-1/3","BLR","hom","blu","s","post2020-outl",1,1,2
"CRPS","GDPC1","-1/3","BLR","hom","blu","b","post2020-outl",0,0,0
"CRPS","GDPC1","-1/3","BLR","hom","blu","f","post2020-outl",1,1,2
"CRPS","GDPC1","-1/3","BLR","hom","svd","s","post2020-outl",0,0,0
"CRPS","GDPC1","-1/3","BLR","hom","svd","b","post2020-outl",0,0,0
"CRPS","GDPC1","-1/3","BLR","hom","svd","f","post2020-outl",0,0,0
"CRPS","GDPC1","-1/3","BLR","hom","br","s","post2020-outl",1,1,2
"CRPS","GDPC1","-1/3","BLR","hom","br","b","post2020-outl",0,0,0
"CRPS","GDPC1","-1/3","BLR","hom","br","f","post2020-outl",1,1,2
"CRPS","GDPC1","-1/3","BLR","hom","eq","s","post2020-outl",0,0,0
"CRPS","GDPC1","-1/3","BLR","hom","eq","b","post2020-outl",1,1,2
"CRPS","GDPC1","-1/3","BLR","hom","eq","f","post2020-outl",0,0,0
"CRPS","GDPC1","-1/3","BLR","hom","xalm","s","post2020-outl",1,1,2
"CRPS","GDPC1","-1/3","BLR","hom","xalm","b","post2020-outl",1,1,2
"CRPS","GDPC1","-1/3","BLR","hom","xalm","f","post2020-outl",0,0,0
"CRPS","GDPC1","-1/3","BLR","hom","alm3","s","post2020-outl",1,1,2
"CRPS","GDPC1","-1/3","BLR","hom","alm3","b","post2020-outl",0,1,1
"CRPS","GDPC1","-1/3","BLR","hom","alm3","f","post2020-outl",0,0,0
"CRPS","GDPC1","-1/3","BLR","hom","leg3","s","post2020-outl",1,1,2
"CRPS","GDPC1","-1/3","BLR","hom","leg3","b","post2020-outl",0,0,0
"CRPS","GDPC1","-1/3","BLR","hom","leg3","f","post2020-outl",1,1,2
"CRPS","GDPC1","-1/3","BLR","hom","leg5","s","post2020-outl",1,1,2
"CRPS","GDPC1","-1/3","BLR","hom","leg5","b","post2020-outl",0,0,0
"CRPS","GDPC1","-1/3","BLR","hom","leg5","f","post2020-outl",1,1,2
"CRPS","GDPC1","-1/3","BLR","hom","ber3","s","post2020-outl",1,1,2
"CRPS","GDPC1","-1/3","BLR","hom","ber3","b","post2020-outl",1,1,2
"CRPS","GDPC1","-1/3","BLR","hom","ber3","f","post2020-outl",0,1,1
"CRPS","GDPC1","-1/3","BLR","hom","ber5","s","post2020-outl",1,1,2
"CRPS","GDPC1","-1/3","BLR","hom","ber5","b","post2020-outl",1,1,2
"CRPS","GDPC1","-1/3","BLR","hom","ber5","f","post2020-outl",1,1,2
"CRPS","GDPC1","-1/3","BLR","hom","fou3","s","post2020-outl",1,1,2
"CRPS","GDPC1","-1/3","BLR","hom","fou3","b","post2020-outl",0,0,0
"CRPS","GDPC1","-1/3","BLR","hom","fou3","f","post2020-outl",1,1,2
"CRPS","GDPC1","-1/3","BART","hom","blu","s","post2020-outl",1,1,2
"CRPS","GDPC1","-1/3","BART","hom","blu","b","post2020-outl",1,1,2
"CRPS","GDPC1","-1/3","BART","hom","blu","f","post2020-outl",0,0,0
"CRPS","GDPC1","-1/3","BART","hom","svd","s","post2020-outl",0,0,0
"CRPS","GDPC1","-1/3","BART","hom","svd","b","post2020-outl",0,0,0
"CRPS","GDPC1","-1/3","BART","hom","svd","f","post2020-outl",0,0,0
"CRPS","GDPC1","-1/3","BART","hom","br","s","post2020-outl",0,0,0
"CRPS","GDPC1","-1/3","BART","hom","br","b","post2020-outl",0,0,0
"CRPS","GDPC1","-1/3","BART","hom","br","f","post2020-outl",0,0,0
"CRPS","GDPC1","-1/3","BART","hom","eq","s","post2020-outl",1,1,2
"CRPS","GDPC1","-1/3","BART","hom","eq","b","post2020-outl",1,1,2
"CRPS","GDPC1","-1/3","BART","hom","eq","f","post2020-outl",0,0,0
"CRPS","GDPC1","-1/3","BART","hom","xalm","s","post2020-outl",1,1,2
"CRPS","GDPC1","-1/3","BART","hom","xalm","b","post2020-outl",1,1,2
"CRPS","GDPC1","-1/3","BART","hom","xalm","f","post2020-outl",1,1,2
"CRPS","GDPC1","-1/3","BART","hom","alm3","s","post2020-outl",0,1,1
"CRPS","GDPC1","-1/3","BART","hom","alm3","b","post2020-outl",0,1,1
"CRPS","GDPC1","-1/3","BART","hom","alm3","f","post2020-outl",0,0,0
"CRPS","GDPC1","-1/3","BART","hom","leg3","s","post2020-outl",1,1,2
"CRPS","GDPC1","-1/3","BART","hom","leg3","b","post2020-outl",0,0,0
"CRPS","GDPC1","-1/3","BART","hom","leg3","f","post2020-outl",0,0,0
"CRPS","GDPC1","-1/3","BART","hom","leg5","s","post2020-outl",0,0,0
"CRPS","GDPC1","-1/3","BART","hom","leg5","b","post2020-outl",0,0,0
"CRPS","GDPC1","-1/3","BART","hom","leg5","f","post2020-outl",0,0,0
"CRPS","GDPC1","-1/3","BART","hom","ber3","s","post2020-outl",1,1,2
"CRPS","GDPC1","-1/3","BART","hom","ber3","b","post2020-outl",1,1,2
"CRPS","GDPC1","-1/3","BART","hom","ber3","f","post2020-outl",0,0,0
"CRPS","GDPC1","-1/3","BART","hom","ber5","s","post2020-outl",1,1,2
"CRPS","GDPC1","-1/3","BART","hom","ber5","b","post2020-outl",1,1,2
"CRPS","GDPC1","-1/3","BART","hom","ber5","f","post2020-outl",0,0,0
"CRPS","GDPC1","-1/3","BART","hom","fou3","s","post2020-outl",1,1,2
"CRPS","GDPC1","-1/3","BART","hom","fou3","b","post2020-outl",0,1,1
"CRPS","GDPC1","-1/3","BART","hom","fou3","f","post2020-outl",0,0,0
"CRPS","GDPC1","-1/3","GP","hom","blu","s","post2020-outl",0,1,1
"CRPS","GDPC1","-1/3","GP","hom","blu","b","post2020-outl",0,0,0
"CRPS","GDPC1","-1/3","GP","hom","blu","f","post2020-outl",0,0,0
"CRPS","GDPC1","-1/3","GP","hom","svd","s","post2020-outl",0,0,0
"CRPS","GDPC1","-1/3","GP","hom","svd","b","post2020-outl",0,0,0
"CRPS","GDPC1","-1/3","GP","hom","svd","f","post2020-outl",0,0,0
"CRPS","GDPC1","-1/3","GP","hom","br","s","post2020-outl",1,1,2
"CRPS","GDPC1","-1/3","GP","hom","br","b","post2020-outl",0,0,0
"CRPS","GDPC1","-1/3","GP","hom","br","f","post2020-outl",0,0,0
"CRPS","GDPC1","-1/3","GP","hom","eq","s","post2020-outl",0,0,0
"CRPS","GDPC1","-1/3","GP","hom","eq","b","post2020-outl",0,0,0
"CRPS","GDPC1","-1/3","GP","hom","eq","f","post2020-outl",0,0,0
"CRPS","GDPC1","-1/3","GP","hom","xalm","s","post2020-outl",1,1,2
"CRPS","GDPC1","-1/3","GP","hom","xalm","b","post2020-outl",1,1,2
"CRPS","GDPC1","-1/3","GP","hom","xalm","f","post2020-outl",0,0,0
"CRPS","GDPC1","-1/3","GP","hom","alm3","s","post2020-outl",0,0,0
"CRPS","GDPC1","-1/3","GP","hom","alm3","b","post2020-outl",0,0,0
"CRPS","GDPC1","-1/3","GP","hom","alm3","f","post2020-outl",0,0,0
"CRPS","GDPC1","-1/3","GP","hom","leg3","s","post2020-outl",0,0,0
"CRPS","GDPC1","-1/3","GP","hom","leg3","b","post2020-outl",0,0,0
"CRPS","GDPC1","-1/3","GP","hom","leg3","f","post2020-outl",0,0,0
"CRPS","GDPC1","-1/3","GP","hom","leg5","s","post2020-outl",1,1,2
"CRPS","GDPC1","-1/3","GP","hom","leg5","b","post2020-outl",0,0,0
"CRPS","GDPC1","-1/3","GP","hom","leg5","f","post2020-outl",0,0,0
"CRPS","GDPC1","-1/3","GP","hom","ber3","s","post2020-outl",1,1,2
"CRPS","GDPC1","-1/3","GP","hom","ber3","b","post2020-outl",1,1,2
"CRPS","GDPC1","-1/3","GP","hom","ber3","f","post2020-outl",1,1,2
"CRPS","GDPC1","-1/3","GP","hom","ber5","s","post2020-outl",1,1,2
"CRPS","GDPC1","-1/3","GP","hom","ber5","b","post2020-outl",0,0,0
"CRPS","GDPC1","-1/3","GP","hom","ber5","f","post2020-outl",0,0,0
"CRPS","GDPC1","-1/3","GP","hom","fou3","s","post2020-outl",1,1,2
"CRPS","GDPC1","-1/3","GP","hom","fou3","b","post2020-outl",0,0,0
"CRPS","GDPC1","-1/3","GP","hom","fou3","f","post2020-outl",1,1,2
"CRPS","GDPC1","-1/3","BLR","sv","blu","s","post2020-outl",1,1,2
"CRPS","GDPC1","-1/3","BLR","sv","blu","b","post2020-outl",0,0,0
"CRPS","GDPC1","-1/3","BLR","sv","blu","f","post2020-outl",1,1,2
"CRPS","GDPC1","-1/3","BLR","sv","svd","s","post2020-outl",1,1,2
"CRPS","GDPC1","-1/3","BLR","sv","svd","b","post2020-outl",1,1,2
"CRPS","GDPC1","-1/3","BLR","sv","svd","f","post2020-outl",0,0,0
"CRPS","GDPC1","-1/3","BLR","sv","br","s","post2020-outl",1,1,2
"CRPS","GDPC1","-1/3","BLR","sv","br","b","post2020-outl",0,1,1
"CRPS","GDPC1","-1/3","BLR","sv","br","f","post2020-outl",1,1,2
"CRPS","GDPC1","-1/3","BLR","sv","eq","s","post2020-outl",1,1,2
"CRPS","GDPC1","-1/3","BLR","sv","eq","b","post2020-outl",0,0,0
"CRPS","GDPC1","-1/3","BLR","sv","eq","f","post2020-outl",0,0,0
"CRPS","GDPC1","-1/3","BLR","sv","xalm","s","post2020-outl",1,1,2
"CRPS","GDPC1","-1/3","BLR","sv","xalm","b","post2020-outl",1,1,2
"CRPS","GDPC1","-1/3","BLR","sv","xalm","f","post2020-outl",0,0,0
"CRPS","GDPC1","-1/3","BLR","sv","alm3","s","post2020-outl",1,1,2
"CRPS","GDPC1","-1/3","BLR","sv","alm3","b","post2020-outl",1,1,2
"CRPS","GDPC1","-1/3","BLR","sv","alm3","f","post2020-outl",0,1,1
"CRPS","GDPC1","-1/3","BLR","sv","leg3","s","post2020-outl",1,1,2
"CRPS","GDPC1","-1/3","BLR","sv","leg3","b","post2020-outl",0,1,1
"CRPS","GDPC1","-1/3","BLR","sv","leg3","f","post2020-outl",0,0,0
"CRPS","GDPC1","-1/3","BLR","sv","leg5","s","post2020-outl",1,1,2
"CRPS","GDPC1","-1/3","BLR","sv","leg5","b","post2020-outl",0,0,0
"CRPS","GDPC1","-1/3","BLR","sv","leg5","f","post2020-outl",1,1,2
"CRPS","GDPC1","-1/3","BLR","sv","ber3","s","post2020-outl",1,1,2
"CRPS","GDPC1","-1/3","BLR","sv","ber3","b","post2020-outl",1,1,2
"CRPS","GDPC1","-1/3","BLR","sv","ber3","f","post2020-outl",1,1,2
"CRPS","GDPC1","-1/3","BLR","sv","ber5","s","post2020-outl",1,1,2
"CRPS","GDPC1","-1/3","BLR","sv","ber5","b","post2020-outl",1,1,2
"CRPS","GDPC1","-1/3","BLR","sv","ber5","f","post2020-outl",1,1,2
"CRPS","GDPC1","-1/3","BLR","sv","fou3","s","post2020-outl",1,1,2
"CRPS","GDPC1","-1/3","BLR","sv","fou3","b","post2020-outl",0,1,1
"CRPS","GDPC1","-1/3","BLR","sv","fou3","f","post2020-outl",1,1,2
"CRPS","GDPC1","-1/3","BART","sv","blu","s","post2020-outl",1,1,2
"CRPS","GDPC1","-1/3","BART","sv","blu","b","post2020-outl",0,1,1
"CRPS","GDPC1","-1/3","BART","sv","blu","f","post2020-outl",0,0,0
"CRPS","GDPC1","-1/3","BART","sv","svd","s","post2020-outl",0,0,0
"CRPS","GDPC1","-1/3","BART","sv","svd","b","post2020-outl",0,0,0
"CRPS","GDPC1","-1/3","BART","sv","svd","f","post2020-outl",0,0,0
"CRPS","GDPC1","-1/3","BART","sv","br","s","post2020-outl",0,0,0
"CRPS","GDPC1","-1/3","BART","sv","br","b","post2020-outl",0,0,0
"CRPS","GDPC1","-1/3","BART","sv","br","f","post2020-outl",0,0,0
"CRPS","GDPC1","-1/3","BART","sv","eq","s","post2020-outl",0,0,0
"CRPS","GDPC1","-1/3","BART","sv","eq","b","post2020-outl",0,0,0
"CRPS","GDPC1","-1/3","BART","sv","eq","f","post2020-outl",0,0,0
"CRPS","GDPC1","-1/3","BART","sv","xalm","s","post2020-outl",0,0,0
"CRPS","GDPC1","-1/3","BART","sv","xalm","b","post2020-outl",0,0,0
"CRPS","GDPC1","-1/3","BART","sv","xalm","f","post2020-outl",0,0,0
"CRPS","GDPC1","-1/3","BART","sv","alm3","s","post2020-outl",0,0,0
"CRPS","GDPC1","-1/3","BART","sv","alm3","b","post2020-outl",0,0,0
"CRPS","GDPC1","-1/3","BART","sv","alm3","f","post2020-outl",0,0,0
"CRPS","GDPC1","-1/3","BART","sv","leg3","s","post2020-outl",0,1,1
"CRPS","GDPC1","-1/3","BART","sv","leg3","b","post2020-outl",0,0,0
"CRPS","GDPC1","-1/3","BART","sv","leg3","f","post2020-outl",0,0,0
"CRPS","GDPC1","-1/3","BART","sv","leg5","s","post2020-outl",0,0,0
"CRPS","GDPC1","-1/3","BART","sv","leg5","b","post2020-outl",0,0,0
"CRPS","GDPC1","-1/3","BART","sv","leg5","f","post2020-outl",0,0,0
"CRPS","GDPC1","-1/3","BART","sv","ber3","s","post2020-outl",0,1,1
"CRPS","GDPC1","-1/3","BART","sv","ber3","b","post2020-outl",0,0,0
"CRPS","GDPC1","-1/3","BART","sv","ber3","f","post2020-outl",0,0,0
"CRPS","GDPC1","-1/3","BART","sv","ber5","s","post2020-outl",1,1,2
"CRPS","GDPC1","-1/3","BART","sv","ber5","b","post2020-outl",1,1,2
"CRPS","GDPC1","-1/3","BART","sv","ber5","f","post2020-outl",0,0,0
"CRPS","GDPC1","-1/3","BART","sv","fou3","s","post2020-outl",0,1,1
"CRPS","GDPC1","-1/3","BART","sv","fou3","b","post2020-outl",0,0,0
"CRPS","GDPC1","-1/3","BART","sv","fou3","f","post2020-outl",0,0,0
"CRPS","GDPC1","-1/3","GP","sv","blu","s","post2020-outl",1,1,2
"CRPS","GDPC1","-1/3","GP","sv","blu","b","post2020-outl",0,0,0
"CRPS","GDPC1","-1/3","GP","sv","blu","f","post2020-outl",0,0,0
"CRPS","GDPC1","-1/3","GP","sv","svd","s","post2020-outl",0,0,0
"CRPS","GDPC1","-1/3","GP","sv","svd","b","post2020-outl",0,0,0
"CRPS","GDPC1","-1/3","GP","sv","svd","f","post2020-outl",0,0,0
"CRPS","GDPC1","-1/3","GP","sv","br","s","post2020-outl",1,1,2
"CRPS","GDPC1","-1/3","GP","sv","br","b","post2020-outl",0,1,1
"CRPS","GDPC1","-1/3","GP","sv","br","f","post2020-outl",0,0,0
"CRPS","GDPC1","-1/3","GP","sv","eq","s","post2020-outl",0,0,0
"CRPS","GDPC1","-1/3","GP","sv","eq","b","post2020-outl",0,0,0
"CRPS","GDPC1","-1/3","GP","sv","eq","f","post2020-outl",0,0,0
"CRPS","GDPC1","-1/3","GP","sv","xalm","s","post2020-outl",1,1,2
"CRPS","GDPC1","-1/3","GP","sv","xalm","b","post2020-outl",1,1,2
"CRPS","GDPC1","-1/3","GP","sv","xalm","f","post2020-outl",0,1,1
"CRPS","GDPC1","-1/3","GP","sv","alm3","s","post2020-outl",0,0,0
"CRPS","GDPC1","-1/3","GP","sv","alm3","b","post2020-outl",0,0,0
"CRPS","GDPC1","-1/3","GP","sv","alm3","f","post2020-outl",0,0,0
"CRPS","GDPC1","-1/3","GP","sv","leg3","s","post2020-outl",0,0,0
"CRPS","GDPC1","-1/3","GP","sv","leg3","b","post2020-outl",0,0,0
"CRPS","GDPC1","-1/3","GP","sv","leg3","f","post2020-outl",0,0,0
"CRPS","GDPC1","-1/3","GP","sv","leg5","s","post2020-outl",1,1,2
"CRPS","GDPC1","-1/3","GP","sv","leg5","b","post2020-outl",0,0,0
"CRPS","GDPC1","-1/3","GP","sv","leg5","f","post2020-outl",0,0,0
"CRPS","GDPC1","-1/3","GP","sv","ber3","s","post2020-outl",1,1,2
"CRPS","GDPC1","-1/3","GP","sv","ber3","b","post2020-outl",0,1,1
"CRPS","GDPC1","-1/3","GP","sv","ber3","f","post2020-outl",0,0,0
"CRPS","GDPC1","-1/3","GP","sv","ber5","s","post2020-outl",1,1,2
"CRPS","GDPC1","-1/3","GP","sv","ber5","b","post2020-outl",0,0,0
"CRPS","GDPC1","-1/3","GP","sv","ber5","f","post2020-outl",0,0,0
"CRPS","GDPC1","-1/3","GP","sv","fou3","s","post2020-outl",1,1,2
"CRPS","GDPC1","-1/3","GP","sv","fou3","b","post2020-outl",0,0,0
"CRPS","GDPC1","-1/3","GP","sv","fou3","f","post2020-outl",0,1,1
"CRPS","GDPC1","-1/3","MFVAR","hom","blu","s","post2020-outl",1,1,2
"CRPS","GDPC1","-1/3","MFVAR","hom","blu","f","post2020-outl",0,0,0
"CRPS","GDPC1","-1/3","MFVAR","sv","blu","s","post2020-outl",0,0,0
"CRPS","GDPC1","-1/3","MFVAR","sv","blu","f","post2020-outl",0,0,0
"CRPS","GDPCTPI","-1/3","BLR","hom","blu","s","post2020-outl",0,0,0
"CRPS","GDPCTPI","-1/3","BLR","hom","blu","b","post2020-outl",0,0,0
"CRPS","GDPCTPI","-1/3","BLR","hom","blu","f","post2020-outl",0,0,0
"CRPS","GDPCTPI","-1/3","BLR","hom","svd","s","post2020-outl",0,0,0
"CRPS","GDPCTPI","-1/3","BLR","hom","svd","b","post2020-outl",0,0,0
"CRPS","GDPCTPI","-1/3","BLR","hom","svd","f","post2020-outl",0,0,0
"CRPS","GDPCTPI","-1/3","BLR","hom","br","s","post2020-outl",0,0,0
"CRPS","GDPCTPI","-1/3","BLR","hom","br","b","post2020-outl",1,1,2
"CRPS","GDPCTPI","-1/3","BLR","hom","br","f","post2020-outl",0,0,0
"CRPS","GDPCTPI","-1/3","BLR","hom","eq","s","post2020-outl",0,0,0
"CRPS","GDPCTPI","-1/3","BLR","hom","eq","b","post2020-outl",0,0,0
"CRPS","GDPCTPI","-1/3","BLR","hom","eq","f","post2020-outl",0,0,0
"CRPS","GDPCTPI","-1/3","BLR","hom","xalm","s","post2020-outl",0,0,0
"CRPS","GDPCTPI","-1/3","BLR","hom","xalm","b","post2020-outl",1,1,2
"CRPS","GDPCTPI","-1/3","BLR","hom","xalm","f","post2020-outl",0,0,0
"CRPS","GDPCTPI","-1/3","BLR","hom","alm3","s","post2020-outl",0,0,0
"CRPS","GDPCTPI","-1/3","BLR","hom","alm3","b","post2020-outl",1,1,2
"CRPS","GDPCTPI","-1/3","BLR","hom","alm3","f","post2020-outl",0,0,0
"CRPS","GDPCTPI","-1/3","BLR","hom","leg3","s","post2020-outl",1,1,2
"CRPS","GDPCTPI","-1/3","BLR","hom","leg3","b","post2020-outl",0,0,0
"CRPS","GDPCTPI","-1/3","BLR","hom","leg3","f","post2020-outl",0,0,0
"CRPS","GDPCTPI","-1/3","BLR","hom","leg5","s","post2020-outl",1,1,2
"CRPS","GDPCTPI","-1/3","BLR","hom","leg5","b","post2020-outl",0,0,0
"CRPS","GDPCTPI","-1/3","BLR","hom","leg5","f","post2020-outl",0,0,0
"CRPS","GDPCTPI","-1/3","BLR","hom","ber3","s","post2020-outl",0,0,0
"CRPS","GDPCTPI","-1/3","BLR","hom","ber3","b","post2020-outl",1,1,2
"CRPS","GDPCTPI","-1/3","BLR","hom","ber3","f","post2020-outl",0,0,0
"CRPS","GDPCTPI","-1/3","BLR","hom","ber5","s","post2020-outl",0,0,0
"CRPS","GDPCTPI","-1/3","BLR","hom","ber5","b","post2020-outl",1,1,2
"CRPS","GDPCTPI","-1/3","BLR","hom","ber5","f","post2020-outl",0,0,0
"CRPS","GDPCTPI","-1/3","BLR","hom","fou3","s","post2020-outl",0,0,0
"CRPS","GDPCTPI","-1/3","BLR","hom","fou3","b","post2020-outl",1,1,2
"CRPS","GDPCTPI","-1/3","BLR","hom","fou3","f","post2020-outl",0,0,0
"CRPS","GDPCTPI","-1/3","BART","hom","blu","s","post2020-outl",1,1,2
"CRPS","GDPCTPI","-1/3","BART","hom","blu","b","post2020-outl",1,1,2
"CRPS","GDPCTPI","-1/3","BART","hom","blu","f","post2020-outl",0,1,1
"CRPS","GDPCTPI","-1/3","BART","hom","svd","s","post2020-outl",0,0,0
"CRPS","GDPCTPI","-1/3","BART","hom","svd","b","post2020-outl",0,0,0
"CRPS","GDPCTPI","-1/3","BART","hom","svd","f","post2020-outl",0,0,0
"CRPS","GDPCTPI","-1/3","BART","hom","br","s","post2020-outl",0,0,0
"CRPS","GDPCTPI","-1/3","BART","hom","br","b","post2020-outl",1,1,2
"CRPS","GDPCTPI","-1/3","BART","hom","br","f","post2020-outl",0,0,0
"CRPS","GDPCTPI","-1/3","BART","hom","eq","s","post2020-outl",0,0,0
"CRPS","GDPCTPI","-1/3","BART","hom","eq","b","post2020-outl",0,0,0
"CRPS","GDPCTPI","-1/3","BART","hom","eq","f","post2020-outl",0,0,0
"CRPS","GDPCTPI","-1/3","BART","hom","xalm","s","post2020-outl",0,0,0
"CRPS","GDPCTPI","-1/3","BART","hom","xalm","b","post2020-outl",0,0,0
"CRPS","GDPCTPI","-1/3","BART","hom","xalm","f","post2020-outl",0,0,0
"CRPS","GDPCTPI","-1/3","BART","hom","alm3","s","post2020-outl",0,0,0
"CRPS","GDPCTPI","-1/3","BART","hom","alm3","b","post2020-outl",0,0,0
"CRPS","GDPCTPI","-1/3","BART","hom","alm3","f","post2020-outl",0,0,0
"CRPS","GDPCTPI","-1/3","BART","hom","leg3","s","post2020-outl",1,1,2
"CRPS","GDPCTPI","-1/3","BART","hom","leg3","b","post2020-outl",1,1,2
"CRPS","GDPCTPI","-1/3","BART","hom","leg3","f","post2020-outl",0,1,1
"CRPS","GDPCTPI","-1/3","BART","hom","leg5","s","post2020-outl",1,1,2
"CRPS","GDPCTPI","-1/3","BART","hom","leg5","b","post2020-outl",1,1,2
"CRPS","GDPCTPI","-1/3","BART","hom","leg5","f","post2020-outl",0,0,0
"CRPS","GDPCTPI","-1/3","BART","hom","ber3","s","post2020-outl",1,1,2
"CRPS","GDPCTPI","-1/3","BART","hom","ber3","b","post2020-outl",1,1,2
"CRPS","GDPCTPI","-1/3","BART","hom","ber3","f","post2020-outl",0,0,0
"CRPS","GDPCTPI","-1/3","BART","hom","ber5","s","post2020-outl",1,1,2
"CRPS","GDPCTPI","-1/3","BART","hom","ber5","b","post2020-outl",1,1,2
"CRPS","GDPCTPI","-1/3","BART","hom","ber5","f","post2020-outl",0,0,0
"CRPS","GDPCTPI","-1/3","BART","hom","fou3","s","post2020-outl",0,0,0
"CRPS","GDPCTPI","-1/3","BART","hom","fou3","b","post2020-outl",1,1,2
"CRPS","GDPCTPI","-1/3","BART","hom","fou3","f","post2020-outl",0,0,0
"CRPS","GDPCTPI","-1/3","GP","hom","blu","s","post2020-outl",0,0,0
"CRPS","GDPCTPI","-1/3","GP","hom","blu","b","post2020-outl",0,0,0
"CRPS","GDPCTPI","-1/3","GP","hom","blu","f","post2020-outl",0,0,0
"CRPS","GDPCTPI","-1/3","GP","hom","svd","s","post2020-outl",1,1,2
"CRPS","GDPCTPI","-1/3","GP","hom","svd","b","post2020-outl",1,1,2
"CRPS","GDPCTPI","-1/3","GP","hom","svd","f","post2020-outl",1,1,2
"CRPS","GDPCTPI","-1/3","GP","hom","br","s","post2020-outl",1,1,2
"CRPS","GDPCTPI","-1/3","GP","hom","br","b","post2020-outl",0,0,0
"CRPS","GDPCTPI","-1/3","GP","hom","br","f","post2020-outl",1,1,2
"CRPS","GDPCTPI","-1/3","GP","hom","eq","s","post2020-outl",0,1,1
"CRPS","GDPCTPI","-1/3","GP","hom","eq","b","post2020-outl",1,1,2
"CRPS","GDPCTPI","-1/3","GP","hom","eq","f","post2020-outl",1,1,2
"CRPS","GDPCTPI","-1/3","GP","hom","xalm","s","post2020-outl",1,1,2
"CRPS","GDPCTPI","-1/3","GP","hom","xalm","b","post2020-outl",1,1,2
"CRPS","GDPCTPI","-1/3","GP","hom","xalm","f","post2020-outl",0,0,0
"CRPS","GDPCTPI","-1/3","GP","hom","alm3","s","post2020-outl",1,1,2
"CRPS","GDPCTPI","-1/3","GP","hom","alm3","b","post2020-outl",1,1,2
"CRPS","GDPCTPI","-1/3","GP","hom","alm3","f","post2020-outl",0,0,0
"CRPS","GDPCTPI","-1/3","GP","hom","leg3","s","post2020-outl",0,0,0
"CRPS","GDPCTPI","-1/3","GP","hom","leg3","b","post2020-outl",0,0,0
"CRPS","GDPCTPI","-1/3","GP","hom","leg3","f","post2020-outl",0,0,0
"CRPS","GDPCTPI","-1/3","GP","hom","leg5","s","post2020-outl",0,0,0
"CRPS","GDPCTPI","-1/3","GP","hom","leg5","b","post2020-outl",0,0,0
"CRPS","GDPCTPI","-1/3","GP","hom","leg5","f","post2020-outl",0,0,0
"CRPS","GDPCTPI","-1/3","GP","hom","ber3","s","post2020-outl",1,1,2
"CRPS","GDPCTPI","-1/3","GP","hom","ber3","b","post2020-outl",1,1,2
"CRPS","GDPCTPI","-1/3","GP","hom","ber3","f","post2020-outl",0,0,0
"CRPS","GDPCTPI","-1/3","GP","hom","ber5","s","post2020-outl",1,1,2
"CRPS","GDPCTPI","-1/3","GP","hom","ber5","b","post2020-outl",1,1,2
"CRPS","GDPCTPI","-1/3","GP","hom","ber5","f","post2020-outl",1,1,2
"CRPS","GDPCTPI","-1/3","GP","hom","fou3","s","post2020-outl",1,1,2
"CRPS","GDPCTPI","-1/3","GP","hom","fou3","b","post2020-outl",1,1,2
"CRPS","GDPCTPI","-1/3","GP","hom","fou3","f","post2020-outl",0,0,0
"CRPS","GDPCTPI","-1/3","BLR","sv","blu","s","post2020-outl",1,1,2
"CRPS","GDPCTPI","-1/3","BLR","sv","blu","b","post2020-outl",0,0,0
"CRPS","GDPCTPI","-1/3","BLR","sv","blu","f","post2020-outl",1,1,2
"CRPS","GDPCTPI","-1/3","BLR","sv","svd","s","post2020-outl",1,1,2
"CRPS","GDPCTPI","-1/3","BLR","sv","svd","b","post2020-outl",1,1,2
"CRPS","GDPCTPI","-1/3","BLR","sv","svd","f","post2020-outl",1,1,2
"CRPS","GDPCTPI","-1/3","BLR","sv","br","s","post2020-outl",1,1,2
"CRPS","GDPCTPI","-1/3","BLR","sv","br","b","post2020-outl",1,1,2
"CRPS","GDPCTPI","-1/3","BLR","sv","br","f","post2020-outl",0,0,0
"CRPS","GDPCTPI","-1/3","BLR","sv","eq","s","post2020-outl",1,1,2
"CRPS","GDPCTPI","-1/3","BLR","sv","eq","b","post2020-outl",1,1,2
"CRPS","GDPCTPI","-1/3","BLR","sv","eq","f","post2020-outl",0,0,0
"CRPS","GDPCTPI","-1/3","BLR","sv","xalm","s","post2020-outl",1,1,2
"CRPS","GDPCTPI","-1/3","BLR","sv","xalm","b","post2020-outl",1,1,2
"CRPS","GDPCTPI","-1/3","BLR","sv","xalm","f","post2020-outl",0,0,0
"CRPS","GDPCTPI","-1/3","BLR","sv","alm3","s","post2020-outl",1,1,2
"CRPS","GDPCTPI","-1/3","BLR","sv","alm3","b","post2020-outl",1,1,2
"CRPS","GDPCTPI","-1/3","BLR","sv","alm3","f","post2020-outl",0,0,0
"CRPS","GDPCTPI","-1/3","BLR","sv","leg3","s","post2020-outl",1,1,2
"CRPS","GDPCTPI","-1/3","BLR","sv","leg3","b","post2020-outl",0,0,0
"CRPS","GDPCTPI","-1/3","BLR","sv","leg3","f","post2020-outl",0,0,0
"CRPS","GDPCTPI","-1/3","BLR","sv","leg5","s","post2020-outl",1,1,2
"CRPS","GDPCTPI","-1/3","BLR","sv","leg5","b","post2020-outl",1,1,2
"CRPS","GDPCTPI","-1/3","BLR","sv","leg5","f","post2020-outl",0,0,0
"CRPS","GDPCTPI","-1/3","BLR","sv","ber3","s","post2020-outl",1,1,2
"CRPS","GDPCTPI","-1/3","BLR","sv","ber3","b","post2020-outl",1,1,2
"CRPS","GDPCTPI","-1/3","BLR","sv","ber3","f","post2020-outl",1,1,2
"CRPS","GDPCTPI","-1/3","BLR","sv","ber5","s","post2020-outl",1,1,2
"CRPS","GDPCTPI","-1/3","BLR","sv","ber5","b","post2020-outl",1,1,2
"CRPS","GDPCTPI","-1/3","BLR","sv","ber5","f","post2020-outl",1,1,2
"CRPS","GDPCTPI","-1/3","BLR","sv","fou3","s","post2020-outl",1,1,2
"CRPS","GDPCTPI","-1/3","BLR","sv","fou3","b","post2020-outl",1,1,2
"CRPS","GDPCTPI","-1/3","BLR","sv","fou3","f","post2020-outl",0,0,0
"CRPS","GDPCTPI","-1/3","BART","sv","blu","s","post2020-outl",1,1,2
"CRPS","GDPCTPI","-1/3","BART","sv","blu","b","post2020-outl",0,0,0
"CRPS","GDPCTPI","-1/3","BART","sv","blu","f","post2020-outl",0,1,1
"CRPS","GDPCTPI","-1/3","BART","sv","svd","s","post2020-outl",0,0,0
"CRPS","GDPCTPI","-1/3","BART","sv","svd","b","post2020-outl",0,0,0
"CRPS","GDPCTPI","-1/3","BART","sv","svd","f","post2020-outl",0,0,0
"CRPS","GDPCTPI","-1/3","BART","sv","br","s","post2020-outl",0,0,0
"CRPS","GDPCTPI","-1/3","BART","sv","br","b","post2020-outl",0,0,0
"CRPS","GDPCTPI","-1/3","BART","sv","br","f","post2020-outl",0,0,0
"CRPS","GDPCTPI","-1/3","BART","sv","eq","s","post2020-outl",0,0,0
"CRPS","GDPCTPI","-1/3","BART","sv","eq","b","post2020-outl",0,0,0
"CRPS","GDPCTPI","-1/3","BART","sv","eq","f","post2020-outl",0,0,0
"CRPS","GDPCTPI","-1/3","BART","sv","xalm","s","post2020-outl",0,0,0
"CRPS","GDPCTPI","-1/3","BART","sv","xalm","b","post2020-outl",0,0,0
"CRPS","GDPCTPI","-1/3","BART","sv","xalm","f","post2020-outl",0,0,0
"CRPS","GDPCTPI","-1/3","BART","sv","alm3","s","post2020-outl",0,0,0
"CRPS","GDPCTPI","-1/3","BART","sv","alm3","b","post2020-outl",0,0,0
"CRPS","GDPCTPI","-1/3","BART","sv","alm3","f","post2020-outl",0,0,0
"CRPS","GDPCTPI","-1/3","BART","sv","leg3","s","post2020-outl",1,1,2
"CRPS","GDPCTPI","-1/3","BART","sv","leg3","b","post2020-outl",0,0,0
"CRPS","GDPCTPI","-1/3","BART","sv","leg3","f","post2020-outl",0,0,0
"CRPS","GDPCTPI","-1/3","BART","sv","leg5","s","post2020-outl",0,0,0
"CRPS","GDPCTPI","-1/3","BART","sv","leg5","b","post2020-outl",0,0,0
"CRPS","GDPCTPI","-1/3","BART","sv","leg5","f","post2020-outl",0,0,0
"CRPS","GDPCTPI","-1/3","BART","sv","ber3","s","post2020-outl",1,1,2
"CRPS","GDPCTPI","-1/3","BART","sv","ber3","b","post2020-outl",0,0,0
"CRPS","GDPCTPI","-1/3","BART","sv","ber3","f","post2020-outl",0,0,0
"CRPS","GDPCTPI","-1/3","BART","sv","ber5","s","post2020-outl",1,1,2
"CRPS","GDPCTPI","-1/3","BART","sv","ber5","b","post2020-outl",0,0,0
"CRPS","GDPCTPI","-1/3","BART","sv","ber5","f","post2020-outl",0,0,0
"CRPS","GDPCTPI","-1/3","BART","sv","fou3","s","post2020-outl",0,0,0
"CRPS","GDPCTPI","-1/3","BART","sv","fou3","b","post2020-outl",0,0,0
"CRPS","GDPCTPI","-1/3","BART","sv","fou3","f","post2020-outl",0,0,0
"CRPS","GDPCTPI","-1/3","GP","sv","blu","s","post2020-outl",1,1,2
"CRPS","GDPCTPI","-1/3","GP","sv","blu","b","post2020-outl",0,0,0
"CRPS","GDPCTPI","-1/3","GP","sv","blu","f","post2020-outl",1,1,2
"CRPS","GDPCTPI","-1/3","GP","sv","svd","s","post2020-outl",1,1,2
"CRPS","GDPCTPI","-1/3","GP","sv","svd","b","post2020-outl",1,1,2
"CRPS","GDPCTPI","-1/3","GP","sv","svd","f","post2020-outl",1,1,2
"CRPS","GDPCTPI","-1/3","GP","sv","br","s","post2020-outl",1,1,2
"CRPS","GDPCTPI","-1/3","GP","sv","br","b","post2020-outl",0,1,1
"CRPS","GDPCTPI","-1/3","GP","sv","br","f","post2020-outl",1,1,2
"CRPS","GDPCTPI","-1/3","GP","sv","eq","s","post2020-outl",1,1,2
"CRPS","GDPCTPI","-1/3","GP","sv","eq","b","post2020-outl",1,1,2
"CRPS","GDPCTPI","-1/3","GP","sv","eq","f","post2020-outl",1,1,2
"CRPS","GDPCTPI","-1/3","GP","sv","xalm","s","post2020-outl",1,1,2
"CRPS","GDPCTPI","-1/3","GP","sv","xalm","b","post2020-outl",1,1,2
"CRPS","GDPCTPI","-1/3","GP","sv","xalm","f","post2020-outl",1,1,2
"CRPS","GDPCTPI","-1/3","GP","sv","alm3","s","post2020-outl",1,1,2
"CRPS","GDPCTPI","-1/3","GP","sv","alm3","b","post2020-outl",1,1,2
"CRPS","GDPCTPI","-1/3","GP","sv","alm3","f","post2020-outl",0,0,0
"CRPS","GDPCTPI","-1/3","GP","sv","leg3","s","post2020-outl",1,1,2
"CRPS","GDPCTPI","-1/3","GP","sv","leg3","b","post2020-outl",0,0,0
"CRPS","GDPCTPI","-1/3","GP","sv","leg3","f","post2020-outl",0,1,1
"CRPS","GDPCTPI","-1/3","GP","sv","leg5","s","post2020-outl",1,1,2
"CRPS","GDPCTPI","-1/3","GP","sv","leg5","b","post2020-outl",0,0,0
"CRPS","GDPCTPI","-1/3","GP","sv","leg5","f","post2020-outl",0,0,0
"CRPS","GDPCTPI","-1/3","GP","sv","ber3","s","post2020-outl",1,1,2
"CRPS","GDPCTPI","-1/3","GP","sv","ber3","b","post2020-outl",1,1,2
"CRPS","GDPCTPI","-1/3","GP","sv","ber3","f","post2020-outl",1,1,2
"CRPS","GDPCTPI","-1/3","GP","sv","ber5","s","post2020-outl",1,1,2
"CRPS","GDPCTPI","-1/3","GP","sv","ber5","b","post2020-outl",0,1,1
"CRPS","GDPCTPI","-1/3","GP","sv","ber5","f","post2020-outl",1,1,2
"CRPS","GDPCTPI","-1/3","GP","sv","fou3","s","post2020-outl",1,1,2
"CRPS","GDPCTPI","-1/3","GP","sv","fou3","b","post2020-outl",1,1,2
"CRPS","GDPCTPI","-1/3","GP","sv","fou3","f","post2020-outl",0,0,0
"CRPS","GDPCTPI","-1/3","MFVAR","hom","blu","s","post2020-outl",0,0,0
"CRPS","GDPCTPI","-1/3","MFVAR","hom","blu","f","post2020-outl",0,0,0
"CRPS","GDPCTPI","-1/3","MFVAR","sv","blu","s","post2020-outl",0,0,0
"CRPS","GDPCTPI","-1/3","MFVAR","sv","blu","f","post2020-outl",0,0,0
